<?xml version="1.0" encoding="UTF-8"?>
<gpx version="1.1" creator="DMD HUB GPX Planner"
     xmlns="http://www.topografix.com/GPX/1/1"
     xmlns:xsi="http://www.w3.org/2001/XMLSchema-instance"
     xmlns:rumo="https://www.rumoadventures.com/xmlschemas/GpxExtensions/v1"
     xmlns:gpxx="http://www.garmin.com/xmlschemas/GpxExtensions/v3"
     xmlns:dmd="https://dmdnavigation.com/ns/gpx/1"
     xsi:schemaLocation="http://www.topografix.com/GPX/1/1 http://www.topografix.com/GPX/1/1/gpx.xsd https://www.rumoadventures.com/xmlschemas/GpxExtensions/v1 https://www.rumoadventures.com/xmlschemas/GpxExtensions/v1.xsd http://www.garmin.com/xmlschemas/GpxExtensions/v3 http://www8.garmin.com/xmlschemas/GpxExtensionsv3.xsd https://dmdnavigation.com/ns/gpx/1 https://dmdnavigation.com/ns/gpx/1/dmd-gpx-1.xsd">
  <metadata>
    <name>DMD_Planned</name>
    <desc>TET Bulgaria section 02 &amp; 03 - From Belmeken to Devin</desc>
    <author>
      <name>Tshushko Moto</name>
      <email id="contact" domain="twistandsmile.com"/>
      <link href="https://www.tshushko-moto.com">
        <text>Tshushko Moto</text>
      </link>
    </author>
    <link href="https://www.tshushko-moto.com"/>
    <time>2026-09-26T11:46:51.774Z</time>
    <bounds minlat="41.686323" minlon="23.616715" maxlat="42.174119" maxlon="24.400871" />
  </metadata>
  <wpt lat="42.174118916045" lon="23.815898944122">
    <name>Start - Belmeken Reservoir</name>
  </wpt>
  <wpt lat="41.972725659395" lon="23.755286073912">
    <name>Veliytsa Shelter</name>
    <sym>Lodging</sym>
  </wpt>
  <wpt lat="41.735666571284" lon="24.06025883025">
    <name>Hard off-road - Turn back point</name>
    <sym>ATV</sym>
  </wpt>
  <wpt lat="41.738518538374" lon="24.400757345671">
    <name>Devin</name>
  </wpt>
  <trk>
    <name>TET BG 02</name>
    <number>1</number>
    <extensions>
      <gpxx:TrackExtension>
        <gpxx:DisplayColor>Blue</gpxx:DisplayColor>
      </gpxx:TrackExtension>
      <dmd:PreRendered version="1" hash="sha256:6324a126c721dc08" profile="">
        <dmd:Surface>
          <dmd:S s="0" e="2" sf="asphalt" hw="unclassified" p="1"/>
          <dmd:S s="2" e="9" sf="asphalt" hw="unclassified" p="1" sm="intermediate"/>
          <dmd:S s="9" e="10" sf="" hw="tertiary_link" p="1"/>
          <dmd:S s="10" e="11" sf="" hw="residential" p="1"/>
          <dmd:S s="11" e="13" sf="asphalt" hw="tertiary" p="1" sm="good"/>
          <dmd:S s="13" e="34" sf="asphalt" hw="tertiary" p="1" sm="bad"/>
          <dmd:S s="34" e="35" sf="asphalt" hw="tertiary" p="1"/>
          <dmd:S s="35" e="36" sf="" hw="unclassified" p="1"/>
          <dmd:S s="36" e="37" sf="asphalt" hw="tertiary" p="1"/>
          <dmd:S s="37" e="97" sf="asphalt" hw="primary" p="1" sm="good"/>
          <dmd:S s="97" e="101" sf="" hw="tertiary" p="1"/>
          <dmd:S s="101" e="102" sf="" hw="residential" p="1"/>
          <dmd:S s="102" e="106" sf="" hw="tertiary" p="1"/>
          <dmd:S s="106" e="108" sf="asphalt" hw="tertiary" p="1" sm="excellent"/>
          <dmd:S s="108" e="109" sf="asphalt" hw="tertiary" p="1"/>
          <dmd:S s="109" e="121" sf="" hw="tertiary" p="1"/>
          <dmd:S s="121" e="122" sf="" hw="residential" p="1"/>
          <dmd:S s="122" e="125" sf="" hw="tertiary" p="1"/>
          <dmd:S s="125" e="135" sf="" hw="residential" p="1"/>
          <dmd:S s="135" e="151" sf="unpaved" hw="track" p="0"/>
          <dmd:S s="151" e="152" sf="" hw="track" p="0"/>
          <dmd:S s="152" e="159" sf="unpaved" hw="track" p="0"/>
          <dmd:S s="159" e="227" sf="" hw="track" p="0"/>
          <dmd:S s="227" e="234" sf="" hw="tertiary" p="1" sm="intermediate"/>
          <dmd:S s="234" e="235" sf="" hw="track" p="0"/>
          <dmd:S s="235" e="238" sf="" hw="tertiary" p="1" sm="intermediate"/>
          <dmd:S s="238" e="239" sf="" hw="residential" p="1"/>
          <dmd:S s="239" e="241" sf="" hw="tertiary" p="1" sm="intermediate"/>
          <dmd:S s="241" e="242" sf="" hw="residential" p="1"/>
          <dmd:S s="242" e="249" sf="" hw="tertiary" p="1" sm="intermediate"/>
          <dmd:S s="249" e="272" sf="" hw="residential" p="1"/>
          <dmd:S s="272" e="406" sf="" hw="" p="1" u="1"/>
          <dmd:S s="406" e="481" sf="" hw="track" p="0"/>
          <dmd:S s="481" e="507" sf="" hw="tertiary" p="1" sm="intermediate"/>
          <dmd:S s="507" e="508" sf="" hw="tertiary" p="1" sm="bad"/>
          <dmd:S s="508" e="512" sf="" hw="unclassified" p="1"/>
          <dmd:S s="512" e="523" sf="" hw="residential" p="1"/>
          <dmd:S s="523" e="531" sf="" hw="track" p="0"/>
          <dmd:S s="531" e="545" sf="" hw="" p="1" u="1"/>
          <dmd:S s="545" e="563" sf="" hw="track" p="0"/>
          <dmd:S s="563" e="569" sf="" hw="" p="1" u="1"/>
          <dmd:S s="569" e="746" sf="" hw="track" p="0"/>
          <dmd:S s="746" e="778" sf="asphalt" hw="track" p="1" tt="grade1"/>
          <dmd:S s="778" e="799" sf="" hw="tertiary" p="1" sm="bad"/>
          <dmd:S s="799" e="846" sf="" hw="unclassified" p="1"/>
          <dmd:S s="846" e="848" sf="" hw="residential" p="1"/>
          <dmd:S s="848" e="913" sf="" hw="unclassified" p="1"/>
          <dmd:S s="913" e="976" sf="ground" hw="track" p="0" tt="grade3"/>
          <dmd:S s="976" e="985" sf="grass" hw="track" p="0" tt="grade5"/>
          <dmd:S s="985" e="1201" sf="" hw="track" p="0"/>
          <dmd:S s="1201" e="1207" sf="asphalt" hw="motorway_link" p="1" sm="good"/>
          <dmd:S s="1207" e="1218" sf="asphalt" hw="primary" p="1" sm="intermediate"/>
          <dmd:S s="1218" e="1230" sf="" hw="unclassified" p="1"/>
          <dmd:S s="1230" e="1233" sf="asphalt" hw="tertiary" p="1" sm="intermediate"/>
          <dmd:S s="1233" e="1234" sf="" hw="residential" p="1"/>
          <dmd:S s="1234" e="1235" sf="asphalt" hw="tertiary" p="1" sm="intermediate"/>
          <dmd:S s="1235" e="1236" sf="" hw="residential" p="1"/>
          <dmd:S s="1236" e="1241" sf="" hw="unclassified" p="1"/>
          <dmd:S s="1241" e="1243" sf="asphalt" hw="unclassified" p="1"/>
          <dmd:S s="1243" e="1244" sf="asphalt" hw="construction" p="1"/>
          <dmd:S s="1244" e="1246" sf="asphalt" hw="unclassified" p="1"/>
          <dmd:S s="1246" e="1260" sf="" hw="unclassified" p="1"/>
          <dmd:S s="1260" e="1263" sf="" hw="residential" p="1"/>
          <dmd:S s="1263" e="1264" sf="" hw="unclassified" p="1" sm="bad"/>
          <dmd:S s="1264" e="1265" sf="" hw="residential" p="1"/>
          <dmd:S s="1265" e="1286" sf="" hw="unclassified" p="1" sm="bad"/>
          <dmd:S s="1286" e="1299" sf="" hw="residential" p="1"/>
          <dmd:S s="1299" e="1469" sf="" hw="track" p="0"/>
          <dmd:S s="1469" e="1474" sf="" hw="path" p="0"/>
          <dmd:S s="1474" e="1476" sf="" hw="residential" p="1"/>
          <dmd:S s="1476" e="1478" sf="" hw="unclassified" p="1"/>
          <dmd:S s="1478" e="1485" sf="" hw="residential" p="1"/>
          <dmd:S s="1485" e="1538" sf="" hw="unclassified" p="1" sm="good"/>
          <dmd:S s="1538" e="1539" sf="" hw="residential" p="1"/>
          <dmd:S s="1539" e="1546" sf="" hw="unclassified" p="1" sm="good"/>
          <dmd:S s="1546" e="1547" sf="" hw="residential" p="1"/>
          <dmd:S s="1547" e="1548" sf="" hw="unclassified" p="1" sm="good"/>
          <dmd:S s="1548" e="1549" sf="" hw="residential" p="1"/>
          <dmd:S s="1549" e="1567" sf="" hw="unclassified" p="1" sm="good"/>
          <dmd:S s="1567" e="1574" sf="paved" hw="tertiary" p="1" sm="bad"/>
          <dmd:S s="1574" e="1614" sf="" hw="unclassified" p="1"/>
          <dmd:S s="1614" e="1635" sf="asphalt" hw="secondary" p="1" sm="intermediate"/>
          <dmd:S s="1635" e="1655" sf="" hw="" p="1" u="1"/>
          <dmd:S s="1655" e="1768" sf="" hw="track" p="0"/>
          <dmd:S s="1768" e="1780" sf="paved" hw="unclassified" p="1"/>
          <dmd:S s="1780" e="1785" sf="" hw="residential" p="1"/>
          <dmd:S s="1785" e="1786" sf="asphalt" hw="unclassified" p="1" sm="intermediate"/>
          <dmd:S s="1786" e="1787" sf="" hw="residential" p="1"/>
          <dmd:S s="1787" e="1788" sf="asphalt" hw="unclassified" p="1" sm="intermediate"/>
          <dmd:S s="1788" e="1793" sf="asphalt" hw="unclassified" p="1" sm="good"/>
          <dmd:S s="1793" e="1795" sf="" hw="residential" p="1"/>
          <dmd:S s="1795" e="1797" sf="asphalt" hw="unclassified" p="1" sm="good"/>
          <dmd:S s="1797" e="1798" sf="" hw="residential" p="1"/>
          <dmd:S s="1798" e="1815" sf="asphalt" hw="unclassified" p="1" sm="good"/>
          <dmd:S s="1815" e="1827" sf="" hw="unclassified" p="1" sm="good"/>
          <dmd:S s="1827" e="1830" sf="asphalt" hw="service" p="1" sm="good"/>
          <dmd:S s="1830" e="1837" sf="asphalt" hw="service" p="1"/>
          <dmd:S s="1837" e="1840" sf="asphalt" hw="service" p="1" sm="good"/>
          <dmd:S s="1840" e="1851" sf="" hw="unclassified" p="1" sm="good"/>
          <dmd:S s="1851" e="1862" sf="asphalt" hw="unclassified" p="1" sm="good"/>
          <dmd:S s="1862" e="1867" sf="asphalt" hw="residential" p="1"/>
          <dmd:S s="1867" e="1880" sf="" hw="residential" p="1"/>
          <dmd:S s="1880" e="2048" sf="" hw="track" p="0"/>
          <dmd:S s="2048" e="2145" sf="unpaved" hw="track" p="0" tt="grade2"/>
          <dmd:S s="2145" e="2146" sf="" hw="track" p="0"/>
          <dmd:S s="2146" e="2156" sf="unpaved" hw="track" p="0" tt="grade2"/>
          <dmd:S s="2156" e="2162" sf="" hw="track" p="0"/>
          <dmd:S s="2162" e="2345" sf="unpaved" hw="track" p="0" tt="grade2"/>
          <dmd:S s="2345" e="2491" sf="asphalt" hw="unclassified" p="1" sm="bad"/>
        </dmd:Surface>
        <dmd:Timing>
          <dmd:T s="0" e="2" t="4.6" spd="66.9"/>
          <dmd:T s="2" e="9" t="18.7" spd="66.9"/>
          <dmd:T s="9" e="10" t="1.7" spd="66.9"/>
          <dmd:T s="10" e="11" t="7.8" spd="66.9"/>
          <dmd:T s="11" e="13" t="5.1" spd="66.9"/>
          <dmd:T s="13" e="34" t="41.6" spd="66.9"/>
          <dmd:T s="34" e="35" t="1.2" spd="66.9"/>
          <dmd:T s="35" e="36" t="0.8" spd="66.9"/>
          <dmd:T s="36" e="37" t="0.6" spd="66.9"/>
          <dmd:T s="37" e="97" t="107.9" spd="66.9"/>
          <dmd:T s="97" e="101" t="3.0" spd="66.9"/>
          <dmd:T s="101" e="102" t="1.7" spd="66.9"/>
          <dmd:T s="102" e="106" t="11.6" spd="66.9"/>
          <dmd:T s="106" e="108" t="7.1" spd="66.9"/>
          <dmd:T s="108" e="109" t="2.0" spd="66.9"/>
          <dmd:T s="109" e="121" t="33.3" spd="66.9"/>
          <dmd:T s="121" e="122" t="1.4" spd="66.9"/>
          <dmd:T s="122" e="125" t="7.6" spd="66.9"/>
          <dmd:T s="125" e="135" t="24.1" spd="66.9"/>
          <dmd:T s="135" e="151" t="55.3" spd="41.8"/>
          <dmd:T s="151" e="152" t="5.8" spd="41.8"/>
          <dmd:T s="152" e="159" t="23.8" spd="41.8"/>
          <dmd:T s="159" e="227" t="337.0" spd="41.8"/>
          <dmd:T s="227" e="234" t="24.0" spd="66.9"/>
          <dmd:T s="234" e="235" t="0.2" spd="41.8"/>
          <dmd:T s="235" e="238" t="3.8" spd="66.9"/>
          <dmd:T s="238" e="239" t="3.6" spd="66.9"/>
          <dmd:T s="239" e="241" t="4.9" spd="66.9"/>
          <dmd:T s="241" e="242" t="1.9" spd="66.9"/>
          <dmd:T s="242" e="249" t="11.2" spd="66.9"/>
          <dmd:T s="249" e="272" t="67.9" spd="66.9"/>
          <dmd:T s="272" e="406" t="404.5" spd="66.9"/>
          <dmd:T s="406" e="481" t="359.8" spd="41.8"/>
          <dmd:T s="481" e="507" t="60.2" spd="66.9"/>
          <dmd:T s="507" e="508" t="0.6" spd="66.9"/>
          <dmd:T s="508" e="512" t="6.1" spd="66.9"/>
          <dmd:T s="512" e="523" t="36.8" spd="66.9"/>
          <dmd:T s="523" e="531" t="22.1" spd="41.8"/>
          <dmd:T s="531" e="545" t="32.3" spd="66.9"/>
          <dmd:T s="545" e="563" t="58.9" spd="41.8"/>
          <dmd:T s="563" e="569" t="18.0" spd="66.9"/>
          <dmd:T s="569" e="746" t="842.6" spd="41.8"/>
          <dmd:T s="746" e="778" t="47.9" spd="66.9"/>
          <dmd:T s="778" e="799" t="31.2" spd="66.9"/>
          <dmd:T s="799" e="846" t="56.5" spd="66.9"/>
          <dmd:T s="846" e="848" t="7.3" spd="66.9"/>
          <dmd:T s="848" e="913" t="144.9" spd="66.9"/>
          <dmd:T s="913" e="976" t="400.4" spd="41.8"/>
          <dmd:T s="976" e="985" t="19.3" spd="41.8"/>
          <dmd:T s="985" e="1201" t="654.1" spd="41.8"/>
          <dmd:T s="1201" e="1207" t="2.5" spd="66.9"/>
          <dmd:T s="1207" e="1218" t="8.4" spd="66.9"/>
          <dmd:T s="1218" e="1230" t="10.9" spd="66.9"/>
          <dmd:T s="1230" e="1233" t="6.4" spd="66.9"/>
          <dmd:T s="1233" e="1234" t="1.3" spd="66.9"/>
          <dmd:T s="1234" e="1235" t="1.2" spd="66.9"/>
          <dmd:T s="1235" e="1236" t="1.5" spd="66.9"/>
          <dmd:T s="1236" e="1241" t="6.5" spd="66.9"/>
          <dmd:T s="1241" e="1243" t="1.4" spd="66.9"/>
          <dmd:T s="1243" e="1244" t="1.8" spd="66.9"/>
          <dmd:T s="1244" e="1246" t="6.2" spd="66.9"/>
          <dmd:T s="1246" e="1260" t="13.2" spd="66.9"/>
          <dmd:T s="1260" e="1263" t="2.3" spd="66.9"/>
          <dmd:T s="1263" e="1264" t="0.7" spd="66.9"/>
          <dmd:T s="1264" e="1265" t="2.3" spd="66.9"/>
          <dmd:T s="1265" e="1286" t="15.0" spd="66.9"/>
          <dmd:T s="1286" e="1299" t="16.3" spd="66.9"/>
          <dmd:T s="1299" e="1469" t="331.4" spd="41.8"/>
          <dmd:T s="1469" e="1474" t="17.1" spd="41.8"/>
          <dmd:T s="1474" e="1476" t="2.6" spd="66.9"/>
          <dmd:T s="1476" e="1478" t="1.2" spd="66.9"/>
          <dmd:T s="1478" e="1485" t="6.4" spd="66.9"/>
          <dmd:T s="1485" e="1538" t="92.3" spd="66.9"/>
          <dmd:T s="1538" e="1539" t="1.3" spd="66.9"/>
          <dmd:T s="1539" e="1546" t="9.7" spd="66.9"/>
          <dmd:T s="1546" e="1547" t="1.4" spd="66.9"/>
          <dmd:T s="1547" e="1548" t="1.3" spd="66.9"/>
          <dmd:T s="1548" e="1549" t="4.7" spd="66.9"/>
          <dmd:T s="1549" e="1567" t="34.3" spd="66.9"/>
          <dmd:T s="1567" e="1574" t="9.7" spd="66.9"/>
          <dmd:T s="1574" e="1614" t="96.0" spd="66.9"/>
          <dmd:T s="1614" e="1635" t="71.4" spd="66.9"/>
          <dmd:T s="1635" e="1655" t="26.7" spd="66.9"/>
          <dmd:T s="1655" e="1768" t="332.4" spd="41.8"/>
          <dmd:T s="1768" e="1780" t="21.6" spd="66.9"/>
          <dmd:T s="1780" e="1785" t="8.2" spd="66.9"/>
          <dmd:T s="1785" e="1786" t="0.9" spd="66.9"/>
          <dmd:T s="1786" e="1787" t="4.9" spd="66.9"/>
          <dmd:T s="1787" e="1788" t="3.9" spd="66.9"/>
          <dmd:T s="1788" e="1793" t="23.3" spd="66.9"/>
          <dmd:T s="1793" e="1795" t="6.0" spd="66.9"/>
          <dmd:T s="1795" e="1797" t="9.5" spd="66.9"/>
          <dmd:T s="1797" e="1798" t="3.1" spd="66.9"/>
          <dmd:T s="1798" e="1815" t="47.1" spd="66.9"/>
          <dmd:T s="1815" e="1827" t="23.7" spd="66.9"/>
          <dmd:T s="1827" e="1830" t="4.0" spd="66.9"/>
          <dmd:T s="1830" e="1837" t="14.3" spd="66.9"/>
          <dmd:T s="1837" e="1840" t="3.4" spd="66.9"/>
          <dmd:T s="1840" e="1851" t="25.9" spd="66.9"/>
          <dmd:T s="1851" e="1862" t="33.5" spd="66.9"/>
          <dmd:T s="1862" e="1867" t="13.8" spd="66.9"/>
          <dmd:T s="1867" e="1880" t="27.9" spd="66.9"/>
          <dmd:T s="1880" e="2048" t="700.5" spd="41.8"/>
          <dmd:T s="2048" e="2145" t="328.9" spd="41.8"/>
          <dmd:T s="2145" e="2146" t="2.9" spd="41.8"/>
          <dmd:T s="2146" e="2156" t="32.3" spd="41.8"/>
          <dmd:T s="2156" e="2162" t="28.4" spd="41.8"/>
          <dmd:T s="2162" e="2345" t="1024.7" spd="41.8"/>
          <dmd:T s="2345" e="2491" t="714.9" spd="66.9"/>
        </dmd:Timing>
        <dmd:Warnings>
          <dmd:W type="SLOPE" lat="42.171675" lon="23.816621" dist="282" val="19.5"/>
          <dmd:W type="SLOPE" lat="42.168950" lon="23.815538" dist="705" val="15.9"/>
          <dmd:W type="SLOPE" lat="42.166793" lon="23.817158" dist="1036" val="15.9"/>
          <dmd:W type="SLOPE" lat="42.165924" lon="23.817018" dist="1226" val="53.0"/>
          <dmd:W type="SLOPE" lat="42.165120" lon="23.816149" dist="1365" val="23.0"/>
          <dmd:W type="SLOPE" lat="42.164143" lon="23.816471" dist="1478" val="34.1"/>
          <dmd:W type="SLOPE" lat="42.163081" lon="23.814787" dist="1719" val="15.8"/>
          <dmd:W type="SLOPE" lat="42.160721" lon="23.815098" dist="2016" val="32.2"/>
          <dmd:W type="SLOPE" lat="42.159852" lon="23.814744" dist="2131" val="18.7"/>
          <dmd:W type="SLOPE" lat="42.159390" lon="23.812780" dist="2316" val="31.0"/>
          <dmd:W type="SLOPE" lat="42.157964" lon="23.810581" dist="2562" val="17.9"/>
          <dmd:W type="SLOPE" lat="42.156279" lon="23.808167" dist="2946" val="18.1"/>
          <dmd:W type="SLOPE" lat="42.153490" lon="23.804723" dist="3375" val="24.8"/>
          <dmd:W type="SLOPE" lat="42.152352" lon="23.804669" dist="3503" val="33.4"/>
          <dmd:W type="SLOPE" lat="42.152824" lon="23.803790" dist="3673" val="21.4"/>
          <dmd:W type="SLOPE" lat="42.153318" lon="23.800442" dist="3967" val="22.8"/>
          <dmd:W type="SLOPE" lat="42.155496" lon="23.795636" dist="4548" val="15.8"/>
          <dmd:W type="SLOPE" lat="42.155432" lon="23.790475" dist="5007" val="33.4"/>
          <dmd:W type="SLOPE" lat="42.154176" lon="23.789166" dist="5185" val="25.7"/>
          <dmd:W type="SLOPE" lat="42.147664" lon="23.784456" dist="6325" val="18.3"/>
          <dmd:W type="SLOPE" lat="42.149327" lon="23.772107" dist="7423" val="16.4"/>
          <dmd:W type="SLOPE" lat="42.147932" lon="23.769768" dist="7692" val="29.4"/>
          <dmd:W type="SLOPE" lat="42.147224" lon="23.768910" dist="7798" val="16.4"/>
          <dmd:W type="SLOPE" lat="42.146730" lon="23.767805" dist="7904" val="32.1"/>
          <dmd:W type="SLOPE" lat="42.145164" lon="23.768717" dist="8118" val="29.3"/>
          <dmd:W type="SLOPE" lat="42.142975" lon="23.767226" dist="8392" val="25.0"/>
          <dmd:W type="SLOPE" lat="42.142175" lon="23.756592" dist="9898" val="15.8"/>
          <dmd:W type="SLOPE" lat="42.140703" lon="23.750516" dist="10465" val="16.1"/>
          <dmd:W type="SLOPE" lat="42.140894" lon="23.748912" dist="10600" val="20.2"/>
          <dmd:W type="SLOPE" lat="42.139328" lon="23.746444" dist="10873" val="32.7"/>
          <dmd:W type="SLOPE" lat="42.138416" lon="23.746186" dist="10979" val="23.3"/>
          <dmd:W type="SLOPE" lat="42.137636" lon="23.745689" dist="11089" val="52.8"/>
          <dmd:W type="SLOPE" lat="42.136728" lon="23.746104" dist="11203" val="15.0"/>
          <dmd:W type="SLOPE" lat="42.133706" lon="23.745672" dist="11749" val="16.9"/>
          <dmd:W type="SLOPE" lat="42.132075" lon="23.744556" dist="11960" val="28.4"/>
          <dmd:W type="SLOPE" lat="42.129951" lon="23.741691" dist="12324" val="15.5"/>
          <dmd:W type="SLOPE" lat="42.129028" lon="23.739910" dist="12509" val="16.6"/>
          <dmd:W type="SLOPE" lat="42.129028" lon="23.737861" dist="12683" val="27.3"/>
          <dmd:W type="SLOPE" lat="42.130101" lon="23.736134" dist="12872" val="17.7"/>
          <dmd:W type="SLOPE" lat="42.131860" lon="23.735018" dist="13094" val="34.4"/>
          <dmd:W type="SLOPE" lat="42.132279" lon="23.733827" dist="13204" val="39.7"/>
          <dmd:W type="SLOPE" lat="42.134521" lon="23.732421" dist="13480" val="23.9"/>
          <dmd:W type="SLOPE" lat="42.137171" lon="23.730587" dist="13814" val="19.2"/>
          <dmd:W type="SLOPE" lat="42.138169" lon="23.729986" dist="13936" val="16.2"/>
          <dmd:W type="SLOPE" lat="42.134542" lon="23.724546" dist="14807" val="25.2"/>
          <dmd:W type="SLOPE" lat="42.133555" lon="23.723463" dist="14951" val="20.2"/>
          <dmd:W type="SLOPE" lat="42.132761" lon="23.721939" dist="15108" val="16.4"/>
          <dmd:W type="SLOPE" lat="42.132139" lon="23.719965" dist="15305" val="17.2"/>
          <dmd:W type="SLOPE" lat="42.131184" lon="23.717047" dist="15596" val="27.6"/>
          <dmd:W type="SLOPE" lat="42.127912" lon="23.715878" dist="16001" val="34.8"/>
          <dmd:W type="SLOPE" lat="42.127161" lon="23.717347" dist="16150" val="15.1"/>
          <dmd:W type="SLOPE" lat="42.126195" lon="23.717970" dist="16276" val="20.1"/>
          <dmd:W type="SLOPE" lat="42.125155" lon="23.715920" dist="16506" val="16.6"/>
          <dmd:W type="SLOPE" lat="42.125283" lon="23.711103" dist="16939" val="23.5"/>
          <dmd:W type="SLOPE" lat="42.124511" lon="23.710223" dist="17055" val="24.6"/>
          <dmd:W type="SLOPE" lat="42.124093" lon="23.707595" dist="17298" val="26.8"/>
          <dmd:W type="SLOPE" lat="42.124983" lon="23.706383" dist="17439" val="46.1"/>
          <dmd:W type="SLOPE" lat="42.125831" lon="23.705814" dist="17545" val="46.6"/>
          <dmd:W type="SLOPE" lat="42.128481" lon="23.703593" dist="17974" val="35.2"/>
          <dmd:W type="SLOPE" lat="42.129650" lon="23.701501" dist="18267" val="23.6"/>
          <dmd:W type="SLOPE" lat="42.131538" lon="23.698218" dist="18631" val="36.6"/>
          <dmd:W type="SLOPE" lat="42.130154" lon="23.698347" dist="18791" val="25.1"/>
          <dmd:W type="SLOPE" lat="42.127172" lon="23.698121" dist="19131" val="126.3"/>
          <dmd:W type="SLOPE" lat="42.127762" lon="23.695203" dist="19383" val="33.4"/>
          <dmd:W type="SLOPE" lat="42.127322" lon="23.694237" dist="19486" val="40.7"/>
          <dmd:W type="SLOPE" lat="42.125959" lon="23.693411" dist="19734" val="22.5"/>
          <dmd:W type="SLOPE" lat="42.125165" lon="23.693004" dist="19845" val="22.3"/>
          <dmd:W type="SLOPE" lat="42.127558" lon="23.689002" dist="20273" val="16.1"/>
          <dmd:W type="SLOPE" lat="42.126796" lon="23.687510" dist="20441" val="16.5"/>
          <dmd:W type="SLOPE" lat="42.126249" lon="23.683970" dist="20783" val="24.2"/>
          <dmd:W type="SLOPE" lat="42.127687" lon="23.684903" dist="20975" val="18.2"/>
          <dmd:W type="SLOPE" lat="42.128534" lon="23.685343" dist="21076" val="16.6"/>
          <dmd:W type="SLOPE" lat="42.129929" lon="23.684099" dist="21268" val="22.9"/>
          <dmd:W type="SLOPE" lat="42.130423" lon="23.682618" dist="21403" val="22.1"/>
          <dmd:W type="SLOPE" lat="42.133030" lon="23.680891" dist="21741" val="30.3"/>
          <dmd:W type="SLOPE" lat="42.134521" lon="23.680354" dist="21916" val="31.7"/>
          <dmd:W type="SLOPE" lat="42.135959" lon="23.680676" dist="22102" val="77.7"/>
          <dmd:W type="SLOPE" lat="42.137697" lon="23.679711" dist="22314" val="87.8"/>
          <dmd:W type="SLOPE" lat="42.137321" lon="23.678466" dist="22441" val="28.2"/>
          <dmd:W type="SLOPE" lat="42.135894" lon="23.676503" dist="22673" val="53.6"/>
          <dmd:W type="SLOPE" lat="42.136871" lon="23.674679" dist="22860" val="16.3"/>
          <dmd:W type="SLOPE" lat="42.140385" lon="23.673954" dist="23259" val="81.9"/>
          <dmd:W type="SLOPE" lat="42.142046" lon="23.673516" dist="23452" val="15.5"/>
          <dmd:W type="SLOPE" lat="42.140164" lon="23.671160" dist="23808" val="26.2"/>
          <dmd:W type="SLOPE" lat="42.139167" lon="23.671010" dist="23921" val="17.4"/>
          <dmd:W type="SLOPE" lat="42.138255" lon="23.671267" dist="24025" val="47.5"/>
          <dmd:W type="SLOPE" lat="42.136173" lon="23.669572" dist="24304" val="56.8"/>
          <dmd:W type="SLOPE" lat="42.134339" lon="23.668435" dist="24530" val="38.7"/>
          <dmd:W type="SLOPE" lat="42.132772" lon="23.668156" dist="24740" val="46.0"/>
          <dmd:W type="SLOPE" lat="42.132300" lon="23.667287" dist="24845" val="24.2"/>
          <dmd:W type="SLOPE" lat="42.131002" lon="23.666975" dist="25001" val="34.8"/>
          <dmd:W type="SLOPE" lat="42.130283" lon="23.665506" dist="25157" val="22.9"/>
          <dmd:W type="SLOPE" lat="42.128373" lon="23.663285" dist="25492" val="17.2"/>
          <dmd:W type="SLOPE" lat="42.128813" lon="23.662169" dist="25597" val="38.4"/>
          <dmd:W type="SLOPE" lat="42.128717" lon="23.660302" dist="25755" val="18.4"/>
          <dmd:W type="SLOPE" lat="42.128180" lon="23.656129" dist="26133" val="20.7"/>
          <dmd:W type="SLOPE" lat="42.127333" lon="23.656290" dist="26249" val="28.3"/>
          <dmd:W type="SLOPE" lat="42.127064" lon="23.653822" dist="26457" val="73.1"/>
          <dmd:W type="SLOPE" lat="42.125906" lon="23.653232" dist="26595" val="17.1"/>
          <dmd:W type="SLOPE" lat="42.125080" lon="23.652191" dist="26721" val="21.2"/>
          <dmd:W type="SLOPE" lat="42.125090" lon="23.650914" dist="26838" val="26.7"/>
          <dmd:W type="SLOPE" lat="42.124264" lon="23.650314" dist="26954" val="19.1"/>
          <dmd:W type="SLOPE" lat="42.124608" lon="23.643898" dist="27551" val="19.0"/>
          <dmd:W type="SLOPE" lat="42.123406" lon="23.642374" dist="27738" val="21.5"/>
          <dmd:W type="SLOPE" lat="42.123996" lon="23.639756" dist="28000" val="98.7"/>
          <dmd:W type="SLOPE" lat="42.125133" lon="23.638287" dist="28179" val="16.9"/>
          <dmd:W type="SLOPE" lat="42.126356" lon="23.637611" dist="28326" val="18.3"/>
          <dmd:W type="SLOPE" lat="42.128416" lon="23.635583" dist="28615" val="17.7"/>
          <dmd:W type="SLOPE" lat="42.129114" lon="23.634853" dist="28716" val="16.1"/>
          <dmd:W type="SLOPE" lat="42.128288" lon="23.634092" dist="28838" val="43.4"/>
          <dmd:W type="SLOPE" lat="42.127118" lon="23.633813" dist="28972" val="16.5"/>
          <dmd:W type="SLOPE" lat="42.125959" lon="23.634059" dist="29103" val="15.4"/>
          <dmd:W type="SLOPE" lat="42.125069" lon="23.634006" dist="29203" val="16.9"/>
          <dmd:W type="SLOPE" lat="42.123407" lon="23.633302" dist="29402" val="55.8"/>
          <dmd:W type="SLOPE" lat="42.125380" lon="23.628641" dist="29922" val="28.2"/>
          <dmd:W type="SLOPE" lat="42.125831" lon="23.626850" dist="30079" val="54.4"/>
          <dmd:W type="SLOPE" lat="42.127000" lon="23.625519" dist="30250" val="16.6"/>
          <dmd:W type="SLOPE" lat="42.128019" lon="23.624017" dist="30466" val="21.7"/>
          <dmd:W type="SLOPE" lat="42.123910" lon="23.623813" dist="30955" val="19.7"/>
          <dmd:W type="SLOPE" lat="42.123781" lon="23.619554" dist="31322" val="20.7"/>
          <dmd:W type="SLOPE" lat="42.123320" lon="23.617086" dist="31536" val="23.9"/>
          <dmd:W type="SLOPE" lat="42.120201" lon="23.620438" dist="32034" val="64.5"/>
          <dmd:W type="SLOPE" lat="42.119190" lon="23.621227" dist="32165" val="116.9"/>
          <dmd:W type="SLOPE" lat="42.118467" lon="23.623399" dist="32361" val="30.9"/>
          <dmd:W type="SLOPE" lat="42.117573" lon="23.624055" dist="32500" val="40.0"/>
          <dmd:W type="SLOPE" lat="42.115428" lon="23.623004" dist="32901" val="15.5"/>
          <dmd:W type="SLOPE" lat="42.115220" lon="23.626679" dist="33207" val="67.3"/>
          <dmd:W type="SLOPE" lat="42.113421" lon="23.627936" dist="33433" val="40.5"/>
          <dmd:W type="SLOPE" lat="42.113154" lon="23.629361" dist="33564" val="22.2"/>
          <dmd:W type="SLOPE" lat="42.112300" lon="23.632010" dist="33844" val="15.5"/>
          <dmd:W type="SLOPE" lat="42.110883" lon="23.632873" dist="34018" val="21.9"/>
          <dmd:W type="SLOPE" lat="42.105664" lon="23.623035" dist="35084" val="15.9"/>
          <dmd:W type="SLOPE" lat="42.106185" lon="23.621680" dist="35236" val="38.5"/>
          <dmd:W type="SLOPE" lat="42.093033" lon="23.623170" dist="37162" val="23.7"/>
          <dmd:W type="SLOPE" lat="42.092496" lon="23.621324" dist="37327" val="15.9"/>
          <dmd:W type="SLOPE" lat="42.092452" lon="23.618189" dist="37593" val="17.2"/>
          <dmd:W type="SLOPE" lat="42.090007" lon="23.619254" dist="37887" val="24.4"/>
          <dmd:W type="SLOPE" lat="42.088366" lon="23.621550" dist="38158" val="16.8"/>
          <dmd:W type="SLOPE" lat="42.088001" lon="23.622472" dist="38264" val="37.9"/>
          <dmd:W type="SLOPE" lat="42.086874" lon="23.621678" dist="38421" val="23.7"/>
          <dmd:W type="SLOPE" lat="42.085158" lon="23.619597" dist="38747" val="30.4"/>
          <dmd:W type="SLOPE" lat="42.084226" lon="23.620778" dist="38899" val="41.4"/>
          <dmd:W type="SLOPE" lat="42.083243" lon="23.620324" dist="39018" val="18.5"/>
          <dmd:W type="SLOPE" lat="42.081210" lon="23.619201" dist="39312" val="17.9"/>
          <dmd:W type="SLOPE" lat="42.080523" lon="23.618075" dist="39460" val="33.0"/>
          <dmd:W type="SLOPE" lat="42.080397" lon="23.618208" dist="39565" val="16.9"/>
          <dmd:W type="SLOPE" lat="42.081259" lon="23.620454" dist="39806" val="18.5"/>
          <dmd:W type="SLOPE" lat="42.081394" lon="23.621735" dist="39922" val="39.7"/>
          <dmd:W type="SLOPE" lat="42.082438" lon="23.623142" dist="40094" val="41.6"/>
          <dmd:W type="SLOPE" lat="42.080436" lon="23.622516" dist="40359" val="40.1"/>
          <dmd:W type="SLOPE" lat="42.080775" lon="23.624290" dist="40512" val="16.1"/>
          <dmd:W type="SLOPE" lat="42.081081" lon="23.627268" dist="40808" val="28.0"/>
          <dmd:W type="SLOPE" lat="42.080669" lon="23.628745" dist="40963" val="24.6"/>
          <dmd:W type="SLOPE" lat="42.081199" lon="23.629832" dist="41098" val="28.4"/>
          <dmd:W type="SLOPE" lat="42.076484" lon="23.627553" dist="41743" val="21.6"/>
          <dmd:W type="SLOPE" lat="42.075196" lon="23.633355" dist="42276" val="16.7"/>
          <dmd:W type="SLOPE" lat="42.075194" lon="23.637216" dist="42624" val="17.6"/>
          <dmd:W type="SLOPE" lat="42.076425" lon="23.638505" dist="42813" val="16.1"/>
          <dmd:W type="SLOPE" lat="42.071737" lon="23.640905" dist="43389" val="16.3"/>
          <dmd:W type="SLOPE" lat="42.071466" lon="23.643288" dist="43841" val="15.2"/>
          <dmd:W type="SLOPE" lat="42.068346" lon="23.649264" dist="44455" val="15.3"/>
          <dmd:W type="SLOPE" lat="42.067747" lon="23.651731" dist="44683" val="16.9"/>
          <dmd:W type="SLOPE" lat="42.063852" lon="23.655584" dist="45286" val="22.6"/>
          <dmd:W type="SLOPE" lat="42.062193" lon="23.657028" dist="45585" val="19.4"/>
          <dmd:W type="SLOPE" lat="42.052188" lon="23.671514" dist="47294" val="38.1"/>
          <dmd:W type="SLOPE" lat="42.053234" lon="23.670655" dist="47435" val="16.6"/>
          <dmd:W type="SLOPE" lat="42.053541" lon="23.669099" dist="47580" val="27.7"/>
          <dmd:W type="SLOPE" lat="42.053783" lon="23.667692" dist="47702" val="16.7"/>
          <dmd:W type="SLOPE" lat="42.053534" lon="23.666172" dist="47872" val="60.3"/>
          <dmd:W type="SLOPE" lat="42.053249" lon="23.667486" dist="47988" val="27.7"/>
          <dmd:W type="SLOPE" lat="42.052451" lon="23.668226" dist="48099" val="27.0"/>
          <dmd:W type="SLOPE" lat="42.051900" lon="23.668670" dist="48200" val="42.5"/>
          <dmd:W type="SLOPE" lat="42.052563" lon="23.667543" dist="48322" val="25.7"/>
          <dmd:W type="SLOPE" lat="42.052549" lon="23.666622" dist="48423" val="71.8"/>
          <dmd:W type="SLOPE" lat="42.052406" lon="23.665415" dist="48560" val="23.1"/>
          <dmd:W type="SLOPE" lat="42.051700" lon="23.667150" dist="48793" val="17.8"/>
          <dmd:W type="SLOPE" lat="42.050850" lon="23.668099" dist="48916" val="17.0"/>
          <dmd:W type="SLOPE" lat="42.050261" lon="23.669221" dist="49037" val="29.2"/>
          <dmd:W type="SLOPE" lat="42.049437" lon="23.671026" dist="49232" val="20.6"/>
          <dmd:W type="SLOPE" lat="42.048423" lon="23.671626" dist="49377" val="33.6"/>
          <dmd:W type="SLOPE" lat="42.047345" lon="23.672240" dist="49537" val="17.1"/>
          <dmd:W type="SLOPE" lat="42.046225" lon="23.672739" dist="49674" val="22.9"/>
          <dmd:W type="SLOPE" lat="42.045325" lon="23.673325" dist="49791" val="59.8"/>
          <dmd:W type="SLOPE" lat="42.045404" lon="23.674852" dist="49919" val="32.1"/>
          <dmd:W type="SLOPE" lat="42.045161" lon="23.673924" dist="50037" val="43.4"/>
          <dmd:W type="SLOPE" lat="42.045708" lon="23.671988" dist="50240" val="25.6"/>
          <dmd:W type="SLOPE" lat="42.046489" lon="23.671347" dist="50342" val="81.1"/>
          <dmd:W type="SLOPE" lat="42.046867" lon="23.670191" dist="50448" val="25.2"/>
          <dmd:W type="SLOPE" lat="42.047795" lon="23.669720" dist="50560" val="107.5"/>
          <dmd:W type="SLOPE" lat="42.048266" lon="23.667885" dist="50754" val="18.1"/>
          <dmd:W type="SLOPE" lat="42.047698" lon="23.668740" dist="50885" val="15.1"/>
          <dmd:W type="SLOPE" lat="42.042369" lon="23.672300" dist="51573" val="17.4"/>
          <dmd:W type="SLOPE" lat="42.041556" lon="23.673446" dist="51721" val="18.6"/>
          <dmd:W type="SLOPE" lat="42.039529" lon="23.673882" dist="51954" val="16.0"/>
          <dmd:W type="SLOPE" lat="42.037770" lon="23.675076" dist="52175" val="36.1"/>
          <dmd:W type="SLOPE" lat="42.036236" lon="23.675723" dist="52355" val="28.5"/>
          <dmd:W type="SLOPE" lat="42.034887" lon="23.676608" dist="52523" val="33.8"/>
          <dmd:W type="SLOPE" lat="42.031171" lon="23.678214" dist="52976" val="29.9"/>
          <dmd:W type="SLOPE" lat="42.029153" lon="23.679226" dist="53216" val="36.6"/>
          <dmd:W type="SLOPE" lat="42.028379" lon="23.679882" dist="53320" val="15.1"/>
          <dmd:W type="SLOPE" lat="42.020048" lon="23.677403" dist="55303" val="32.2"/>
          <dmd:W type="SLOPE" lat="42.019730" lon="23.679066" dist="55473" val="84.3"/>
          <dmd:W type="SLOPE" lat="42.020972" lon="23.678419" dist="55650" val="29.6"/>
          <dmd:W type="SLOPE" lat="42.021837" lon="23.678604" dist="55756" val="69.3"/>
          <dmd:W type="SLOPE" lat="42.021135" lon="23.680114" dist="55921" val="17.6"/>
          <dmd:W type="SLOPE" lat="42.020267" lon="23.681989" dist="56110" val="17.9"/>
          <dmd:W type="SLOPE" lat="42.018532" lon="23.682243" dist="56340" val="44.3"/>
          <dmd:W type="SLOPE" lat="42.018553" lon="23.680805" dist="56483" val="110.1"/>
          <dmd:W type="SLOPE" lat="42.017641" lon="23.680944" dist="56586" val="37.3"/>
          <dmd:W type="SLOPE" lat="42.016987" lon="23.679861" dist="56767" val="40.1"/>
          <dmd:W type="SLOPE" lat="42.016783" lon="23.680569" dist="56879" val="41.7"/>
          <dmd:W type="SLOPE" lat="42.017190" lon="23.681695" dist="56986" val="15.3"/>
          <dmd:W type="SLOPE" lat="42.017418" lon="23.683284" dist="57124" val="23.0"/>
          <dmd:W type="SLOPE" lat="42.016697" lon="23.684421" dist="57301" val="28.7"/>
          <dmd:W type="SLOPE" lat="42.016956" lon="23.686021" dist="57509" val="31.4"/>
          <dmd:W type="SLOPE" lat="42.016343" lon="23.687274" dist="57640" val="62.4"/>
          <dmd:W type="SLOPE" lat="42.017405" lon="23.688186" dist="57793" val="91.5"/>
          <dmd:W type="SLOPE" lat="42.017727" lon="23.689206" dist="57903" val="31.7"/>
          <dmd:W type="SLOPE" lat="42.018392" lon="23.689806" dist="58017" val="49.7"/>
          <dmd:W type="SLOPE" lat="42.017727" lon="23.691062" dist="58148" val="98.3"/>
          <dmd:W type="SLOPE" lat="42.017866" lon="23.689946" dist="58262" val="20.6"/>
          <dmd:W type="SLOPE" lat="42.016814" lon="23.689430" dist="58396" val="75.6"/>
          <dmd:W type="SLOPE" lat="42.015957" lon="23.689860" dist="58499" val="43.0"/>
          <dmd:W type="SLOPE" lat="42.013757" lon="23.691673" dist="58818" val="33.9"/>
          <dmd:W type="SLOPE" lat="42.012953" lon="23.693240" dist="58983" val="62.1"/>
          <dmd:W type="SLOPE" lat="42.010871" lon="23.694405" dist="59348" val="28.9"/>
          <dmd:W type="SLOPE" lat="42.009356" lon="23.693983" dist="59529" val="27.4"/>
          <dmd:W type="SLOPE" lat="42.008343" lon="23.693780" dist="59643" val="23.1"/>
          <dmd:W type="SLOPE" lat="42.007536" lon="23.693969" dist="59823" val="26.0"/>
          <dmd:W type="SLOPE" lat="42.004143" lon="23.695791" dist="60378" val="16.9"/>
          <dmd:W type="SLOPE" lat="42.003542" lon="23.697037" dist="60545" val="19.5"/>
          <dmd:W type="SLOPE" lat="42.002531" lon="23.697333" dist="60661" val="33.0"/>
          <dmd:W type="SLOPE" lat="42.002635" lon="23.698281" dist="60764" val="84.3"/>
          <dmd:W type="SLOPE" lat="42.002361" lon="23.699617" dist="60909" val="27.6"/>
          <dmd:W type="SLOPE" lat="42.001810" lon="23.699358" dist="61046" val="19.1"/>
          <dmd:W type="SLOPE" lat="42.000679" lon="23.696973" dist="61318" val="38.2"/>
          <dmd:W type="SLOPE" lat="41.999209" lon="23.696930" dist="61602" val="27.8"/>
          <dmd:W type="SLOPE" lat="41.997600" lon="23.698690" dist="61840" val="16.9"/>
          <dmd:W type="SLOPE" lat="41.996634" lon="23.699098" dist="61958" val="41.0"/>
          <dmd:W type="SLOPE" lat="41.995701" lon="23.699355" dist="62076" val="17.0"/>
          <dmd:W type="SLOPE" lat="41.994288" lon="23.698880" dist="62243" val="17.2"/>
          <dmd:W type="SLOPE" lat="41.990916" lon="23.698593" dist="62633" val="30.2"/>
          <dmd:W type="SLOPE" lat="41.986645" lon="23.698475" dist="63157" val="37.8"/>
          <dmd:W type="SLOPE" lat="41.985252" lon="23.699284" dist="63352" val="27.0"/>
          <dmd:W type="SLOPE" lat="41.984112" lon="23.702308" dist="63666" val="24.8"/>
          <dmd:W type="SLOPE" lat="41.983290" lon="23.703330" dist="63810" val="28.0"/>
          <dmd:W type="SLOPE" lat="41.982334" lon="23.703881" dist="63936" val="16.4"/>
          <dmd:W type="SLOPE" lat="41.980985" lon="23.706124" dist="64256" val="16.7"/>
          <dmd:W type="SLOPE" lat="41.979876" lon="23.705074" dist="64625" val="18.5"/>
          <dmd:W type="SLOPE" lat="41.979307" lon="23.706779" dist="64792" val="42.2"/>
          <dmd:W type="SLOPE" lat="41.975251" lon="23.713292" dist="65510" val="28.8"/>
          <dmd:W type="SLOPE" lat="41.974994" lon="23.714536" dist="65710" val="15.7"/>
          <dmd:W type="SLOPE" lat="41.975080" lon="23.720931" dist="66250" val="16.1"/>
          <dmd:W type="SLOPE" lat="41.969305" lon="23.733643" dist="67668" val="57.2"/>
          <dmd:W type="SLOPE" lat="41.968477" lon="23.734570" dist="67789" val="44.0"/>
          <dmd:W type="SLOPE" lat="41.970091" lon="23.735919" dist="68004" val="30.3"/>
          <dmd:W type="SLOPE" lat="41.970327" lon="23.737282" dist="68122" val="31.2"/>
          <dmd:W type="SLOPE" lat="41.972923" lon="23.745017" dist="68864" val="22.3"/>
          <dmd:W type="SLOPE" lat="41.972569" lon="23.755875" dist="69862" val="16.6"/>
          <dmd:W type="SLOPE" lat="41.971711" lon="23.756304" dist="69970" val="27.3"/>
          <dmd:W type="SLOPE" lat="41.970563" lon="23.757162" dist="70116" val="16.3"/>
          <dmd:W type="SLOPE" lat="41.969254" lon="23.759007" dist="70389" val="20.6"/>
          <dmd:W type="SLOPE" lat="41.968449" lon="23.761368" dist="70650" val="62.2"/>
          <dmd:W type="SLOPE" lat="41.967613" lon="23.761883" dist="70753" val="26.0"/>
          <dmd:W type="SLOPE" lat="41.966518" lon="23.763020" dist="70909" val="18.6"/>
          <dmd:W type="SLOPE" lat="41.965660" lon="23.763428" dist="71011" val="17.5"/>
          <dmd:W type="SLOPE" lat="41.964075" lon="23.763325" dist="71208" val="27.4"/>
          <dmd:W type="SLOPE" lat="41.963418" lon="23.765981" dist="71470" val="31.3"/>
          <dmd:W type="SLOPE" lat="41.960821" lon="23.769232" dist="71931" val="19.5"/>
          <dmd:W type="SLOPE" lat="41.956744" lon="23.770958" dist="72617" val="20.3"/>
          <dmd:W type="SLOPE" lat="41.943565" lon="23.775507" dist="74241" val="16.0"/>
          <dmd:W type="SLOPE" lat="41.942274" lon="23.776271" dist="74416" val="15.1"/>
          <dmd:W type="SLOPE" lat="41.938516" lon="23.782353" dist="75124" val="15.0"/>
          <dmd:W type="SLOPE" lat="41.937175" lon="23.783963" dist="75344" val="18.8"/>
          <dmd:W type="SLOPE" lat="41.934557" lon="23.787321" dist="75751" val="18.9"/>
          <dmd:W type="SLOPE" lat="41.933323" lon="23.787181" dist="75893" val="16.5"/>
          <dmd:W type="SLOPE" lat="41.930813" lon="23.787943" dist="76191" val="28.9"/>
          <dmd:W type="SLOPE" lat="41.928195" lon="23.788340" dist="76495" val="19.4"/>
          <dmd:W type="SLOPE" lat="41.922981" lon="23.792363" dist="77240" val="20.0"/>
          <dmd:W type="SLOPE" lat="41.919891" lon="23.798318" dist="77901" val="21.0"/>
          <dmd:W type="SLOPE" lat="41.919526" lon="23.799745" dist="78028" val="17.0"/>
          <dmd:W type="SLOPE" lat="41.914129" lon="23.817093" dist="79762" val="22.8"/>
          <dmd:W type="SLOPE" lat="41.913357" lon="23.818188" dist="79890" val="17.2"/>
          <dmd:W type="SLOPE" lat="41.910048" lon="23.821069" dist="80334" val="15.5"/>
          <dmd:W type="SLOPE" lat="41.909451" lon="23.822200" dist="80476" val="18.8"/>
          <dmd:W type="SLOPE" lat="41.906447" lon="23.823327" dist="80843" val="63.8"/>
          <dmd:W type="SLOPE" lat="41.900750" lon="23.826052" dist="81555" val="43.2"/>
          <dmd:W type="SLOPE" lat="41.899967" lon="23.826739" dist="81660" val="37.8"/>
          <dmd:W type="SLOPE" lat="41.900901" lon="23.827339" dist="81790" val="16.0"/>
          <dmd:W type="SLOPE" lat="41.900257" lon="23.828241" dist="81904" val="25.1"/>
          <dmd:W type="SLOPE" lat="41.900450" lon="23.829320" dist="82064" val="27.4"/>
          <dmd:W type="SLOPE" lat="41.899688" lon="23.830773" dist="82218" val="52.1"/>
          <dmd:W type="SLOPE" lat="41.895751" lon="23.833262" dist="82857" val="16.9"/>
          <dmd:W type="SLOPE" lat="41.869779" lon="23.824625" dist="86183" val="15.2"/>
          <dmd:W type="SLOPE" lat="41.866628" lon="23.822358" dist="86597" val="18.4"/>
          <dmd:W type="SLOPE" lat="41.864054" lon="23.812676" dist="87756" val="71.9"/>
          <dmd:W type="SLOPE" lat="41.863433" lon="23.809078" dist="88337" val="30.6"/>
          <dmd:W type="SLOPE" lat="41.862363" lon="23.808935" dist="88484" val="23.1"/>
          <dmd:W type="SLOPE" lat="41.863481" lon="23.807107" dist="88695" val="18.4"/>
          <dmd:W type="SLOPE" lat="41.860871" lon="23.805906" dist="89336" val="32.2"/>
          <dmd:W type="SLOPE" lat="41.857683" lon="23.808088" dist="89743" val="28.3"/>
          <dmd:W type="SLOPE" lat="41.855950" lon="23.807946" dist="89937" val="15.2"/>
          <dmd:W type="SLOPE" lat="41.851193" lon="23.815328" dist="90770" val="22.3"/>
          <dmd:W type="SLOPE" lat="41.845810" lon="23.815590" dist="91481" val="16.0"/>
          <dmd:W type="SLOPE" lat="41.844107" lon="23.814229" dist="91708" val="16.7"/>
          <dmd:W type="SLOPE" lat="41.843222" lon="23.813388" dist="91829" val="23.7"/>
          <dmd:W type="SLOPE" lat="41.841529" lon="23.814484" dist="92064" val="21.3"/>
          <dmd:W type="SLOPE" lat="41.840008" lon="23.814936" dist="92240" val="15.7"/>
          <dmd:W type="SLOPE" lat="41.839970" lon="23.816643" dist="92388" val="31.9"/>
          <dmd:W type="SLOPE" lat="41.839433" lon="23.818555" dist="92566" val="21.4"/>
          <dmd:W type="SLOPE" lat="41.839751" lon="23.819886" dist="92682" val="18.3"/>
          <dmd:W type="SLOPE" lat="41.839199" lon="23.821909" dist="92874" val="20.6"/>
          <dmd:W type="SLOPE" lat="41.839983" lon="23.825079" dist="93175" val="24.2"/>
          <dmd:W type="SLOPE" lat="41.837356" lon="23.830360" dist="93719" val="27.0"/>
          <dmd:W type="SLOPE" lat="41.837953" lon="23.831162" dist="93822" val="18.3"/>
          <dmd:W type="SLOPE" lat="41.836487" lon="23.833208" dist="94153" val="25.4"/>
          <dmd:W type="SLOPE" lat="41.838938" lon="23.838942" dist="94748" val="16.6"/>
          <dmd:W type="SLOPE" lat="41.840622" lon="23.842670" dist="95115" val="28.7"/>
          <dmd:W type="SLOPE" lat="41.839627" lon="23.843507" dist="95252" val="15.6"/>
          <dmd:W type="SLOPE" lat="41.839486" lon="23.846063" dist="95465" val="15.1"/>
          <dmd:W type="SLOPE" lat="41.836832" lon="23.852959" dist="96164" val="39.6"/>
          <dmd:W type="SLOPE" lat="41.820462" lon="23.897326" dist="100503" val="18.8"/>
          <dmd:W type="SLOPE" lat="41.817557" lon="23.900916" dist="100994" val="16.9"/>
          <dmd:W type="SLOPE" lat="41.798281" lon="23.923736" dist="104015" val="25.1"/>
          <dmd:W type="SLOPE" lat="41.796845" lon="23.924770" dist="104200" val="16.9"/>
          <dmd:W type="SLOPE" lat="41.792820" lon="23.930603" dist="104866" val="20.0"/>
          <dmd:W type="SLOPE" lat="41.777720" lon="23.954040" dist="107457" val="18.9"/>
          <dmd:W type="SLOPE" lat="41.761032" lon="23.983521" dist="110737" val="15.1"/>
          <dmd:W type="SLOPE" lat="41.746936" lon="24.009392" dist="113501" val="16.0"/>
          <dmd:W type="SLOPE" lat="41.743586" lon="24.014154" dist="114048" val="16.2"/>
          <dmd:W type="SLOPE" lat="41.743326" lon="24.016371" dist="114243" val="18.8"/>
          <dmd:W type="UNPAVED" lat="42.153758" lon="23.788887" dist="5237" len="4902"/>
          <dmd:W type="UNPAVED" lat="42.125165" lon="23.693004" dist="19845" len="4180"/>
          <dmd:W type="UNPAVED" lat="42.127880" lon="23.658178" dist="25954" len="257"/>
          <dmd:W type="UNPAVED" lat="42.125251" lon="23.651161" dist="26811" len="685"/>
          <dmd:W type="UNPAVED" lat="42.123084" lon="23.641376" dist="27831" len="9790"/>
          <dmd:W type="UNPAVED" lat="42.075180" lon="23.638894" dist="42971" len="12476"/>
          <dmd:W type="UNPAVED" lat="42.016976" lon="23.684313" dist="57269" len="4049"/>
          <dmd:W type="UNPAVED" lat="41.970021" lon="23.735778" dist="67990" len="3862"/>
          <dmd:W type="UNPAVED" lat="41.924193" lon="23.789756" dist="76966" len="24606"/>
        </dmd:Warnings>
        <dmd:Stats dist="114863" gain="4647" loss="5337" eleMin="901.0" eleMax="2023.0" time="8270" paved="39" maxSlope="142.0" minSlope="-110.4"/>
      </dmd:PreRendered>
    </extensions>
    <trkseg>
      <trkpt lat="42.174089038745" lon="23.815891994163"><ele>1922</ele></trkpt>
      <trkpt lat="42.173595009372" lon="23.816030966118"><ele>1923.5</ele></trkpt>
      <trkpt lat="42.17333802022" lon="23.81604203023"><ele>1924</ele></trkpt>
      <trkpt lat="42.172682974488" lon="23.81604203023"><ele>1922.75</ele></trkpt>
      <trkpt lat="42.172415005043" lon="23.816096009687"><ele>1922</ele></trkpt>
      <trkpt lat="42.172092972323" lon="23.816234981641"><ele>1922</ele></trkpt>
      <trkpt lat="42.171674966812" lon="23.816620968282"><ele>1933</ele></trkpt>
      <trkpt lat="42.171492995694" lon="23.816878963262"><ele>1933</ele></trkpt>
      <trkpt lat="42.171449996531" lon="23.816857002676"><ele>1933</ele></trkpt>
      <trkpt lat="42.170634018257" lon="23.817726038396"><ele>1937</ele></trkpt>
      <trkpt lat="42.170345010236" lon="23.817726038396"><ele>1937</ele></trkpt>
      <trkpt lat="42.169593991712" lon="23.816277980804"><ele>1922</ele></trkpt>
      <trkpt lat="42.169368015602" lon="23.815891994163"><ele>1918.75</ele></trkpt>
      <trkpt lat="42.168950010091" lon="23.815538026392"><ele>1927.5</ele></trkpt>
      <trkpt lat="42.16840300709" lon="23.815334010869"><ele>1932.25</ele></trkpt>
      <trkpt lat="42.168037975207" lon="23.815268967301"><ele>1933</ele></trkpt>
      <trkpt lat="42.167833959684" lon="23.81539796479"><ele>1933</ele></trkpt>
      <trkpt lat="42.167522991076" lon="23.81604203023"><ele>1932.5</ele></trkpt>
      <trkpt lat="42.167212022468" lon="23.81604203023"><ele>1933</ele></trkpt>
      <trkpt lat="42.167083024979" lon="23.816267000511"><ele>1933</ele></trkpt>
      <trkpt lat="42.166900970042" lon="23.816910982132"><ele>1939.25</ele></trkpt>
      <trkpt lat="42.166793011129" lon="23.817157996818"><ele>1935.5</ele></trkpt>
      <trkpt lat="42.166289007291" lon="23.817995013669"><ele>1935.5</ele></trkpt>
      <trkpt lat="42.166127990931" lon="23.817984033376"><ele>1934.5</ele></trkpt>
      <trkpt lat="42.166041992605" lon="23.81744700484"><ele>1932</ele></trkpt>
      <trkpt lat="42.165923975408" lon="23.817018019035"><ele>1912</ele></trkpt>
      <trkpt lat="42.16567796655" lon="23.816299019381"><ele>1912</ele></trkpt>
      <trkpt lat="42.165570007637" lon="23.816085029393"><ele>1911.75</ele></trkpt>
      <trkpt lat="42.165462970734" lon="23.816019985825"><ele>1911.75</ele></trkpt>
      <trkpt lat="42.165322992951" lon="23.816053010523"><ele>1912</ele></trkpt>
      <trkpt lat="42.165119983256" lon="23.816148983315"><ele>1917.5</ele></trkpt>
      <trkpt lat="42.16477598995" lon="23.816277980804"><ele>1918</ele></trkpt>
      <trkpt lat="42.164411963895" lon="23.816309999675"><ele>1918.5</ele></trkpt>
      <trkpt lat="42.164251031354" lon="23.816385017708"><ele>1920.75</ele></trkpt>
      <trkpt lat="42.164142988622" lon="23.816471016034"><ele>1925.5</ele></trkpt>
      <trkpt lat="42.163981972262" lon="23.816643012688"><ele>1930</ele></trkpt>
      <trkpt lat="42.163853980601" lon="23.816695986316"><ele>1931</ele></trkpt>
      <trkpt lat="42.163757001981" lon="23.816686011851"><ele>1931</ele></trkpt>
      <trkpt lat="42.163692964241" lon="23.816643012688"><ele>1931</ele></trkpt>
      <trkpt lat="42.16366102919" lon="23.816557014361"><ele>1925.5</ele></trkpt>
      <trkpt lat="42.163757001981" lon="23.816352998838"><ele>1922</ele></trkpt>
      <trkpt lat="42.163789020851" lon="23.81613900885"><ele>1922</ele></trkpt>
      <trkpt lat="42.163757001981" lon="23.81597799249"><ele>1922</ele></trkpt>
      <trkpt lat="42.163489032537" lon="23.815344991162"><ele>1917.44</ele></trkpt>
      <trkpt lat="42.16327403672" lon="23.81507601589"><ele>1916.81</ele></trkpt>
      <trkpt lat="42.16308100149" lon="23.814787007868"><ele>1911.75</ele></trkpt>
      <trkpt lat="42.162942029536" lon="23.814701009542"><ele>1907</ele></trkpt>
      <trkpt lat="42.162223029882" lon="23.814315022901"><ele>1918</ele></trkpt>
      <trkpt lat="42.162029994652" lon="23.814303958789"><ele>1919.5</ele></trkpt>
      <trkpt lat="42.161601008847" lon="23.814367996529"><ele>1921.33</ele></trkpt>
      <trkpt lat="42.160988962278" lon="23.814582992345"><ele>1922</ele></trkpt>
      <trkpt lat="42.160816965625" lon="23.814744008705"><ele>1922</ele></trkpt>
      <trkpt lat="42.160720992833" lon="23.815097976476"><ele>1932</ele></trkpt>
      <trkpt lat="42.1606459748" lon="23.815109040588"><ele>1932</ele></trkpt>
      <trkpt lat="42.160591995344" lon="23.81507601589"><ele>1932</ele></trkpt>
      <trkpt lat="42.160538015887" lon="23.81491499953"><ele>1927</ele></trkpt>
      <trkpt lat="42.160473978147" lon="23.814744008705"><ele>1924.5</ele></trkpt>
      <trkpt lat="42.160367025062" lon="23.814701009542"><ele>1923</ele></trkpt>
      <trkpt lat="42.160163009539" lon="23.814701009542"><ele>1924.75</ele></trkpt>
      <trkpt lat="42.159852040932" lon="23.814744008705"><ele>1931.25</ele></trkpt>
      <trkpt lat="42.159691024572" lon="23.814668990672"><ele>1930</ele></trkpt>
      <trkpt lat="42.159659005702" lon="23.814486013725"><ele>1930</ele></trkpt>
      <trkpt lat="42.159734023735" lon="23.814217960462"><ele>1931.25</ele></trkpt>
      <trkpt lat="42.159754978493" lon="23.813971029595"><ele>1935.25</ele></trkpt>
      <trkpt lat="42.159616006538" lon="23.81360700354"><ele>1935.25</ele></trkpt>
      <trkpt lat="42.159530008212" lon="23.813230991364"><ele>1936.5</ele></trkpt>
      <trkpt lat="42.159390030429" lon="23.812779961154"><ele>1949</ele></trkpt>
      <trkpt lat="42.158940006047" lon="23.811835991219"><ele>1949</ele></trkpt>
      <trkpt lat="42.158886026591" lon="23.811783017591"><ele>1949</ele></trkpt>
      <trkpt lat="42.158757029101" lon="23.811557041481"><ele>1947.75</ele></trkpt>
      <trkpt lat="42.158660972491" lon="23.811278007925"><ele>1947</ele></trkpt>
      <trkpt lat="42.15817800723" lon="23.81081700325"><ele>1941.5</ele></trkpt>
      <trkpt lat="42.157964017242" lon="23.810580968857"><ele>1936</ele></trkpt>
      <trkpt lat="42.157749021426" lon="23.810408972204"><ele>1934.75</ele></trkpt>
      <trkpt lat="42.157651958987" lon="23.810388017446"><ele>1930.5</ele></trkpt>
      <trkpt lat="42.157480968162" lon="23.810398997739"><ele>1925</ele></trkpt>
      <trkpt lat="42.157297991216" lon="23.81049497053"><ele>1925</ele></trkpt>
      <trkpt lat="42.156944023445" lon="23.810474015772"><ele>1925</ele></trkpt>
      <trkpt lat="42.156847966835" lon="23.810420036316"><ele>1925.38</ele></trkpt>
      <trkpt lat="42.156386040151" lon="23.810345018283"><ele>1926</ele></trkpt>
      <trkpt lat="42.156418981031" lon="23.810227001086"><ele>1926</ele></trkpt>
      <trkpt lat="42.156612016261" lon="23.809893988073"><ele>1925.5</ele></trkpt>
      <trkpt lat="42.156687034294" lon="23.809454021975"><ele>1922.75</ele></trkpt>
      <trkpt lat="42.156664989889" lon="23.809014977887"><ele>1922.5</ele></trkpt>
      <trkpt lat="42.156536998227" lon="23.808584986255"><ele>1922</ele></trkpt>
      <trkpt lat="42.156279003248" lon="23.808166980743"><ele>1913.88</ele></trkpt>
      <trkpt lat="42.15609703213" lon="23.807942010462"><ele>1911</ele></trkpt>
      <trkpt lat="42.15577499941" lon="23.807309009135"><ele>1923.25</ele></trkpt>
      <trkpt lat="42.155603002757" lon="23.806889997795"><ele>1919</ele></trkpt>
      <trkpt lat="42.155441986397" lon="23.806579029188"><ele>1916.88</ele></trkpt>
      <trkpt lat="42.154991962016" lon="23.806095980108"><ele>1920.5</ele></trkpt>
      <trkpt lat="42.154604969546" lon="23.805580995977"><ele>1917</ele></trkpt>
      <trkpt lat="42.154026031494" lon="23.805173970759"><ele>1923.63</ele></trkpt>
      <trkpt lat="42.153757978231" lon="23.804872976616"><ele>1922.25</ele></trkpt>
      <trkpt lat="42.153490008786" lon="23.804723024368"><ele>1914.25</ele></trkpt>
      <trkpt lat="42.152834963053" lon="23.804605007172"><ele>1916</ele></trkpt>
      <trkpt lat="42.152351997793" lon="23.804668961093"><ele>1934</ele></trkpt>
      <trkpt lat="42.152084028348" lon="23.804691005498"><ele>1933</ele></trkpt>
      <trkpt lat="42.151966011152" lon="23.804583968595"><ele>1931</ele></trkpt>
      <trkpt lat="42.151944972575" lon="23.804466035217"><ele>1931</ele></trkpt>
      <trkpt lat="42.151998030022" lon="23.804400991648"><ele>1931</ele></trkpt>
      <trkpt lat="42.152190981433" lon="23.804380036891"><ele>1931</ele></trkpt>
      <trkpt lat="42.152427015826" lon="23.80418700166"><ele>1929.75</ele></trkpt>
      <trkpt lat="42.15282398276" lon="23.803790034726"><ele>1918</ele></trkpt>
      <trkpt lat="42.153103016317" lon="23.80334998481"><ele>1919.25</ele></trkpt>
      <trkpt lat="42.15330703184" lon="23.802587985992"><ele>1927</ele></trkpt>
      <trkpt lat="42.153361011297" lon="23.802030002698"><ele>1926</ele></trkpt>
      <trkpt lat="42.153253974393" lon="23.800968015566"><ele>1926</ele></trkpt>
      <trkpt lat="42.153318012133" lon="23.800441967323"><ele>1936</ele></trkpt>
      <trkpt lat="42.15356502682" lon="23.800152959302"><ele>1927.25</ele></trkpt>
      <trkpt lat="42.154037011787" lon="23.799679968506"><ele>1936</ele></trkpt>
      <trkpt lat="42.154476977885" lon="23.799454998225"><ele>1929</ele></trkpt>
      <trkpt lat="42.155131017789" lon="23.79915500991"><ele>1927</ele></trkpt>
      <trkpt lat="42.155560003594" lon="23.798714959994"><ele>1927</ele></trkpt>
      <trkpt lat="42.15580701828" lon="23.798242975026"><ele>1927.5</ele></trkpt>
      <trkpt lat="42.156085968018" lon="23.796761976555"><ele>1922.25</ele></trkpt>
      <trkpt lat="42.156011033803" lon="23.796451007947"><ele>1922.25</ele></trkpt>
      <trkpt lat="42.155753038824" lon="23.796183038503"><ele>1923</ele></trkpt>
      <trkpt lat="42.155592022464" lon="23.795893024653"><ele>1919.25</ele></trkpt>
      <trkpt lat="42.155495965853" lon="23.795636035502"><ele>1915.5</ele></trkpt>
      <trkpt lat="42.155260015279" lon="23.795206965879"><ele>1916.88</ele></trkpt>
      <trkpt lat="42.155174016953" lon="23.794862972572"><ele>1926.5</ele></trkpt>
      <trkpt lat="42.155152978376" lon="23.794541023672"><ele>1925.42</ele></trkpt>
      <trkpt lat="42.155227996409" lon="23.794112037867"><ele>1923.58</ele></trkpt>
      <trkpt lat="42.155249034986" lon="23.793876003474"><ele>1921.75</ele></trkpt>
      <trkpt lat="42.155603002757" lon="23.792952988297"><ele>1916.75</ele></trkpt>
      <trkpt lat="42.155635021627" lon="23.792846035212"><ele>1916.75</ele></trkpt>
      <trkpt lat="42.155624963343" lon="23.792803036049"><ele>1916.88</ele></trkpt>
      <trkpt lat="42.155624963343" lon="23.792148996145"><ele>1919.5</ele></trkpt>
      <trkpt lat="42.155699981377" lon="23.791409041733"><ele>1919.5</ele></trkpt>
      <trkpt lat="42.155667962506" lon="23.79078601487"><ele>1917.25</ele></trkpt>
      <trkpt lat="42.155432011932" lon="23.790474962443"><ele>1905</ele></trkpt>
      <trkpt lat="42.155045019463" lon="23.790217973292"><ele>1910.06</ele></trkpt>
      <trkpt lat="42.154561970383" lon="23.789745988324"><ele>1913.25</ele></trkpt>
      <trkpt lat="42.154175983742" lon="23.789165960625"><ele>1929.75</ele></trkpt>
      <trkpt lat="42.153757978231" lon="23.788887010887"><ele>1918.25</ele></trkpt>
      <trkpt lat="42.153006959707" lon="23.788801012561"><ele>1919</ele></trkpt>
      <trkpt lat="42.152685010806" lon="23.788469005376"><ele>1924</ele></trkpt>
      <trkpt lat="42.152556013316" lon="23.788029039279"><ele>1920</ele></trkpt>
      <trkpt lat="42.152299024165" lon="23.787427973002"><ele>1922</ele></trkpt>
      <trkpt lat="42.151955030859" lon="23.787502991036"><ele>1922</ele></trkpt>
      <trkpt lat="42.151686977595" lon="23.787696026266"><ele>1926</ele></trkpt>
      <trkpt lat="42.151548005641" lon="23.787653027102"><ele>1926</ele></trkpt>
      <trkpt lat="42.151419008151" lon="23.787588989362"><ele>1926</ele></trkpt>
      <trkpt lat="42.151257991791" lon="23.787289001048"><ele>1922.25</ele></trkpt>
      <trkpt lat="42.151290010661" lon="23.786912988871"><ele>1922.13</ele></trkpt>
      <trkpt lat="42.151343990117" lon="23.786665974185"><ele>1921.5</ele></trkpt>
      <trkpt lat="42.151257991791" lon="23.786236988381"><ele>1921</ele></trkpt>
      <trkpt lat="42.151096975431" lon="23.78588302061"><ele>1922.25</ele></trkpt>
      <trkpt lat="42.15090402402" lon="23.785775983706"><ele>1924.5</ele></trkpt>
      <trkpt lat="42.150206984952" lon="23.785829963163"><ele>1926.25</ele></trkpt>
      <trkpt lat="42.149713039398" lon="23.786107990891"><ele>1925.88</ele></trkpt>
      <trkpt lat="42.149229990318" lon="23.786591039971"><ele>1929.25</ele></trkpt>
      <trkpt lat="42.148876022547" lon="23.786794971675"><ele>1930</ele></trkpt>
      <trkpt lat="42.148736966774" lon="23.78665599972"><ele>1930</ele></trkpt>
      <trkpt lat="42.148844003677" lon="23.786236988381"><ele>1926</ele></trkpt>
      <trkpt lat="42.148864958435" lon="23.785829963163"><ele>1925.5</ele></trkpt>
      <trkpt lat="42.148854983971" lon="23.785282038152"><ele>1921</ele></trkpt>
      <trkpt lat="42.148736966774" lon="23.784681977704"><ele>1915</ele></trkpt>
      <trkpt lat="42.148478971794" lon="23.784219967201"><ele>1920</ele></trkpt>
      <trkpt lat="42.148200022057" lon="23.78418803215"><ele>1923.38</ele></trkpt>
      <trkpt lat="42.148068007082" lon="23.784261038527"><ele>1924</ele></trkpt>
      <trkpt lat="42.148006986827" lon="23.784294985235"><ele>1924</ele></trkpt>
      <trkpt lat="42.147868014872" lon="23.784509981051"><ele>1924</ele></trkpt>
      <trkpt lat="42.147792996839" lon="23.784509981051"><ele>1924.25</ele></trkpt>
      <trkpt lat="42.147663999349" lon="23.784456001595"><ele>1927</ele></trkpt>
      <trkpt lat="42.147674979642" lon="23.783919978887"><ele>1923.25</ele></trkpt>
      <trkpt lat="42.14775997214" lon="23.783790981397"><ele>1919.5</ele></trkpt>
      <trkpt lat="42.147792996839" lon="23.783394014463"><ele>1919.25</ele></trkpt>
      <trkpt lat="42.147782016546" lon="23.783318996429"><ele>1919.5</ele></trkpt>
      <trkpt lat="42.147716972977" lon="23.783082962036"><ele>1919</ele></trkpt>
      <trkpt lat="42.147524021566" lon="23.782804012299"><ele>1922.5</ele></trkpt>
      <trkpt lat="42.148435972631" lon="23.77815800719"><ele>1915.5</ele></trkpt>
      <trkpt lat="42.149025974795" lon="23.77668899484"><ele>1925</ele></trkpt>
      <trkpt lat="42.148887002841" lon="23.776473999023"><ele>1927</ele></trkpt>
      <trkpt lat="42.148587014526" lon="23.775979969651"><ele>1924.75</ele></trkpt>
      <trkpt lat="42.148510990664" lon="23.77562600188"><ele>1922</ele></trkpt>
      <trkpt lat="42.148490035906" lon="23.775346968323"><ele>1923</ele></trkpt>
      <trkpt lat="42.148553989828" lon="23.775046980008"><ele>1925.75</ele></trkpt>
      <trkpt lat="42.149315988645" lon="23.77249401994"><ele>1927</ele></trkpt>
      <trkpt lat="42.149326968938" lon="23.772107027471"><ele>1932.25</ele></trkpt>
      <trkpt lat="42.149252034724" lon="23.77185003832"><ele>1925.75</ele></trkpt>
      <trkpt lat="42.149123037234" lon="23.771678041667"><ele>1922</ele></trkpt>
      <trkpt lat="42.14821100235" lon="23.771088039503"><ele>1923</ele></trkpt>
      <trkpt lat="42.148103965446" lon="23.770798025653"><ele>1926</ele></trkpt>
      <trkpt lat="42.147954013199" lon="23.769971989095"><ele>1930.25</ele></trkpt>
      <trkpt lat="42.147931968793" lon="23.769767973572"><ele>1935.25</ele></trkpt>
      <trkpt lat="42.147792996839" lon="23.769586002454"><ele>1938.5</ele></trkpt>
      <trkpt lat="42.147427964956" lon="23.769210996106"><ele>1923</ele></trkpt>
      <trkpt lat="42.147224033251" lon="23.768910001963"><ele>1928.5</ele></trkpt>
      <trkpt lat="42.146859001368" lon="23.768052030355"><ele>1930</ele></trkpt>
      <trkpt lat="42.146730003878" lon="23.767805015668"><ele>1922</ele></trkpt>
      <trkpt lat="42.146579967812" lon="23.767654979602"><ele>1919</ele></trkpt>
      <trkpt lat="42.146408976987" lon="23.767568981275"><ele>1919</ele></trkpt>
      <trkpt lat="42.146258018911" lon="23.767601000145"><ele>1919</ele></trkpt>
      <trkpt lat="42.146097002551" lon="23.767719017342"><ele>1920.25</ele></trkpt>
      <trkpt lat="42.145926011726" lon="23.767934013158"><ele>1920.6</ele></trkpt>
      <trkpt lat="42.1456149593" lon="23.768384037539"><ele>1921.65</ele></trkpt>
      <trkpt lat="42.145336009562" lon="23.768662987277"><ele>1921.75</ele></trkpt>
      <trkpt lat="42.145164012909" lon="23.768716966733"><ele>1927.5</ele></trkpt>
      <trkpt lat="42.144916998222" lon="23.768630968407"><ele>1941.5</ele></trkpt>
      <trkpt lat="42.143371962011" lon="23.767579961568"><ele>1941.5</ele></trkpt>
      <trkpt lat="42.142974995077" lon="23.767225993797"><ele>1954.75</ele></trkpt>
      <trkpt lat="42.141362987459" lon="23.764965981245"><ele>1944.38</ele></trkpt>
      <trkpt lat="42.141160983592" lon="23.76476297155"><ele>1947.75</ele></trkpt>
      <trkpt lat="42.140726968646" lon="23.764568008482"><ele>1947</ele></trkpt>
      <trkpt lat="42.140024984255" lon="23.764395006001"><ele>1946.86</ele></trkpt>
      <trkpt lat="42.139116972685" lon="23.764281012118"><ele>1948.38</ele></trkpt>
      <trkpt lat="42.138498974964" lon="23.764167018235"><ele>1946.88</ele></trkpt>
      <trkpt lat="42.138283979148" lon="23.764072973281"><ele>1944</ele></trkpt>
      <trkpt lat="42.138041993603" lon="23.763851020485"><ele>1947.88</ele></trkpt>
      <trkpt lat="42.137860022485" lon="23.763461010531"><ele>1950</ele></trkpt>
      <trkpt lat="42.137787016109" lon="23.763097990304"><ele>1946</ele></trkpt>
      <trkpt lat="42.137834038585" lon="23.762822980061"><ele>1946</ele></trkpt>
      <trkpt lat="42.137961024418" lon="23.762641008943"><ele>1946</ele></trkpt>
      <trkpt lat="42.138304011896" lon="23.76223096624"><ele>1945.33</ele></trkpt>
      <trkpt lat="42.13947404176" lon="23.761452035978"><ele>1939.75</ele></trkpt>
      <trkpt lat="42.140702996403" lon="23.760174969211"><ele>1933.19</ele></trkpt>
      <trkpt lat="42.141812006012" lon="23.758708974347"><ele>1929.53</ele></trkpt>
      <trkpt lat="42.142268987373" lon="23.758084019646"><ele>1927</ele></trkpt>
      <trkpt lat="42.142427992076" lon="23.75768898055"><ele>1927</ele></trkpt>
      <trkpt lat="42.142423968762" lon="23.757311040536"><ele>1928.25</ele></trkpt>
      <trkpt lat="42.142356997356" lon="23.756948020309"><ele>1931</ele></trkpt>
      <trkpt lat="42.142175026238" lon="23.756592040882"><ele>1936.63</ele></trkpt>
      <trkpt lat="42.141772024333" lon="23.756080996245"><ele>1935.75</ele></trkpt>
      <trkpt lat="42.141281012446" lon="23.755571041256"><ele>1942</ele></trkpt>
      <trkpt lat="42.141018994153" lon="23.754857992753"><ele>1938.88</ele></trkpt>
      <trkpt lat="42.140998961404" lon="23.754314007238"><ele>1940.25</ele></trkpt>
      <trkpt lat="42.141093006358" lon="23.752707028762"><ele>1943.5</ele></trkpt>
      <trkpt lat="42.141173975542" lon="23.752076039091"><ele>1945</ele></trkpt>
      <trkpt lat="42.141086971387" lon="23.75147103332"><ele>1940.38</ele></trkpt>
      <trkpt lat="42.140912041068" lon="23.750940039754"><ele>1933.75</ele></trkpt>
      <trkpt lat="42.140702996403" lon="23.750515999272"><ele>1927</ele></trkpt>
      <trkpt lat="42.140682963654" lon="23.750226991251"><ele>1927</ele></trkpt>
      <trkpt lat="42.140869041905" lon="23.749095015228"><ele>1935.25</ele></trkpt>
      <trkpt lat="42.140874993056" lon="23.749074982479"><ele>1935.25</ele></trkpt>
      <trkpt lat="42.140894019976" lon="23.748912038282"><ele>1938</ele></trkpt>
      <trkpt lat="42.140786983073" lon="23.748696958646"><ele>1937</ele></trkpt>
      <trkpt lat="42.140551032498" lon="23.748407028615"><ele>1939</ele></trkpt>
      <trkpt lat="42.140046022832" lon="23.747957004234"><ele>1934.75</ele></trkpt>
      <trkpt lat="42.139777969569" lon="23.747442020103"><ele>1931</ele></trkpt>
      <trkpt lat="42.139595998451" lon="23.747023008764"><ele>1935.88</ele></trkpt>
      <trkpt lat="42.139445962384" lon="23.746637022123"><ele>1937</ele></trkpt>
      <trkpt lat="42.139328029007" lon="23.746443986893"><ele>1943.75</ele></trkpt>
      <trkpt lat="42.139176987112" lon="23.746325969696"><ele>1942</ele></trkpt>
      <trkpt lat="42.13859796524" lon="23.746305014938"><ele>1940.5</ele></trkpt>
      <trkpt lat="42.138415994123" lon="23.746185991913"><ele>1935.25</ele></trkpt>
      <trkpt lat="42.13824399747" lon="23.746015001088"><ele>1937.83</ele></trkpt>
      <trkpt lat="42.138007963076" lon="23.745606970042"><ele>1947.5</ele></trkpt>
      <trkpt lat="42.137867985293" lon="23.745575034991"><ele>1952.25</ele></trkpt>
      <trkpt lat="42.137635974213" lon="23.745689028874"><ele>1937.75</ele></trkpt>
      <trkpt lat="42.137438999489" lon="23.745964961126"><ele>1930</ele></trkpt>
      <trkpt lat="42.137254010886" lon="23.746105022728"><ele>1929.75</ele></trkpt>
      <trkpt lat="42.137086959556" lon="23.74611097388"><ele>1930</ele></trkpt>
      <trkpt lat="42.136727962643" lon="23.7461040169"><ele>1936</ele></trkpt>
      <trkpt lat="42.136617992073" lon="23.746102005243"><ele>1939</ele></trkpt>
      <trkpt lat="42.136441972107" lon="23.746147016063"><ele>1939</ele></trkpt>
      <trkpt lat="42.136276010424" lon="23.746307026595"><ele>1939</ele></trkpt>
      <trkpt lat="42.13627198711" lon="23.746321024373"><ele>1939</ele></trkpt>
      <trkpt lat="42.135335979983" lon="23.748075021431"><ele>1927</ele></trkpt>
      <trkpt lat="42.135100029409" lon="23.748279036954"><ele>1930.75</ele></trkpt>
      <trkpt lat="42.134874975309" lon="23.748299991712"><ele>1933</ele></trkpt>
      <trkpt lat="42.134670959786" lon="23.748127995059"><ele>1935</ele></trkpt>
      <trkpt lat="42.134144995362" lon="23.746766019613"><ele>1938.7</ele></trkpt>
      <trkpt lat="42.133706035092" lon="23.745672013611"><ele>1956</ele></trkpt>
      <trkpt lat="42.133511994034" lon="23.745381999761"><ele>1955.5</ele></trkpt>
      <trkpt lat="42.133007990196" lon="23.745306981727"><ele>1951</ele></trkpt>
      <trkpt lat="42.132268035784" lon="23.744824016467"><ele>1948.25</ele></trkpt>
      <trkpt lat="42.132075000554" lon="23.744555963203"><ele>1957</ele></trkpt>
      <trkpt lat="42.131903003901" lon="23.744223034009"><ele>1954.42</ele></trkpt>
      <trkpt lat="42.131259022281" lon="23.742312965915"><ele>1976</ele></trkpt>
      <trkpt lat="42.131065987051" lon="23.742055976763"><ele>1976.75</ele></trkpt>
      <trkpt lat="42.129951026291" lon="23.741691028699"><ele>1957</ele></trkpt>
      <trkpt lat="42.129478035495" lon="23.741241004318"><ele>1969.5</ele></trkpt>
      <trkpt lat="42.129157008603" lon="23.740188991651"><ele>1966.5</ele></trkpt>
      <trkpt lat="42.129028011113" lon="23.739909958094"><ele>1962</ele></trkpt>
      <trkpt lat="42.12892097421" lon="23.739449037239"><ele>1963</ele></trkpt>
      <trkpt lat="42.128877975047" lon="23.738418985158"><ele>1957</ele></trkpt>
      <trkpt lat="42.129028011113" lon="23.737861001864"><ele>1943.63</ele></trkpt>
      <trkpt lat="42.129435958341" lon="23.736874032766"><ele>1952</ele></trkpt>
      <trkpt lat="42.130100978538" lon="23.736133994535"><ele>1935</ele></trkpt>
      <trkpt lat="42.130572963506" lon="23.735983036458"><ele>1936.17</ele></trkpt>
      <trkpt lat="42.131237983704" lon="23.735694028437"><ele>1930.17</ele></trkpt>
      <trkpt lat="42.131612990052" lon="23.73538297601"><ele>1927.75</ele></trkpt>
      <trkpt lat="42.131860004738" lon="23.735018027946"><ele>1941.75</ele></trkpt>
      <trkpt lat="42.131978021935" lon="23.734438000247"><ele>1939</ele></trkpt>
      <trkpt lat="42.132279016078" lon="23.733826959506"><ele>1915</ele></trkpt>
      <trkpt lat="42.132998015732" lon="23.733494030312"><ele>1929.5</ele></trkpt>
      <trkpt lat="42.133190967143" lon="23.733429992571"><ele>1926.5</ele></trkpt>
      <trkpt lat="42.13404902257" lon="23.7328509707"><ele>1924.88</ele></trkpt>
      <trkpt lat="42.134521007538" lon="23.732420979068"><ele>1940</ele></trkpt>
      <trkpt lat="42.134972037748" lon="23.732185028493"><ele>1921.38</ele></trkpt>
      <trkpt lat="42.135797990486" lon="23.73175595887"><ele>1933</ele></trkpt>
      <trkpt lat="42.13638799265" lon="23.731295038015"><ele>1926</ele></trkpt>
      <trkpt lat="42.136538028717" lon="23.731102002785"><ele>1926</ele></trkpt>
      <trkpt lat="42.137171030045" lon="23.730587018654"><ele>1941.75</ele></trkpt>
      <trkpt lat="42.137460960075" lon="23.730329023674"><ele>1929.5</ele></trkpt>
      <trkpt lat="42.138168979436" lon="23.729986036196"><ele>1943.08</ele></trkpt>
      <trkpt lat="42.138629984111" lon="23.729621004313"><ele>1946</ele></trkpt>
      <trkpt lat="42.138695027679" lon="23.729181038216"><ele>1944</ele></trkpt>
      <trkpt lat="42.13859796524" lon="23.728473018855"><ele>1938.75</ele></trkpt>
      <trkpt lat="42.137996982783" lon="23.727797018364"><ele>1949</ele></trkpt>
      <trkpt lat="42.137643015012" lon="23.727669026703"><ele>1945.75</ele></trkpt>
      <trkpt lat="42.137053012848" lon="23.727669026703"><ele>1944</ele></trkpt>
      <trkpt lat="42.136409031227" lon="23.72736803256"><ele>1951.5</ele></trkpt>
      <trkpt lat="42.135530021042" lon="23.727260995656"><ele>1952.75</ele></trkpt>
      <trkpt lat="42.134820995852" lon="23.72730399482"><ele>1945</ele></trkpt>
      <trkpt lat="42.134435009211" lon="23.726993026212"><ele>1946</ele></trkpt>
      <trkpt lat="42.134456969798" lon="23.726756991819"><ele>1946</ele></trkpt>
      <trkpt lat="42.134670959786" lon="23.725962974131"><ele>1943.38</ele></trkpt>
      <trkpt lat="42.134693004191" lon="23.72544799"><ele>1946.38</ele></trkpt>
      <trkpt lat="42.134811021388" lon="23.725179014727"><ele>1948.75</ele></trkpt>
      <trkpt lat="42.134777996689" lon="23.724933005869"><ele>1948.75</ele></trkpt>
      <trkpt lat="42.134541962296" lon="23.7245460134"><ele>1959.17</ele></trkpt>
      <trkpt lat="42.134069977328" lon="23.723848974332"><ele>1961.5</ele></trkpt>
      <trkpt lat="42.133554993197" lon="23.723462987691"><ele>1948.25</ele></trkpt>
      <trkpt lat="42.13324402459" lon="23.723118994385"><ele>1941.5</ele></trkpt>
      <trkpt lat="42.133030034602" lon="23.722797967494"><ele>1946</ele></trkpt>
      <trkpt lat="42.13276097551" lon="23.721938990057"><ele>1958.63</ele></trkpt>
      <trkpt lat="42.132708001882" lon="23.720566034317"><ele>1958.75</ele></trkpt>
      <trkpt lat="42.132622003555" lon="23.720319019631"><ele>1961.5</ele></trkpt>
      <trkpt lat="42.132139038295" lon="23.719964968041"><ele>1951</ele></trkpt>
      <trkpt lat="42.131635034457" lon="23.71964301914"><ele>1928</ele></trkpt>
      <trkpt lat="42.131537972018" lon="23.71944998391"><ele>1928</ele></trkpt>
      <trkpt lat="42.131474018097" lon="23.719225013629"><ele>1928</ele></trkpt>
      <trkpt lat="42.131463037804" lon="23.718796027824"><ele>1931</ele></trkpt>
      <trkpt lat="42.131441999227" lon="23.718569967896"><ele>1931</ele></trkpt>
      <trkpt lat="42.131474018097" lon="23.717636978254"><ele>1930.88</ele></trkpt>
      <trkpt lat="42.131184004247" lon="23.717046976089"><ele>1947</ele></trkpt>
      <trkpt lat="42.130904970691" lon="23.716670963913"><ele>1928</ele></trkpt>
      <trkpt lat="42.130584027618" lon="23.716596029699"><ele>1919</ele></trkpt>
      <trkpt lat="42.129896963015" lon="23.716670963913"><ele>1910</ele></trkpt>
      <trkpt lat="42.129392959177" lon="23.716596029699"><ele>1908.25</ele></trkpt>
      <trkpt lat="42.129048965871" lon="23.716402994469"><ele>1908.08</ele></trkpt>
      <trkpt lat="42.128748977557" lon="23.715878035873"><ele>1908</ele></trkpt>
      <trkpt lat="42.128329966217" lon="23.715726993978"><ele>1910.75</ele></trkpt>
      <trkpt lat="42.127911960706" lon="23.715878035873"><ele>1894</ele></trkpt>
      <trkpt lat="42.127611972392" lon="23.716241978109"><ele>1897</ele></trkpt>
      <trkpt lat="42.127161026001" lon="23.717346964404"><ele>1881.25</ele></trkpt>
      <trkpt lat="42.126935971901" lon="23.717744015157"><ele>1877.75</ele></trkpt>
      <trkpt lat="42.12619501166" lon="23.717969991267"><ele>1894.75</ele></trkpt>
      <trkpt lat="42.125766025856" lon="23.717969991267"><ele>1878</ele></trkpt>
      <trkpt lat="42.125305021182" lon="23.716585971415"><ele>1894.5</ele></trkpt>
      <trkpt lat="42.125154985115" lon="23.715920029208"><ele>1885</ele></trkpt>
      <trkpt lat="42.125207958743" lon="23.715159036219"><ele>1890.75</ele></trkpt>
      <trkpt lat="42.125701988116" lon="23.712261999026"><ele>1857</ele></trkpt>
      <trkpt lat="42.125723026693" lon="23.711800994352"><ele>1855</ele></trkpt>
      <trkpt lat="42.125766025856" lon="23.711542999372"><ele>1857</ele></trkpt>
      <trkpt lat="42.125282976776" lon="23.711103033274"><ele>1872.25</ele></trkpt>
      <trkpt lat="42.124778972939" lon="23.71077102609"><ele>1852.67</ele></trkpt>
      <trkpt lat="42.124511003494" lon="23.71022301726"><ele>1866</ele></trkpt>
      <trkpt lat="42.124059973285" lon="23.709235964343"><ele>1838.88</ele></trkpt>
      <trkpt lat="42.123936004937" lon="23.7088830024"><ele>1839.75</ele></trkpt>
      <trkpt lat="42.12392100133" lon="23.708838997409"><ele>1841</ele></trkpt>
      <trkpt lat="42.123835003003" lon="23.708282019943"><ele>1841</ele></trkpt>
      <trkpt lat="42.124092997983" lon="23.707595039159"><ele>1824</ele></trkpt>
      <trkpt lat="42.124317968264" lon="23.707187008113"><ele>1814.5</ele></trkpt>
      <trkpt lat="42.124618040398" lon="23.706778977066"><ele>1822</ele></trkpt>
      <trkpt lat="42.124982988462" lon="23.70638301596"><ele>1798</ele></trkpt>
      <trkpt lat="42.125454973429" lon="23.706027958542"><ele>1812.38</ele></trkpt>
      <trkpt lat="42.125830985606" lon="23.705813968554"><ele>1791.25</ele></trkpt>
      <trkpt lat="42.126506986097" lon="23.70548103936"><ele>1786.88</ele></trkpt>
      <trkpt lat="42.126967990771" lon="23.70538498275"><ele>1783</ele></trkpt>
      <trkpt lat="42.127461014315" lon="23.70538498275"><ele>1783</ele></trkpt>
      <trkpt lat="42.127848006785" lon="23.705438040197"><ele>1789</ele></trkpt>
      <trkpt lat="42.128061996773" lon="23.70538498275"><ele>1789</ele></trkpt>
      <trkpt lat="42.128276992589" lon="23.705051969737"><ele>1786.38</ele></trkpt>
      <trkpt lat="42.128447983414" lon="23.704569004476"><ele>1792.08</ele></trkpt>
      <trkpt lat="42.12863096036" lon="23.704289970919"><ele>1796.25</ele></trkpt>
      <trkpt lat="42.128642024472" lon="23.703871965408"><ele>1799</ele></trkpt>
      <trkpt lat="42.128481008112" lon="23.703593015671"><ele>1788.75</ele></trkpt>
      <trkpt lat="42.128137014806" lon="23.703431999311"><ele>1783</ele></trkpt>
      <trkpt lat="42.128040958196" lon="23.703270982951"><ele>1783</ele></trkpt>
      <trkpt lat="42.128084041178" lon="23.703089011833"><ele>1769</ele></trkpt>
      <trkpt lat="42.128115976229" lon="23.70294903405"><ele>1765</ele></trkpt>
      <trkpt lat="42.129005966708" lon="23.702145041898"><ele>1761</ele></trkpt>
      <trkpt lat="42.129650032148" lon="23.701500976458"><ele>1782</ele></trkpt>
      <trkpt lat="42.130175996572" lon="23.700600005686"><ele>1782.63</ele></trkpt>
      <trkpt lat="42.13038998656" lon="23.70032097213"><ele>1780</ele></trkpt>
      <trkpt lat="42.131131030619" lon="23.699291003868"><ele>1787.5</ele></trkpt>
      <trkpt lat="42.131635034457" lon="23.698733020574"><ele>1782</ele></trkpt>
      <trkpt lat="42.13164601475" lon="23.698496986181"><ele>1783.75</ele></trkpt>
      <trkpt lat="42.131537972018" lon="23.698218036443"><ele>1793.25</ele></trkpt>
      <trkpt lat="42.131399000064" lon="23.698110999539"><ele>1800.5</ele></trkpt>
      <trkpt lat="42.131237983704" lon="23.698034975678"><ele>1799.88</ele></trkpt>
      <trkpt lat="42.130970014259" lon="23.698089038953"><ele>1799.25</ele></trkpt>
      <trkpt lat="42.130154035985" lon="23.698347033933"><ele>1775.83</ele></trkpt>
      <trkpt lat="42.128760041669" lon="23.698615003377"><ele>1784</ele></trkpt>
      <trkpt lat="42.127923024818" lon="23.698357008398"><ele>1789</ele></trkpt>
      <trkpt lat="42.127258004621" lon="23.698218036443"><ele>1787.25</ele></trkpt>
      <trkpt lat="42.127172006294" lon="23.698120974004"><ele>1803</ele></trkpt>
      <trkpt lat="42.127129007131" lon="23.697960041463"><ele>1805</ele></trkpt>
      <trkpt lat="42.127149961889" lon="23.697702968493"><ele>1804.88</ele></trkpt>
      <trkpt lat="42.127654971555" lon="23.695803964511"><ele>1827</ele></trkpt>
      <trkpt lat="42.127762008458" lon="23.695202982053"><ele>1844</ele></trkpt>
      <trkpt lat="42.12782596238" lon="23.694978011772"><ele>1844</ele></trkpt>
      <trkpt lat="42.127739964053" lon="23.694892013445"><ele>1851.5</ele></trkpt>
      <trkpt lat="42.127321958542" lon="23.694236967713"><ele>1822.5</ele></trkpt>
      <trkpt lat="42.127181980759" lon="23.693775963038"><ele>1829</ele></trkpt>
      <trkpt lat="42.127181980759" lon="23.693131981418"><ele>1841.25</ele></trkpt>
      <trkpt lat="42.127063963562" lon="23.692970965058"><ele>1842</ele></trkpt>
      <trkpt lat="42.126838993281" lon="23.692864011973"><ele>1842</ele></trkpt>
      <trkpt lat="42.125958977267" lon="23.693411014974"><ele>1817.75</ele></trkpt>
      <trkpt lat="42.125434018672" lon="23.69343297556"><ele>1822</ele></trkpt>
      <trkpt lat="42.125294040889" lon="23.693358041346"><ele>1821.5</ele></trkpt>
      <trkpt lat="42.12516495958" lon="23.693208005279"><ele>1824</ele></trkpt>
      <trkpt lat="42.12516495958" lon="23.693003989756"><ele>1827.75</ele></trkpt>
      <trkpt lat="42.125282976776" lon="23.69246696122"><ele>1834.25</ele></trkpt>
      <trkpt lat="42.127043008804" lon="23.689914001152"><ele>1871.25</ele></trkpt>
      <trkpt lat="42.127557992935" lon="23.689001966268"><ele>1886.5</ele></trkpt>
      <trkpt lat="42.127654971555" lon="23.688733996823"><ele>1890.13</ele></trkpt>
      <trkpt lat="42.127557992935" lon="23.688422022387"><ele>1886.88</ele></trkpt>
      <trkpt lat="42.127139987424" lon="23.688047016039"><ele>1886.38</ele></trkpt>
      <trkpt lat="42.127000009641" lon="23.68772498332"><ele>1888.75</ele></trkpt>
      <trkpt lat="42.126795994118" lon="23.687509987503"><ele>1884</ele></trkpt>
      <trkpt lat="42.126410007477" lon="23.687231959775"><ele>1876.38</ele></trkpt>
      <trkpt lat="42.12619501166" lon="23.687016963959"><ele>1878</ele></trkpt>
      <trkpt lat="42.126153018326" lon="23.686266029254"><ele>1881.5</ele></trkpt>
      <trkpt lat="42.126367008314" lon="23.685300014913"><ele>1879</ele></trkpt>
      <trkpt lat="42.126367008314" lon="23.684882009402"><ele>1879</ele></trkpt>
      <trkpt lat="42.126153018326" lon="23.684410024434"><ele>1880</ele></trkpt>
      <trkpt lat="42.12616299279" lon="23.684163009748"><ele>1879.5</ele></trkpt>
      <trkpt lat="42.126248991117" lon="23.683969974518"><ele>1875</ele></trkpt>
      <trkpt lat="42.126377988607" lon="23.68385204114"><ele>1875</ele></trkpt>
      <trkpt lat="42.12658200413" lon="23.683883976191"><ele>1875</ele></trkpt>
      <trkpt lat="42.12677503936" lon="23.683969974518"><ele>1877.5</ele></trkpt>
      <trkpt lat="42.126935971901" lon="23.684206008911"><ele>1877.5</ele></trkpt>
      <trkpt lat="42.127333022654" lon="23.684688974172"><ele>1878.13</ele></trkpt>
      <trkpt lat="42.127686990425" lon="23.68490296416"><ele>1886</ele></trkpt>
      <trkpt lat="42.12853398174" lon="23.685343014076"><ele>1902.75</ele></trkpt>
      <trkpt lat="42.128780996427" lon="23.685321975499"><ele>1907</ele></trkpt>
      <trkpt lat="42.129080984741" lon="23.685097005218"><ele>1907</ele></trkpt>
      <trkpt lat="42.129790009931" lon="23.684355961159"><ele>1917</ele></trkpt>
      <trkpt lat="42.129928981885" lon="23.684098972008"><ele>1911</ele></trkpt>
      <trkpt lat="42.130025960505" lon="23.68353000842"><ele>1910.63</ele></trkpt>
      <trkpt lat="42.130423011258" lon="23.682617973536"><ele>1929.88</ele></trkpt>
      <trkpt lat="42.130722999573" lon="23.681964017451"><ele>1908</ele></trkpt>
      <trkpt lat="42.131174029782" lon="23.681566966698"><ele>1916</ele></trkpt>
      <trkpt lat="42.132557965815" lon="23.681169999763"><ele>1915.63</ele></trkpt>
      <trkpt lat="42.133030034602" lon="23.680890966207"><ele>1933</ele></trkpt>
      <trkpt lat="42.133330022916" lon="23.680664990097"><ele>1921.88</ele></trkpt>
      <trkpt lat="42.133759008721" lon="23.680483018979"><ele>1916</ele></trkpt>
      <trkpt lat="42.134296037257" lon="23.680461980402"><ele>1920.75</ele></trkpt>
      <trkpt lat="42.134521007538" lon="23.68035402149"><ele>1929.17</ele></trkpt>
      <trkpt lat="42.134929038584" lon="23.68003198877"><ele>1930</ele></trkpt>
      <trkpt lat="42.135089971125" lon="23.679979015142"><ele>1925</ele></trkpt>
      <trkpt lat="42.135207988322" lon="23.6799999699"><ele>1921.25</ele></trkpt>
      <trkpt lat="42.135819029063" lon="23.680655015633"><ele>1931.5</ele></trkpt>
      <trkpt lat="42.135959006846" lon="23.68067597039"><ele>1943.67</ele></trkpt>
      <trkpt lat="42.136097978801" lon="23.680644035339"><ele>1936.33</ele></trkpt>
      <trkpt lat="42.136398972943" lon="23.680418981239"><ele>1929</ele></trkpt>
      <trkpt lat="42.137202965096" lon="23.680117987096"><ele>1942</ele></trkpt>
      <trkpt lat="42.137600015849" lon="23.679828979075"><ele>1943.5</ele></trkpt>
      <trkpt lat="42.137696994469" lon="23.679710961878"><ele>1956.25</ele></trkpt>
      <trkpt lat="42.137804031372" lon="23.679452966899"><ele>1969</ele></trkpt>
      <trkpt lat="42.137782992795" lon="23.679088018835"><ele>1968.5</ele></trkpt>
      <trkpt lat="42.137320982292" lon="23.6784659978"><ele>1948</ele></trkpt>
      <trkpt lat="42.13606595993" lon="23.677092958242"><ele>1937</ele></trkpt>
      <trkpt lat="42.135893963277" lon="23.676503039896"><ele>1909</ele></trkpt>
      <trkpt lat="42.136344993487" lon="23.675386989489"><ele>1901</ele></trkpt>
      <trkpt lat="42.13687104173" lon="23.674678970128"><ele>1887.5</ele></trkpt>
      <trkpt lat="42.137675033882" lon="23.674432039261"><ele>1890.5</ele></trkpt>
      <trkpt lat="42.138691004366" lon="23.67441996932"><ele>1894.75</ele></trkpt>
      <trkpt lat="42.139097023755" lon="23.674196004868"><ele>1895.88</ele></trkpt>
      <trkpt lat="42.140258001164" lon="23.674042029306"><ele>1886</ele></trkpt>
      <trkpt lat="42.140384986997" lon="23.673954019323"><ele>1873</ele></trkpt>
      <trkpt lat="42.140557989478" lon="23.673828039318"><ele>1861</ele></trkpt>
      <trkpt lat="42.140767034143" lon="23.673830972984"><ele>1861</ele></trkpt>
      <trkpt lat="42.140992004424" lon="23.673896016553"><ele>1864.38</ele></trkpt>
      <trkpt lat="42.141212029383" lon="23.673857962713"><ele>1867.88</ele></trkpt>
      <trkpt lat="42.142046028748" lon="23.673515981063"><ele>1882.88</ele></trkpt>
      <trkpt lat="42.142221964896" lon="23.673397963867"><ele>1883</ele></trkpt>
      <trkpt lat="42.142362026498" lon="23.673222027719"><ele>1886.25</ele></trkpt>
      <trkpt lat="42.142417011783" lon="23.673026980832"><ele>1888</ele></trkpt>
      <trkpt lat="42.142337970436" lon="23.672851966694"><ele>1888</ele></trkpt>
      <trkpt lat="42.142214002088" lon="23.672715006396"><ele>1883.5</ele></trkpt>
      <trkpt lat="42.141837989911" lon="23.672501016408"><ele>1883.5</ele></trkpt>
      <trkpt lat="42.140164040029" lon="23.67115999572"><ele>1940.25</ele></trkpt>
      <trkpt lat="42.139434982091" lon="23.670987999067"><ele>1919.54</ele></trkpt>
      <trkpt lat="42.139167012647" lon="23.671009959653"><ele>1914.36</ele></trkpt>
      <trkpt lat="42.138534011319" lon="23.671116996557"><ele>1915.13</ele></trkpt>
      <trkpt lat="42.138254977763" lon="23.671267032623"><ele>1931</ele></trkpt>
      <trkpt lat="42.138062026352" lon="23.67122403346"><ele>1931</ele></trkpt>
      <trkpt lat="42.137653995305" lon="23.671052036807"><ele>1928</ele></trkpt>
      <trkpt lat="42.136999033391" lon="23.670731009915"><ele>1922.5</ele></trkpt>
      <trkpt lat="42.136838017032" lon="23.670536968857"><ele>1925.5</ele></trkpt>
      <trkpt lat="42.136172996834" lon="23.669571960345"><ele>1987.25</ele></trkpt>
      <trkpt lat="42.134992992505" lon="23.66869202815"><ele>1965</ele></trkpt>
      <trkpt lat="42.134713958949" lon="23.668541992083"><ele>1965</ele></trkpt>
      <trkpt lat="42.13433903642" lon="23.668435038999"><ele>1948.5</ele></trkpt>
      <trkpt lat="42.134103002027" lon="23.66833797656"><ele>1934.5</ele></trkpt>
      <trkpt lat="42.133974004537" lon="23.668059026822"><ele>1973</ele></trkpt>
      <trkpt lat="42.133931005374" lon="23.667887030169"><ele>1973</ele></trkpt>
      <trkpt lat="42.133834026754" lon="23.667769012973"><ele>1973</ele></trkpt>
      <trkpt lat="42.133061969653" lon="23.667887030169"><ele>1960.75</ele></trkpt>
      <trkpt lat="42.132772039622" lon="23.668156005442"><ele>1942.75</ele></trkpt>
      <trkpt lat="42.132654022425" lon="23.66820897907"><ele>1944.25</ele></trkpt>
      <trkpt lat="42.132514966652" lon="23.668145025149"><ele>1948.5</ele></trkpt>
      <trkpt lat="42.132471967489" lon="23.668080987409"><ele>1948.5</ele></trkpt>
      <trkpt lat="42.132299970835" lon="23.667286969721"><ele>1965</ele></trkpt>
      <trkpt lat="42.132096039131" lon="23.667017994449"><ele>1991</ele></trkpt>
      <trkpt lat="42.131913984194" lon="23.66696502082"><ele>1985.63</ele></trkpt>
      <trkpt lat="42.131655989215" lon="23.666997039691"><ele>1980.25</ele></trkpt>
      <trkpt lat="42.131474018097" lon="23.667060993612"><ele>1977.63</ele></trkpt>
      <trkpt lat="42.131259022281" lon="23.667060993612"><ele>1975</ele></trkpt>
      <trkpt lat="42.131002033129" lon="23.666974995285"><ele>1964.75</ele></trkpt>
      <trkpt lat="42.130314968526" lon="23.666138984263"><ele>1972</ele></trkpt>
      <trkpt lat="42.130314968526" lon="23.665645038709"><ele>1975.75</ele></trkpt>
      <trkpt lat="42.130283033475" lon="23.665505982935"><ele>1978.5</ele></trkpt>
      <trkpt lat="42.130100978538" lon="23.665495002642"><ele>1975.5</ele></trkpt>
      <trkpt lat="42.129595968872" lon="23.66570899263"><ele>1962.75</ele></trkpt>
      <trkpt lat="42.129456996918" lon="23.665666999295"><ele>1957.5</ele></trkpt>
      <trkpt lat="42.129318024963" lon="23.665559040383"><ele>1957.88</ele></trkpt>
      <trkpt lat="42.129166983068" lon="23.665152015164"><ele>1955</ele></trkpt>
      <trkpt lat="42.128341030329" lon="23.663714015856"><ele>1954.63</ele></trkpt>
      <trkpt lat="42.128372965381" lon="23.663285030052"><ele>1948.5</ele></trkpt>
      <trkpt lat="42.128490982577" lon="23.662930978462"><ele>1963.5</ele></trkpt>
      <trkpt lat="42.128813015297" lon="23.662168979645"><ele>1991.25</ele></trkpt>
      <trkpt lat="42.128909993917" lon="23.66170797497"><ele>1992.5</ele></trkpt>
      <trkpt lat="42.128909993917" lon="23.66125702858"><ele>1997</ele></trkpt>
      <trkpt lat="42.128716958687" lon="23.660301994532"><ele>2012</ele></trkpt>
      <trkpt lat="42.128395009786" lon="23.659658012912"><ele>1991</ele></trkpt>
      <trkpt lat="42.128190994263" lon="23.658960973844"><ele>1985.75</ele></trkpt>
      <trkpt lat="42.127880025655" lon="23.658178020269"><ele>1987.25</ele></trkpt>
      <trkpt lat="42.127891005948" lon="23.657952966169"><ele>1987.13</ele></trkpt>
      <trkpt lat="42.128201974556" lon="23.657041015103"><ele>1995.75</ele></trkpt>
      <trkpt lat="42.128255032003" lon="23.656826019287"><ele>1995.75</ele></trkpt>
      <trkpt lat="42.128223013133" lon="23.656203998253"><ele>1997.38</ele></trkpt>
      <trkpt lat="42.12818001397" lon="23.656128980219"><ele>1999</ele></trkpt>
      <trkpt lat="42.128040958196" lon="23.656107019633"><ele>1999</ele></trkpt>
      <trkpt lat="42.127868961543" lon="23.65622503683"><ele>1999</ele></trkpt>
      <trkpt lat="42.127579031512" lon="23.656526030973"><ele>1979.5</ele></trkpt>
      <trkpt lat="42.127428995445" lon="23.656503986567"><ele>1975</ele></trkpt>
      <trkpt lat="42.127333022654" lon="23.656289996579"><ele>1980.83</ele></trkpt>
      <trkpt lat="42.127161026001" lon="23.653971981257"><ele>1999</ele></trkpt>
      <trkpt lat="42.127063963562" lon="23.653822029009"><ele>2011</ele></trkpt>
      <trkpt lat="42.126786019653" lon="23.653650032356"><ele>2003</ele></trkpt>
      <trkpt lat="42.125906003639" lon="23.653232026845"><ele>1985.25</ele></trkpt>
      <trkpt lat="42.125658988953" lon="23.653006972745"><ele>1979.1</ele></trkpt>
      <trkpt lat="42.125294040889" lon="23.652556026354"><ele>1974.9</ele></trkpt>
      <trkpt lat="42.125079967082" lon="23.652190994471"><ele>1966.75</ele></trkpt>
      <trkpt lat="42.125047026202" lon="23.65209502168"><ele>1966</ele></trkpt>
      <trkpt lat="42.125047026202" lon="23.651997959241"><ele>1967.5</ele></trkpt>
      <trkpt lat="42.125079967082" lon="23.651868961751"><ele>1967.5</ele></trkpt>
      <trkpt lat="42.125207958743" lon="23.651408040896"><ele>1977.63</ele></trkpt>
      <trkpt lat="42.125251041725" lon="23.65116102621"><ele>1981.75</ele></trkpt>
      <trkpt lat="42.125090025365" lon="23.650914011523"><ele>1974.5</ele></trkpt>
      <trkpt lat="42.125015007332" lon="23.650881992653"><ele>1965.25</ele></trkpt>
      <trkpt lat="42.124446965754" lon="23.650775039569"><ele>1963.75</ele></trkpt>
      <trkpt lat="42.124263988808" lon="23.650314034894"><ele>1955.5</ele></trkpt>
      <trkpt lat="42.12437203154" lon="23.649529991671"><ele>1969</ele></trkpt>
      <trkpt lat="42.124747037888" lon="23.648735973984"><ele>1964</ele></trkpt>
      <trkpt lat="42.124844016507" lon="23.648060979322"><ele>1965.75</ele></trkpt>
      <trkpt lat="42.124715019017" lon="23.647888982669"><ele>1965.88</ele></trkpt>
      <trkpt lat="42.124543022364" lon="23.647707011551"><ele>1966</ele></trkpt>
      <trkpt lat="42.124478984624" lon="23.647245001048"><ele>1964.13</ele></trkpt>
      <trkpt lat="42.124489964917" lon="23.647040985525"><ele>1963</ele></trkpt>
      <trkpt lat="42.124672019854" lon="23.646751977503"><ele>1962.13</ele></trkpt>
      <trkpt lat="42.124887015671" lon="23.646226013079"><ele>1957.25</ele></trkpt>
      <trkpt lat="42.124876035377" lon="23.646064996719"><ele>1957.25</ele></trkpt>
      <trkpt lat="42.124833036214" lon="23.645893000066"><ele>1957</ele></trkpt>
      <trkpt lat="42.124801017344" lon="23.645560992882"><ele>1954</ele></trkpt>
      <trkpt lat="42.124982988462" lon="23.644476961344"><ele>1953.75</ele></trkpt>
      <trkpt lat="42.124982988462" lon="23.644316028804"><ele>1954</ele></trkpt>
      <trkpt lat="42.124907970428" lon="23.644155012444"><ele>1954</ele></trkpt>
      <trkpt lat="42.124607982114" lon="23.643898023292"><ele>1961.5</ele></trkpt>
      <trkpt lat="42.123653031886" lon="23.642964027822"><ele>1958.5</ele></trkpt>
      <trkpt lat="42.123406017199" lon="23.642374025658"><ele>1946.5</ele></trkpt>
      <trkpt lat="42.123094964772" lon="23.641772959381"><ele>1947</ele></trkpt>
      <trkpt lat="42.123083984479" lon="23.641375992447"><ele>1942</ele></trkpt>
      <trkpt lat="42.123180963099" lon="23.641097964719"><ele>1942</ele></trkpt>
      <trkpt lat="42.123899040744" lon="23.640003036708"><ele>1948</ele></trkpt>
      <trkpt lat="42.123996019363" lon="23.639756022021"><ele>1925.25</ele></trkpt>
      <trkpt lat="42.124339006841" lon="23.639005003497"><ele>1923.75</ele></trkpt>
      <trkpt lat="42.125133024529" lon="23.638287009671"><ele>1905.75</ele></trkpt>
      <trkpt lat="42.12600197643" lon="23.637749981135"><ele>1905.75</ele></trkpt>
      <trkpt lat="42.12635602802" lon="23.637611009181"><ele>1913.25</ele></trkpt>
      <trkpt lat="42.126473961398" lon="23.637502966449"><ele>1901.88</ele></trkpt>
      <trkpt lat="42.127043008804" lon="23.63725704141"><ele>1907.25</ele></trkpt>
      <trkpt lat="42.127762008458" lon="23.636472998187"><ele>1912</ele></trkpt>
      <trkpt lat="42.128415964544" lon="23.635583007708"><ele>1893.75</ele></trkpt>
      <trkpt lat="42.12898501195" lon="23.635143041611"><ele>1907</ele></trkpt>
      <trkpt lat="42.12911400944" lon="23.634853027761"><ele>1911.5</ele></trkpt>
      <trkpt lat="42.12911400944" lon="23.634639037773"><ele>1916</ele></trkpt>
      <trkpt lat="42.129005966708" lon="23.634498976171"><ele>1916</ele></trkpt>
      <trkpt lat="42.128716958687" lon="23.634423958138"><ele>1915.88</ele></trkpt>
      <trkpt lat="42.128287972882" lon="23.634092034772"><ele>1892</ele></trkpt>
      <trkpt lat="42.127848006785" lon="23.633834039792"><ele>1911</ele></trkpt>
      <trkpt lat="42.127118026838" lon="23.633813001215"><ele>1897.63</ele></trkpt>
      <trkpt lat="42.125958977267" lon="23.634059010074"><ele>1877.5</ele></trkpt>
      <trkpt lat="42.125337040052" lon="23.63411298953"><ele>1878</ele></trkpt>
      <trkpt lat="42.125068986788" lon="23.634006036445"><ele>1883.25</ele></trkpt>
      <trkpt lat="42.124157035723" lon="23.633877038956"><ele>1879.75</ele></trkpt>
      <trkpt lat="42.12359896861" lon="23.633533967659"><ele>1876</ele></trkpt>
      <trkpt lat="42.123407023028" lon="23.633302040398"><ele>1860</ele></trkpt>
      <trkpt lat="42.123020030558" lon="23.632836006582"><ele>1856</ele></trkpt>
      <trkpt lat="42.122879968956" lon="23.632289003581"><ele>1850.25</ele></trkpt>
      <trkpt lat="42.123094964772" lon="23.631795980036"><ele>1847</ele></trkpt>
      <trkpt lat="42.123899040744" lon="23.630927028134"><ele>1844</ele></trkpt>
      <trkpt lat="42.124758018181" lon="23.629907034338"><ele>1833</ele></trkpt>
      <trkpt lat="42.12516495958" lon="23.629156015813"><ele>1843.25</ele></trkpt>
      <trkpt lat="42.125380039215" lon="23.628641031682"><ele>1857</ele></trkpt>
      <trkpt lat="42.125583970919" lon="23.627461027354"><ele>1834.25</ele></trkpt>
      <trkpt lat="42.125830985606" lon="23.626849986613"><ele>1803</ele></trkpt>
      <trkpt lat="42.126463986933" lon="23.626001989469"><ele>1804.88</ele></trkpt>
      <trkpt lat="42.127000009641" lon="23.625519024208"><ele>1793</ele></trkpt>
      <trkpt lat="42.127537038177" lon="23.625207971781"><ele>1793</ele></trkpt>
      <trkpt lat="42.127880025655" lon="23.62514401786"><ele>1796</ele></trkpt>
      <trkpt lat="42.128084041178" lon="23.6249830015"><ele>1795.75</ele></trkpt>
      <trkpt lat="42.12818001397" lon="23.624597014859"><ele>1794.75</ele></trkpt>
      <trkpt lat="42.128158975393" lon="23.624285040423"><ele>1795</ele></trkpt>
      <trkpt lat="42.12801899761" lon="23.62401698716"><ele>1800.88</ele></trkpt>
      <trkpt lat="42.127739964053" lon="23.623759998009"><ele>1803.13</ele></trkpt>
      <trkpt lat="42.126689041033" lon="23.623340986669"><ele>1799.25</ele></trkpt>
      <trkpt lat="42.125219022855" lon="23.623288013041"><ele>1798.13</ele></trkpt>
      <trkpt lat="42.124511003494" lon="23.623910034075"><ele>1792</ele></trkpt>
      <trkpt lat="42.124157035723" lon="23.624007012695"><ele>1795.75</ele></trkpt>
      <trkpt lat="42.123910021037" lon="23.623812971637"><ele>1802</ele></trkpt>
      <trkpt lat="42.123696031049" lon="23.623340986669"><ele>1802</ele></trkpt>
      <trkpt lat="42.124059973285" lon="23.621035041288"><ele>1810.5</ele></trkpt>
      <trkpt lat="42.12392100133" lon="23.619961990044"><ele>1818.5</ele></trkpt>
      <trkpt lat="42.123781023547" lon="23.619553958997"><ele>1826.17</ele></trkpt>
      <trkpt lat="42.123610032722" lon="23.619167972356"><ele>1818.75</ele></trkpt>
      <trkpt lat="42.12346997112" lon="23.618695987388"><ele>1806.5</ele></trkpt>
      <trkpt lat="42.123373998329" lon="23.617913033813"><ele>1801.25</ele></trkpt>
      <trkpt lat="42.123395036906" lon="23.617505002767"><ele>1800.75</ele></trkpt>
      <trkpt lat="42.123320018873" lon="23.617085991427"><ele>1792.25</ele></trkpt>
      <trkpt lat="42.123323958367" lon="23.616967974231"><ele>1792.25</ele></trkpt>
      <trkpt lat="42.123312978074" lon="23.616840988398"><ele>1792</ele></trkpt>
      <trkpt lat="42.123274002224" lon="23.616789020598"><ele>1792</ele></trkpt>
      <trkpt lat="42.123195966706" lon="23.616715008393"><ele>1792</ele></trkpt>
      <trkpt lat="42.123088007793" lon="23.616719031706"><ele>1792</ele></trkpt>
      <trkpt lat="42.122257025912" lon="23.617448005825"><ele>1788.5</ele></trkpt>
      <trkpt lat="42.121928958222" lon="23.617895012721"><ele>1790.5</ele></trkpt>
      <trkpt lat="42.121581025422" lon="23.618311006576"><ele>1792.75</ele></trkpt>
      <trkpt lat="42.120868982747" lon="23.619693014771"><ele>1785.63</ele></trkpt>
      <trkpt lat="42.120528006926" lon="23.62013197504"><ele>1778.08</ele></trkpt>
      <trkpt lat="42.12033203803" lon="23.620336996391"><ele>1776</ele></trkpt>
      <trkpt lat="42.120201028883" lon="23.620437998325"><ele>1786.83</ele></trkpt>
      <trkpt lat="42.119840020314" lon="23.620717031881"><ele>1808.5</ele></trkpt>
      <trkpt lat="42.119426960126" lon="23.620978966355"><ele>1790</ele></trkpt>
      <trkpt lat="42.119190003723" lon="23.62122698687"><ele>1829</ele></trkpt>
      <trkpt lat="42.118943994865" lon="23.621806008741"><ele>1802.13</ele></trkpt>
      <trkpt lat="42.118666972965" lon="23.622810998932"><ele>1795.25</ele></trkpt>
      <trkpt lat="42.118466980755" lon="23.623398989439"><ele>1811.75</ele></trkpt>
      <trkpt lat="42.118015028536" lon="23.624137016013"><ele>1816.75</ele></trkpt>
      <trkpt lat="42.117853006348" lon="23.624301971868"><ele>1814</ele></trkpt>
      <trkpt lat="42.117572966963" lon="23.624055041"><ele>1828.88</ele></trkpt>
      <trkpt lat="42.117294017226" lon="23.623361019418"><ele>1839</ele></trkpt>
      <trkpt lat="42.117163008079" lon="23.623114004731"><ele>1858.25</ele></trkpt>
      <trkpt lat="42.117018001154" lon="23.622841006145"><ele>1862</ele></trkpt>
      <trkpt lat="42.116608964279" lon="23.621924025938"><ele>1861</ele></trkpt>
      <trkpt lat="42.116536041722" lon="23.621826963499"><ele>1861</ele></trkpt>
      <trkpt lat="42.116411989555" lon="23.621702995151"><ele>1861</ele></trkpt>
      <trkpt lat="42.116301013157" lon="23.621673993766"><ele>1861</ele></trkpt>
      <trkpt lat="42.116199005395" lon="23.621687991545"><ele>1861</ele></trkpt>
      <trkpt lat="42.116090040654" lon="23.621752029285"><ele>1860.13</ele></trkpt>
      <trkpt lat="42.115815030411" lon="23.622090993449"><ele>1857.63</ele></trkpt>
      <trkpt lat="42.115601040423" lon="23.622453007847"><ele>1852.33</ele></trkpt>
      <trkpt lat="42.115428037941" lon="23.623004034162"><ele>1844.67</ele></trkpt>
      <trkpt lat="42.115208012983" lon="23.625429002568"><ele>1847.25</ele></trkpt>
      <trkpt lat="42.115198960528" lon="23.625676017255"><ele>1847.5</ele></trkpt>
      <trkpt lat="42.115247994661" lon="23.626112965867"><ele>1847</ele></trkpt>
      <trkpt lat="42.115239026025" lon="23.626281023026"><ele>1846.5</ele></trkpt>
      <trkpt lat="42.115260986611" lon="23.626528959721"><ele>1846</ele></trkpt>
      <trkpt lat="42.115219999105" lon="23.626678995788"><ele>1854.88</ele></trkpt>
      <trkpt lat="42.115093013272" lon="23.626830037683"><ele>1863.75</ele></trkpt>
      <trkpt lat="42.114743990824" lon="23.627060959116"><ele>1872.58</ele></trkpt>
      <trkpt lat="42.114207968116" lon="23.627506038174"><ele>1881.75</ele></trkpt>
      <trkpt lat="42.113420991227" lon="23.627936029807"><ele>1920</ele></trkpt>
      <trkpt lat="42.113252012059" lon="23.628140967339"><ele>1914.25</ele></trkpt>
      <trkpt lat="42.113113040105" lon="23.628441961482"><ele>1905.5</ele></trkpt>
      <trkpt lat="42.113097030669" lon="23.628683025017"><ele>1896.75</ele></trkpt>
      <trkpt lat="42.113154027611" lon="23.629361037165"><ele>1884.25</ele></trkpt>
      <trkpt lat="42.113287970424" lon="23.630256978795"><ele>1895.5</ele></trkpt>
      <trkpt lat="42.113329041749" lon="23.6306339968"><ele>1900</ele></trkpt>
      <trkpt lat="42.113340022042" lon="23.630805993453"><ele>1900</ele></trkpt>
      <trkpt lat="42.113292999566" lon="23.630908001214"><ele>1900</ele></trkpt>
      <trkpt lat="42.113303979859" lon="23.631050996482"><ele>1900</ele></trkpt>
      <trkpt lat="42.113182023168" lon="23.631197009236"><ele>1900</ele></trkpt>
      <trkpt lat="42.112299995497" lon="23.632009970024"><ele>1918.4</ele></trkpt>
      <trkpt lat="42.111240020022" lon="23.632745984942"><ele>1925.17</ele></trkpt>
      <trkpt lat="42.110883034766" lon="23.632872970775"><ele>1934.17</ele></trkpt>
      <trkpt lat="42.110424041748" lon="23.632907001302"><ele>1945.5</ele></trkpt>
      <trkpt lat="42.110006036237" lon="23.63273399882"><ele>1941.5</ele></trkpt>
      <trkpt lat="42.109227022156" lon="23.632091023028"><ele>1951.8</ele></trkpt>
      <trkpt lat="42.1088960208" lon="23.631590958685"><ele>1950</ele></trkpt>
      <trkpt lat="42.108359998092" lon="23.630480021238"><ele>1954.25</ele></trkpt>
      <trkpt lat="42.10718200542" lon="23.62759899348"><ele>1964</ele></trkpt>
      <trkpt lat="42.107048984617" lon="23.626170968637"><ele>1979.8</ele></trkpt>
      <trkpt lat="42.106958040968" lon="23.625986985862"><ele>1979.8</ele></trkpt>
      <trkpt lat="42.106854021549" lon="23.625607034191"><ele>1975.4</ele></trkpt>
      <trkpt lat="42.106570964679" lon="23.624803964049"><ele>1978.33</ele></trkpt>
      <trkpt lat="42.106369966641" lon="23.624357040972"><ele>1983.33</ele></trkpt>
      <trkpt lat="42.105811983347" lon="23.623730996624"><ele>1981.33</ele></trkpt>
      <trkpt lat="42.105709975585" lon="23.623545002192"><ele>1979</ele></trkpt>
      <trkpt lat="42.105663958937" lon="23.623206038028"><ele>1979.5</ele></trkpt>
      <trkpt lat="42.105663958937" lon="23.623034963384"><ele>1981.75</ele></trkpt>
      <trkpt lat="42.105782981962" lon="23.622756013647"><ele>1985.13</ele></trkpt>
      <trkpt lat="42.105808965862" lon="23.622584016994"><ele>1985.13</ele></trkpt>
      <trkpt lat="42.105797985569" lon="23.62239299342"><ele>1991</ele></trkpt>
      <trkpt lat="42.105801003054" lon="23.62185202539"><ele>1991</ele></trkpt>
      <trkpt lat="42.105905022472" lon="23.621664019302"><ele>1993</ele></trkpt>
      <trkpt lat="42.106184978038" lon="23.621680028737"><ele>2005</ele></trkpt>
      <trkpt lat="42.106268964708" lon="23.621764015406"><ele>2005</ele></trkpt>
      <trkpt lat="42.106326967478" lon="23.621858982369"><ele>2005</ele></trkpt>
      <trkpt lat="42.106378013268" lon="23.622041037306"><ele>2005</ele></trkpt>
      <trkpt lat="42.106457976624" lon="23.622507993132"><ele>2002.75</ele></trkpt>
      <trkpt lat="42.106449007988" lon="23.62269599922"><ele>2002</ele></trkpt>
      <trkpt lat="42.106440961361" lon="23.622932033613"><ele>2002</ele></trkpt>
      <trkpt lat="42.106512961909" lon="23.623051978648"><ele>2000.5</ele></trkpt>
      <trkpt lat="42.106589991599" lon="23.623075028881"><ele>2001.25</ele></trkpt>
      <trkpt lat="42.106678001583" lon="23.622927004471"><ele>2003.25</ele></trkpt>
      <trkpt lat="42.106723012403" lon="23.622761964798"><ele>2003.69</ele></trkpt>
      <trkpt lat="42.106689987704" lon="23.621988985687"><ele>2005</ele></trkpt>
      <trkpt lat="42.106646988541" lon="23.621550025418"><ele>2005.5</ele></trkpt>
      <trkpt lat="42.106508016586" lon="23.62132396549"><ele>2007</ele></trkpt>
      <trkpt lat="42.106347000226" lon="23.621195973828"><ele>2007</ele></trkpt>
      <trkpt lat="42.10593896918" lon="23.620788026601"><ele>2007.35</ele></trkpt>
      <trkpt lat="42.105242013931" lon="23.620166005567"><ele>2008.75</ele></trkpt>
      <trkpt lat="42.104200981557" lon="23.619296969846"><ele>2016.92</ele></trkpt>
      <trkpt lat="42.103771995753" lon="23.619167972356"><ele>2014.83</ele></trkpt>
      <trkpt lat="42.10087495856" lon="23.619467960671"><ele>2018.75</ele></trkpt>
      <trkpt lat="42.100285040215" lon="23.619812037796"><ele>2014.5</ele></trkpt>
      <trkpt lat="42.099480964243" lon="23.620476974174"><ele>2013</ele></trkpt>
      <trkpt lat="42.098332978785" lon="23.621260011569"><ele>2023</ele></trkpt>
      <trkpt lat="42.097355984151" lon="23.621731996536"><ele>2013</ele></trkpt>
      <trkpt lat="42.096272958443" lon="23.621796034276"><ele>2014.38</ele></trkpt>
      <trkpt lat="42.095318008214" lon="23.621870968491"><ele>2016</ele></trkpt>
      <trkpt lat="42.094233976677" lon="23.622976960614"><ele>2006.25</ele></trkpt>
      <trkpt lat="42.093751011416" lon="23.623320031911"><ele>1998</ele></trkpt>
      <trkpt lat="42.093580020592" lon="23.623394966125"><ele>1996</ele></trkpt>
      <trkpt lat="42.093353960663" lon="23.623383985832"><ele>1995</ele></trkpt>
      <trkpt lat="42.093151034787" lon="23.623297987506"><ele>1996.75</ele></trkpt>
      <trkpt lat="42.093033017591" lon="23.623169995844"><ele>2000.75</ele></trkpt>
      <trkpt lat="42.092967974022" lon="23.622955000028"><ele>2000.75</ele></trkpt>
      <trkpt lat="42.092947019264" lon="23.622698010877"><ele>2001.08</ele></trkpt>
      <trkpt lat="42.092924974859" lon="23.622569013387"><ele>2001.08</ele></trkpt>
      <trkpt lat="42.092495989054" lon="23.62132396549"><ele>1983.06</ele></trkpt>
      <trkpt lat="42.092443015426" lon="23.620670009404"><ele>1974.75</ele></trkpt>
      <trkpt lat="42.092452989891" lon="23.619694020599"><ele>1971.25</ele></trkpt>
      <trkpt lat="42.092485008761" lon="23.619210971519"><ele>1970.25</ele></trkpt>
      <trkpt lat="42.092592967674" lon="23.618588028476"><ele>1975.5</ele></trkpt>
      <trkpt lat="42.092548962682" lon="23.618306983262"><ele>1974</ele></trkpt>
      <trkpt lat="42.092451984063" lon="23.618188966066"><ele>1976.5</ele></trkpt>
      <trkpt lat="42.092281999066" lon="23.618170022964"><ele>1977.25</ele></trkpt>
      <trkpt lat="42.092194994912" lon="23.61817304045"><ele>1977.25</ele></trkpt>
      <trkpt lat="42.092053005472" lon="23.618187038228"><ele>1977.25</ele></trkpt>
      <trkpt lat="42.092013023794" lon="23.618233976886"><ele>1977.25</ele></trkpt>
      <trkpt lat="42.091981004924" lon="23.618299020454"><ele>1972.75</ele></trkpt>
      <trkpt lat="42.091895006597" lon="23.618362974375"><ele>1972.75</ele></trkpt>
      <trkpt lat="42.091605998576" lon="23.618437992409"><ele>1971.67</ele></trkpt>
      <trkpt lat="42.091209031641" lon="23.618577970192"><ele>1971</ele></trkpt>
      <trkpt lat="42.090467987582" lon="23.618834959343"><ele>1973</ele></trkpt>
      <trkpt lat="42.090221978724" lon="23.618964040652"><ele>1972</ele></trkpt>
      <trkpt lat="42.090006982908" lon="23.619253970683"><ele>1963.75</ele></trkpt>
      <trkpt lat="42.089287983254" lon="23.620594991371"><ele>1953</ele></trkpt>
      <trkpt lat="42.08921296522" lon="23.620808981359"><ele>1953</ele></trkpt>
      <trkpt lat="42.089126966894" lon="23.620969997719"><ele>1953</ele></trkpt>
      <trkpt lat="42.088987994939" lon="23.621131014079"><ele>1953</ele></trkpt>
      <trkpt lat="42.088611982763" lon="23.621464027092"><ele>1949</ele></trkpt>
      <trkpt lat="42.088365973905" lon="23.621550025418"><ele>1944.25</ele></trkpt>
      <trkpt lat="42.088236976415" lon="23.621635017917"><ele>1943.5</ele></trkpt>
      <trkpt lat="42.088139997795" lon="23.62167801708"><ele>1942.75</ele></trkpt>
      <trkpt lat="42.088032960892" lon="23.621753035113"><ele>1942.75</ele></trkpt>
      <trkpt lat="42.087946962565" lon="23.621850013733"><ele>1943</ele></trkpt>
      <trkpt lat="42.087926007807" lon="23.622011030093"><ele>1943</ele></trkpt>
      <trkpt lat="42.088001025841" lon="23.622472034767"><ele>1928.25</ele></trkpt>
      <trkpt lat="42.087978981435" lon="23.622536994517"><ele>1927</ele></trkpt>
      <trkpt lat="42.087926007807" lon="23.622569013387"><ele>1927</ele></trkpt>
      <trkpt lat="42.087764991447" lon="23.622558033094"><ele>1927</ele></trkpt>
      <trkpt lat="42.087668012828" lon="23.622407997027"><ele>1931.67</ele></trkpt>
      <trkpt lat="42.087603975087" lon="23.622236000374"><ele>1936.33</ele></trkpt>
      <trkpt lat="42.087388979271" lon="23.621988985687"><ele>1941</ele></trkpt>
      <trkpt lat="42.087024031207" lon="23.621711041778"><ele>1940</ele></trkpt>
      <trkpt lat="42.08687399514" lon="23.62167801708"><ele>1936</ele></trkpt>
      <trkpt lat="42.086723959073" lon="23.621667958796"><ele>1932.5</ele></trkpt>
      <trkpt lat="42.086316011846" lon="23.6217749957"><ele>1931.67</ele></trkpt>
      <trkpt lat="42.086059022695" lon="23.6217749957"><ele>1931.25</ele></trkpt>
      <trkpt lat="42.085941005498" lon="23.6217749957"><ele>1930.25</ele></trkpt>
      <trkpt lat="42.085812008008" lon="23.621731996536"><ele>1931.13</ele></trkpt>
      <trkpt lat="42.085661971942" lon="23.621602999046"><ele>1931.13</ele></trkpt>
      <trkpt lat="42.085403976962" lon="23.621292030439"><ele>1935</ele></trkpt>
      <trkpt lat="42.085394002497" lon="23.621184993535"><ele>1935</ele></trkpt>
      <trkpt lat="42.085403976962" lon="23.620690964162"><ele>1939.67</ele></trkpt>
      <trkpt lat="42.085340023041" lon="23.61998302862"><ele>1942.75</ele></trkpt>
      <trkpt lat="42.085232986137" lon="23.619660995901"><ele>1944.25</ele></trkpt>
      <trkpt lat="42.085157968104" lon="23.61959695816"><ele>1941.25</ele></trkpt>
      <trkpt lat="42.085007010028" lon="23.619576003402"><ele>1934</ele></trkpt>
      <trkpt lat="42.084879018366" lon="23.619660995901"><ele>1934</ele></trkpt>
      <trkpt lat="42.08469604142" lon="23.620132980868"><ele>1924.17</ele></trkpt>
      <trkpt lat="42.084450032562" lon="23.620551992208"><ele>1920.5</ele></trkpt>
      <trkpt lat="42.084413990378" lon="23.620631033555"><ele>1920.5</ele></trkpt>
      <trkpt lat="42.08422598429" lon="23.620777968317"><ele>1910.5</ele></trkpt>
      <trkpt lat="42.084125988185" lon="23.620805041865"><ele>1909</ele></trkpt>
      <trkpt lat="42.083798004314" lon="23.620558027178"><ele>1917.63</ele></trkpt>
      <trkpt lat="42.083473959938" lon="23.620345965028"><ele>1916.75</ele></trkpt>
      <trkpt lat="42.083243038505" lon="23.620324004441"><ele>1912</ele></trkpt>
      <trkpt lat="42.082822015509" lon="23.620492983609"><ele>1910.25</ele></trkpt>
      <trkpt lat="42.0825960394" lon="23.620529025793"><ele>1898.5</ele></trkpt>
      <trkpt lat="42.082454971969" lon="23.62030598335"><ele>1898.5</ele></trkpt>
      <trkpt lat="42.082238970324" lon="23.619884960353"><ele>1898.5</ele></trkpt>
      <trkpt lat="42.082049036399" lon="23.619403000921"><ele>1895.25</ele></trkpt>
      <trkpt lat="42.08182901144" lon="23.619173001498"><ele>1892</ele></trkpt>
      <trkpt lat="42.081652991474" lon="23.619024977088"><ele>1890.5</ele></trkpt>
      <trkpt lat="42.081484012306" lon="23.618995975703"><ele>1890.25</ele></trkpt>
      <trkpt lat="42.081210007891" lon="23.619200997055"><ele>1884</ele></trkpt>
      <trkpt lat="42.080922005698" lon="23.619234021753"><ele>1877.75</ele></trkpt>
      <trkpt lat="42.080756966025" lon="23.619182975963"><ele>1873.75</ele></trkpt>
      <trkpt lat="42.080655964091" lon="23.619007039815"><ele>1875.75</ele></trkpt>
      <trkpt lat="42.080591004342" lon="23.618794977665"><ele>1878.75</ele></trkpt>
      <trkpt lat="42.080563008785" lon="23.618363980204"><ele>1879</ele></trkpt>
      <trkpt lat="42.080523027107" lon="23.618074972183"><ele>1887</ele></trkpt>
      <trkpt lat="42.08041800186" lon="23.61787699163"><ele>1895</ele></trkpt>
      <trkpt lat="42.080308031291" lon="23.617804991081"><ele>1895</ele></trkpt>
      <trkpt lat="42.080202000216" lon="23.617755034938"><ele>1890.5</ele></trkpt>
      <trkpt lat="42.080163024366" lon="23.617783030495"><ele>1887.5</ele></trkpt>
      <trkpt lat="42.080105021596" lon="23.617927031592"><ele>1885.5</ele></trkpt>
      <trkpt lat="42.080264026299" lon="23.618125012144"><ele>1882.75</ele></trkpt>
      <trkpt lat="42.080396963283" lon="23.618207992986"><ele>1880</ele></trkpt>
      <trkpt lat="42.08042495884" lon="23.618394993246"><ele>1879</ele></trkpt>
      <trkpt lat="42.08035396412" lon="23.6187590193"><ele>1877</ele></trkpt>
      <trkpt lat="42.080299984664" lon="23.619154980406"><ele>1874</ele></trkpt>
      <trkpt lat="42.080496959388" lon="23.61974498257"><ele>1866</ele></trkpt>
      <trkpt lat="42.080687982962" lon="23.620123006403"><ele>1862.13</ele></trkpt>
      <trkpt lat="42.080871965736" lon="23.620313024148"><ele>1865.75</ele></trkpt>
      <trkpt lat="42.081258958206" lon="23.62045400776"><ele>1874</ele></trkpt>
      <trkpt lat="42.081354008988" lon="23.620572024956"><ele>1872.25</ele></trkpt>
      <trkpt lat="42.081397008151" lon="23.620745027438"><ele>1867.25</ele></trkpt>
      <trkpt lat="42.081372030079" lon="23.620961029083"><ele>1862</ele></trkpt>
      <trkpt lat="42.081300029531" lon="23.621159009635"><ele>1862</ele></trkpt>
      <trkpt lat="42.081303969026" lon="23.621447011828"><ele>1858.25</ele></trkpt>
      <trkpt lat="42.081393990666" lon="23.621735014021"><ele>1848</ele></trkpt>
      <trkpt lat="42.081574033946" lon="23.621946992353"><ele>1848</ele></trkpt>
      <trkpt lat="42.081743013114" lon="23.622156037018"><ele>1855.25</ele></trkpt>
      <trkpt lat="42.081915009767" lon="23.622613018379"><ele>1849.75</ele></trkpt>
      <trkpt lat="42.08198399283" lon="23.622743021697"><ele>1849.75</ele></trkpt>
      <trkpt lat="42.082078037784" lon="23.622802030295"><ele>1850</ele></trkpt>
      <trkpt lat="42.082121036947" lon="23.622829020023"><ele>1850</ele></trkpt>
      <trkpt lat="42.082323040813" lon="23.622905965894"><ele>1850</ele></trkpt>
      <trkpt lat="42.082415996119" lon="23.622991964221"><ele>1850</ele></trkpt>
      <trkpt lat="42.082438040525" lon="23.623142000288"><ele>1844.75</ele></trkpt>
      <trkpt lat="42.082400992513" lon="23.62321802415"><ele>1841</ele></trkpt>
      <trkpt lat="42.082333015278" lon="23.623281978071"><ele>1837.75</ele></trkpt>
      <trkpt lat="42.082195971161" lon="23.623292958364"><ele>1834</ele></trkpt>
      <trkpt lat="42.082059010863" lon="23.623290024698"><ele>1836.5</ele></trkpt>
      <trkpt lat="42.082056999207" lon="23.623288013041"><ele>1836.5</ele></trkpt>
      <trkpt lat="42.081504967064" lon="23.622800018638"><ele>1835</ele></trkpt>
      <trkpt lat="42.081015966833" lon="23.622440015897"><ele>1827.5</ele></trkpt>
      <trkpt lat="42.080692006275" lon="23.622277993709"><ele>1823.5</ele></trkpt>
      <trkpt lat="42.08051498048" lon="23.622285034508"><ele>1824.5</ele></trkpt>
      <trkpt lat="42.080436022952" lon="23.622349994257"><ele>1824.5</ele></trkpt>
      <trkpt lat="42.080436022952" lon="23.622516039759"><ele>1819</ele></trkpt>
      <trkpt lat="42.08051498048" lon="23.622781997547"><ele>1819</ele></trkpt>
      <trkpt lat="42.080673985183" lon="23.623246019706"><ele>1811.25</ele></trkpt>
      <trkpt lat="42.080706004053" lon="23.623689003289"><ele>1810.08</ele></trkpt>
      <trkpt lat="42.080774987116" lon="23.624289985746"><ele>1802</ele></trkpt>
      <trkpt lat="42.080854028463" lon="23.624660968781"><ele>1802</ele></trkpt>
      <trkpt lat="42.081033987924" lon="23.625106969848"><ele>1804.25</ele></trkpt>
      <trkpt lat="42.081571016461" lon="23.625861005858"><ele>1799</ele></trkpt>
      <trkpt lat="42.081562969834" lon="23.625883972272"><ele>1796</ele></trkpt>
      <trkpt lat="42.081542015076" lon="23.626301977783"><ele>1796</ele></trkpt>
      <trkpt lat="42.081477977335" lon="23.626453019679"><ele>1796</ele></trkpt>
      <trkpt lat="42.081176983193" lon="23.626828026026"><ele>1790</ele></trkpt>
      <trkpt lat="42.081070030108" lon="23.627149974927"><ele>1789.25</ele></trkpt>
      <trkpt lat="42.081081010401" lon="23.627267992124"><ele>1786.5</ele></trkpt>
      <trkpt lat="42.081144964322" lon="23.627535961568"><ele>1783.75</ele></trkpt>
      <trkpt lat="42.081230962649" lon="23.627687003464"><ele>1783.75</ele></trkpt>
      <trkpt lat="42.081262981519" lon="23.62783703953"><ele>1781</ele></trkpt>
      <trkpt lat="42.081262981519" lon="23.627965031192"><ele>1781</ele></trkpt>
      <trkpt lat="42.081176983193" lon="23.628148008138"><ele>1779.75</ele></trkpt>
      <trkpt lat="42.081005992368" lon="23.628309024498"><ele>1778.06</ele></trkpt>
      <trkpt lat="42.080974979326" lon="23.628355041146"><ele>1778.06</ele></trkpt>
      <trkpt lat="42.080713966861" lon="23.62868797034"><ele>1774.69</ele></trkpt>
      <trkpt lat="42.08066903986" lon="23.628744967282"><ele>1773</ele></trkpt>
      <trkpt lat="42.080591004342" lon="23.629116034135"><ele>1767.5</ele></trkpt>
      <trkpt lat="42.080631991848" lon="23.62928098999"><ele>1767</ele></trkpt>
      <trkpt lat="42.080773981288" lon="23.629408981651"><ele>1767</ele></trkpt>
      <trkpt lat="42.081016972661" lon="23.629437983036"><ele>1765.5</ele></trkpt>
      <trkpt lat="42.081181006506" lon="23.629602016881"><ele>1764</ele></trkpt>
      <trkpt lat="42.081214031205" lon="23.629694972187"><ele>1763.75</ele></trkpt>
      <trkpt lat="42.081199027598" lon="23.629832016304"><ele>1760.5</ele></trkpt>
      <trkpt lat="42.081116968766" lon="23.629965959117"><ele>1756.25</ele></trkpt>
      <trkpt lat="42.079630019143" lon="23.630155976862"><ele>1747</ele></trkpt>
      <trkpt lat="42.079285020009" lon="23.630019016564"><ele>1741.75</ele></trkpt>
      <trkpt lat="42.078882018104" lon="23.629490034655"><ele>1741.6</ele></trkpt>
      <trkpt lat="42.078673979267" lon="23.629161966965"><ele>1741.5</ele></trkpt>
      <trkpt lat="42.07860801369" lon="23.629058031365"><ele>1741.5</ele></trkpt>
      <trkpt lat="42.078368961811" lon="23.628082964569"><ele>1730</ele></trkpt>
      <trkpt lat="42.077999990433" lon="23.627812983468"><ele>1725.58</ele></trkpt>
      <trkpt lat="42.076591998339" lon="23.627329012379"><ele>1710.75</ele></trkpt>
      <trkpt lat="42.076484039426" lon="23.627552976832"><ele>1706</ele></trkpt>
      <trkpt lat="42.076794002205" lon="23.628028985113"><ele>1710</ele></trkpt>
      <trkpt lat="42.07670096308" lon="23.628439027816"><ele>1702.88</ele></trkpt>
      <trkpt lat="42.076357975602" lon="23.629783987999"><ele>1695</ele></trkpt>
      <trkpt lat="42.075840979815" lon="23.630678001791"><ele>1683</ele></trkpt>
      <trkpt lat="42.075537974015" lon="23.631346961483"><ele>1683.25</ele></trkpt>
      <trkpt lat="42.075348040089" lon="23.632314987481"><ele>1683.38</ele></trkpt>
      <trkpt lat="42.075239997357" lon="23.633053014055"><ele>1676.75</ele></trkpt>
      <trkpt lat="42.075195992365" lon="23.633355014026"><ele>1672.5</ele></trkpt>
      <trkpt lat="42.074899021536" lon="23.634627973661"><ele>1661</ele></trkpt>
      <trkpt lat="42.074993988499" lon="23.635081015527"><ele>1657.92</ele></trkpt>
      <trkpt lat="42.075228011236" lon="23.635313026607"><ele>1659.75</ele></trkpt>
      <trkpt lat="42.075356002897" lon="23.635604968295"><ele>1657.75</ele></trkpt>
      <trkpt lat="42.075395984575" lon="23.636621022597"><ele>1650.25</ele></trkpt>
      <trkpt lat="42.075193980709" lon="23.637215970084"><ele>1640.75</ele></trkpt>
      <trkpt lat="42.075199009851" lon="23.637583013624"><ele>1634.25</ele></trkpt>
      <trkpt lat="42.07537997514" lon="23.637867998332"><ele>1636</ele></trkpt>
      <trkpt lat="42.076216991991" lon="23.638349035755"><ele>1628</ele></trkpt>
      <trkpt lat="42.076425030828" lon="23.638505022973"><ele>1623.75</ele></trkpt>
      <trkpt lat="42.076381025836" lon="23.638734016567"><ele>1624</ele></trkpt>
      <trkpt lat="42.076335009187" lon="23.63882898353"><ele>1624</ele></trkpt>
      <trkpt lat="42.075736038387" lon="23.638785984367"><ele>1621</ele></trkpt>
      <trkpt lat="42.07517998293" lon="23.638894027099"><ele>1620.5</ele></trkpt>
      <trkpt lat="42.073976006359" lon="23.639730960131"><ele>1600</ele></trkpt>
      <trkpt lat="42.072221003473" lon="23.640578035265"><ele>1582.06</ele></trkpt>
      <trkpt lat="42.071737032384" lon="23.640905013308"><ele>1572.25</ele></trkpt>
      <trkpt lat="42.071650028229" lon="23.641112968326"><ele>1571</ele></trkpt>
      <trkpt lat="42.071737032384" lon="23.641323018819"><ele>1572.75</ele></trkpt>
      <trkpt lat="42.072507999837" lon="23.641430977732"><ele>1574.45</ele></trkpt>
      <trkpt lat="42.073018038645" lon="23.641585959122"><ele>1572</ele></trkpt>
      <trkpt lat="42.073156004772" lon="23.641755022109"><ele>1569</ele></trkpt>
      <trkpt lat="42.0731829945" lon="23.642018968239"><ele>1569</ele></trkpt>
      <trkpt lat="42.073090961203" lon="23.642144026235"><ele>1569</ele></trkpt>
      <trkpt lat="42.071866029873" lon="23.643308021128"><ele>1559.75</ele></trkpt>
      <trkpt lat="42.071465961635" lon="23.64328798838"><ele>1553</ele></trkpt>
      <trkpt lat="42.070751991123" lon="23.644600007683"><ele>1543.69</ele></trkpt>
      <trkpt lat="42.070500031114" lon="23.645041985437"><ele>1539.53</ele></trkpt>
      <trkpt lat="42.068907972425" lon="23.647164031863"><ele>1521</ele></trkpt>
      <trkpt lat="42.068713009357" lon="23.64781698212"><ele>1522</ele></trkpt>
      <trkpt lat="42.068345965818" lon="23.649264033884"><ele>1502.75</ele></trkpt>
      <trkpt lat="42.067859983072" lon="23.650111025199"><ele>1508.15</ele></trkpt>
      <trkpt lat="42.067714976147" lon="23.650325015187"><ele>1509.5</ele></trkpt>
      <trkpt lat="42.06775101833" lon="23.651137975976"><ele>1513.25</ele></trkpt>
      <trkpt lat="42.067746995017" lon="23.651730995625"><ele>1505</ele></trkpt>
      <trkpt lat="42.067629983649" lon="23.651806013659"><ele>1496.75</ele></trkpt>
      <trkpt lat="42.06693998538" lon="23.651733007282"><ele>1488</ele></trkpt>
      <trkpt lat="42.065831981599" lon="23.65235301666"><ele>1471</ele></trkpt>
      <trkpt lat="42.064715009183" lon="23.654198963195"><ele>1462</ele></trkpt>
      <trkpt lat="42.064726995304" lon="23.655143016949"><ele>1467</ele></trkpt>
      <trkpt lat="42.063852008432" lon="23.655583988875"><ele>1443.5</ele></trkpt>
      <trkpt lat="42.063521007076" lon="23.656370965764"><ele>1440.75</ele></trkpt>
      <trkpt lat="42.063484964892" lon="23.657142017037"><ele>1442</ele></trkpt>
      <trkpt lat="42.062649959698" lon="23.657478969544"><ele>1432.25</ele></trkpt>
      <trkpt lat="42.062192978337" lon="23.657028023154"><ele>1420</ele></trkpt>
      <trkpt lat="42.061689980328" lon="23.657053001225"><ele>1418.5</ele></trkpt>
      <trkpt lat="42.061237022281" lon="23.65857004188"><ele>1416</ele></trkpt>
      <trkpt lat="42.058752961457" lon="23.661882989109"><ele>1375.88</ele></trkpt>
      <trkpt lat="42.05764202401" lon="23.664544997737"><ele>1355.25</ele></trkpt>
      <trkpt lat="42.055241027847" lon="23.668555989861"><ele>1319.06</ele></trkpt>
      <trkpt lat="42.055028965697" lon="23.66889202036"><ele>1315</ele></trkpt>
      <trkpt lat="42.054696036503" lon="23.669417984784"><ele>1315</ele></trkpt>
      <trkpt lat="42.054064041004" lon="23.670365978032"><ele>1315</ele></trkpt>
      <trkpt lat="42.05396999605" lon="23.670576028526"><ele>1315</ele></trkpt>
      <trkpt lat="42.053834041581" lon="23.670791024342"><ele>1315.5</ele></trkpt>
      <trkpt lat="42.053684005514" lon="23.670919016004"><ele>1316</ele></trkpt>
      <trkpt lat="42.052884958684" lon="23.671412039548"><ele>1306.75</ele></trkpt>
      <trkpt lat="42.052727965638" lon="23.671532990411"><ele>1306.5</ele></trkpt>
      <trkpt lat="42.052535014227" lon="23.671646984294"><ele>1306.25</ele></trkpt>
      <trkpt lat="42.05238497816" lon="23.671675985679"><ele>1306</ele></trkpt>
      <trkpt lat="42.052213987336" lon="23.671669028699"><ele>1305.5</ele></trkpt>
      <trkpt lat="42.052188003436" lon="23.671513963491"><ele>1300.5</ele></trkpt>
      <trkpt lat="42.052218010649" lon="23.671417990699"><ele>1297.75</ele></trkpt>
      <trkpt lat="42.052295040339" lon="23.671299973503"><ele>1297</ele></trkpt>
      <trkpt lat="42.052640039474" lon="23.671149015427"><ele>1302.25</ele></trkpt>
      <trkpt lat="42.052756967023" lon="23.671067040414"><ele>1307</ele></trkpt>
      <trkpt lat="42.052934998646" lon="23.670990010723"><ele>1303.42</ele></trkpt>
      <trkpt lat="42.053233981133" lon="23.670654986054"><ele>1296.25</ele></trkpt>
      <trkpt lat="42.053356021643" lon="23.670483995229"><ele>1297</ele></trkpt>
      <trkpt lat="42.053413018584" lon="23.670327002183"><ele>1298.75</ele></trkpt>
      <trkpt lat="42.053441014141" lon="23.670141007751"><ele>1295.92</ele></trkpt>
      <trkpt lat="42.053441014141" lon="23.67001301609"><ele>1295.92</ele></trkpt>
      <trkpt lat="42.053362978622" lon="23.669841019437"><ele>1293.08</ele></trkpt>
      <trkpt lat="42.053342023864" lon="23.669662987813"><ele>1290.25</ele></trkpt>
      <trkpt lat="42.053348980844" lon="23.66949099116"><ele>1290.25</ele></trkpt>
      <trkpt lat="42.053541010246" lon="23.669098969549"><ele>1301</ele></trkpt>
      <trkpt lat="42.053713006899" lon="23.66862799041"><ele>1301</ele></trkpt>
      <trkpt lat="42.053756006062" lon="23.668449036777"><ele>1301</ele></trkpt>
      <trkpt lat="42.053762963042" lon="23.668191963807"><ele>1298</ele></trkpt>
      <trkpt lat="42.053736979142" lon="23.667900022119"><ele>1295</ele></trkpt>
      <trkpt lat="42.05378299579" lon="23.667691983283"><ele>1292</ele></trkpt>
      <trkpt lat="42.053934037685" lon="23.667028974742"><ele>1283</ele></trkpt>
      <trkpt lat="42.053926996887" lon="23.66677198559"><ele>1283</ele></trkpt>
      <trkpt lat="42.053883997723" lon="23.666399996728"><ele>1280</ele></trkpt>
      <trkpt lat="42.053784001619" lon="23.66611501202"><ele>1280</ele></trkpt>
      <trkpt lat="42.053713006899" lon="23.6660440173"><ele>1280</ele></trkpt>
      <trkpt lat="42.053584009409" lon="23.666072012857"><ele>1280</ele></trkpt>
      <trkpt lat="42.053533969447" lon="23.666172008961"><ele>1274</ele></trkpt>
      <trkpt lat="42.053490970284" lon="23.666385998949"><ele>1269.5</ele></trkpt>
      <trkpt lat="42.05350597389" lon="23.666642988101"><ele>1270.13</ele></trkpt>
      <trkpt lat="42.053476972505" lon="23.666956974193"><ele>1267.63</ele></trkpt>
      <trkpt lat="42.053356021643" lon="23.66730700247"><ele>1260.75</ele></trkpt>
      <trkpt lat="42.053248984739" lon="23.667486039922"><ele>1266</ele></trkpt>
      <trkpt lat="42.053156029433" lon="23.66770002991"><ele>1266</ele></trkpt>
      <trkpt lat="42.052970035002" lon="23.667891975492"><ele>1266</ele></trkpt>
      <trkpt lat="42.052451027557" lon="23.668225994334"><ele>1248.75</ele></trkpt>
      <trkpt lat="42.052221028134" lon="23.668812979013"><ele>1250</ele></trkpt>
      <trkpt lat="42.052178028971" lon="23.668878022581"><ele>1250</ele></trkpt>
      <trkpt lat="42.052035033703" lon="23.668878022581"><ele>1250</ele></trkpt>
      <trkpt lat="42.051927996799" lon="23.668769979849"><ele>1246.25</ele></trkpt>
      <trkpt lat="42.051900001243" lon="23.668669983745"><ele>1250</ele></trkpt>
      <trkpt lat="42.052007038146" lon="23.66829900071"><ele>1250</ele></trkpt>
      <trkpt lat="42.052198983729" lon="23.667920976877"><ele>1238</ele></trkpt>
      <trkpt lat="42.05238497816" lon="23.667692989111"><ele>1241</ele></trkpt>
      <trkpt lat="42.052563009784" lon="23.667543036863"><ele>1247</ele></trkpt>
      <trkpt lat="42.052692007273" lon="23.66731395945"><ele>1252.25</ele></trkpt>
      <trkpt lat="42.052792003378" lon="23.66704297252"><ele>1255.5</ele></trkpt>
      <trkpt lat="42.0527780056" lon="23.666836023331"><ele>1255.75</ele></trkpt>
      <trkpt lat="42.052712962031" lon="23.666656985879"><ele>1251.75</ele></trkpt>
      <trkpt lat="42.052549012005" lon="23.666622033343"><ele>1238.5</ele></trkpt>
      <trkpt lat="42.052413979545" lon="23.666542991996"><ele>1234.63</ele></trkpt>
      <trkpt lat="42.052327981219" lon="23.666457999498"><ele>1230.75</ele></trkpt>
      <trkpt lat="42.052249023691" lon="23.666407959536"><ele>1230.75</ele></trkpt>
      <trkpt lat="42.052141986787" lon="23.666258007288"><ele>1231</ele></trkpt>
      <trkpt lat="42.052111979574" lon="23.666114006191"><ele>1231</ele></trkpt>
      <trkpt lat="42.052163025364" lon="23.665758026764"><ele>1227.67</ele></trkpt>
      <trkpt lat="42.052211975679" lon="23.665647972375"><ele>1227.67</ele></trkpt>
      <trkpt lat="42.052406016737" lon="23.665415039286"><ele>1221</ele></trkpt>
      <trkpt lat="42.052427977324" lon="23.665314959362"><ele>1221</ele></trkpt>
      <trkpt lat="42.052427977324" lon="23.665223009884"><ele>1221</ele></trkpt>
      <trkpt lat="42.05238497816" lon="23.665115972981"><ele>1221</ele></trkpt>
      <trkpt lat="42.052349019796" lon="23.665086971596"><ele>1221</ele></trkpt>
      <trkpt lat="42.052284982055" lon="23.665066016838"><ele>1221</ele></trkpt>
      <trkpt lat="42.052235025913" lon="23.665086971596"><ele>1221</ele></trkpt>
      <trkpt lat="42.051988011226" lon="23.665432976559"><ele>1219.19</ele></trkpt>
      <trkpt lat="42.051739990711" lon="23.666091961786"><ele>1213.75</ele></trkpt>
      <trkpt lat="42.051694979891" lon="23.666465962306"><ele>1210.75</ele></trkpt>
      <trkpt lat="42.051734961569" lon="23.667022017762"><ele>1213.5</ele></trkpt>
      <trkpt lat="42.051700009033" lon="23.667150009423"><ele>1211.5</ele></trkpt>
      <trkpt lat="42.051477972418" lon="23.667449997738"><ele>1205.25</ele></trkpt>
      <trkpt lat="42.050850000232" lon="23.668099008501"><ele>1190.25</ele></trkpt>
      <trkpt lat="42.050807001069" lon="23.668199004605"><ele>1190.25</ele></trkpt>
      <trkpt lat="42.050779005513" lon="23.668349040672"><ele>1194.5</ele></trkpt>
      <trkpt lat="42.050779005513" lon="23.668541992083"><ele>1196</ele></trkpt>
      <trkpt lat="42.050742963329" lon="23.668649028987"><ele>1196</ele></trkpt>
      <trkpt lat="42.050679009408" lon="23.668778026477"><ele>1196</ele></trkpt>
      <trkpt lat="42.050608014688" lon="23.668878022581"><ele>1196</ele></trkpt>
      <trkpt lat="42.050474993885" lon="23.668962009251"><ele>1200.67</ele></trkpt>
      <trkpt lat="42.050261003897" lon="23.669221010059"><ele>1210</ele></trkpt>
      <trkpt lat="42.050079032779" lon="23.6696589645"><ele>1184.25</ele></trkpt>
      <trkpt lat="42.050108034164" lon="23.669841019437"><ele>1190.75</ele></trkpt>
      <trkpt lat="42.050079032779" lon="23.669962976128"><ele>1190.75</ele></trkpt>
      <trkpt lat="42.049994040281" lon="23.670112006366"><ele>1188</ele></trkpt>
      <trkpt lat="42.049901001155" lon="23.670233963057"><ele>1188</ele></trkpt>
      <trkpt lat="42.049701008946" lon="23.670247960836"><ele>1188</ele></trkpt>
      <trkpt lat="42.049630014226" lon="23.670276962221"><ele>1188</ele></trkpt>
      <trkpt lat="42.049530018121" lon="23.670440996066"><ele>1188</ele></trkpt>
      <trkpt lat="42.049456005916" lon="23.670660015196"><ele>1188</ele></trkpt>
      <trkpt lat="42.049436978996" lon="23.671025969088"><ele>1194.25</ele></trkpt>
      <trkpt lat="42.049265988171" lon="23.671412039548"><ele>1181.75</ele></trkpt>
      <trkpt lat="42.049050992355" lon="23.671711022034"><ele>1178</ele></trkpt>
      <trkpt lat="42.049001036212" lon="23.671740023419"><ele>1178</ele></trkpt>
      <trkpt lat="42.048743963242" lon="23.671783022583"><ele>1178</ele></trkpt>
      <trkpt lat="42.048423020169" lon="23.671626029536"><ele>1165.25</ele></trkpt>
      <trkpt lat="42.048187991604" lon="23.671432994306"><ele>1147.25</ele></trkpt>
      <trkpt lat="42.04795204103" lon="23.671440035105"><ele>1145.75</ele></trkpt>
      <trkpt lat="42.04762397334" lon="23.671589987352"><ele>1149.08</ele></trkpt>
      <trkpt lat="42.047403026372" lon="23.671895004809"><ele>1147</ele></trkpt>
      <trkpt lat="42.047345023602" lon="23.672240003943"><ele>1152</ele></trkpt>
      <trkpt lat="42.047245027497" lon="23.672381993383"><ele>1161</ele></trkpt>
      <trkpt lat="42.047060038894" lon="23.672561030835"><ele>1157</ele></trkpt>
      <trkpt lat="42.046881001443" lon="23.672681981698"><ele>1153</ele></trkpt>
      <trkpt lat="42.046730965376" lon="23.672747025266"><ele>1149</ele></trkpt>
      <trkpt lat="42.046577995643" lon="23.672764962539"><ele>1138</ele></trkpt>
      <trkpt lat="42.0462250337" lon="23.672738978639"><ele>1129</ele></trkpt>
      <trkpt lat="42.04583896324" lon="23.672804022208"><ele>1120</ele></trkpt>
      <trkpt lat="42.045667972416" lon="23.672881973907"><ele>1120</ele></trkpt>
      <trkpt lat="42.045475021005" lon="23.673075009137"><ele>1125.13</ele></trkpt>
      <trkpt lat="42.045324984938" lon="23.673325041309"><ele>1141</ele></trkpt>
      <trkpt lat="42.045296989381" lon="23.67345303297"><ele>1144.5</ele></trkpt>
      <trkpt lat="42.04531098716" lon="23.67392401211"><ele>1145</ele></trkpt>
      <trkpt lat="42.045338982716" lon="23.674196004868"><ele>1147.75</ele></trkpt>
      <trkpt lat="42.045404026285" lon="23.674503033981"><ele>1153.25</ele></trkpt>
      <trkpt lat="42.045424981043" lon="23.674751976505"><ele>1153.25</ele></trkpt>
      <trkpt lat="42.045404026285" lon="23.67485197261"><ele>1156</ele></trkpt>
      <trkpt lat="42.045361027122" lon="23.674945011735"><ele>1156</ele></trkpt>
      <trkpt lat="42.045289026573" lon="23.674994967878"><ele>1153.75</ele></trkpt>
      <trkpt lat="42.04517503269" lon="23.67497401312"><ele>1140.5</ele></trkpt>
      <trkpt lat="42.045153994113" lon="23.674216959625"><ele>1132.75</ele></trkpt>
      <trkpt lat="42.045161034912" lon="23.67392401211"><ele>1122.25</ele></trkpt>
      <trkpt lat="42.044925000519" lon="23.673396036029"><ele>1110</ele></trkpt>
      <trkpt lat="42.044967999682" lon="23.672953974456"><ele>1091.75</ele></trkpt>
      <trkpt lat="42.045329008251" lon="23.67239096202"><ele>1099.75</ele></trkpt>
      <trkpt lat="42.045708037913" lon="23.671987960115"><ele>1086</ele></trkpt>
      <trkpt lat="42.045981958508" lon="23.671755027026"><ele>1109.5</ele></trkpt>
      <trkpt lat="42.0463289693" lon="23.671537013724"><ele>1109.25</ele></trkpt>
      <trkpt lat="42.046488979831" lon="23.67134699598"><ele>1090</ele></trkpt>
      <trkpt lat="42.046581013128" lon="23.671125965193"><ele>1083.83</ele></trkpt>
      <trkpt lat="42.046702969819" lon="23.670491036028"><ele>1074</ele></trkpt>
      <trkpt lat="42.046867003664" lon="23.670190963894"><ele>1081.75</ele></trkpt>
      <trkpt lat="42.047037994489" lon="23.670019973069"><ele>1081.38</ele></trkpt>
      <trkpt lat="42.047309987247" lon="23.669833978638"><ele>1071</ele></trkpt>
      <trkpt lat="42.04748801887" lon="23.669762983918"><ele>1066.75</ele></trkpt>
      <trkpt lat="42.047659009695" lon="23.669719984755"><ele>1080.25</ele></trkpt>
      <trkpt lat="42.047794964164" lon="23.669719984755"><ele>1096.5</ele></trkpt>
      <trkpt lat="42.047884985805" lon="23.66976197809"><ele>1100</ele></trkpt>
      <trkpt lat="42.047966038808" lon="23.669747980312"><ele>1098</ele></trkpt>
      <trkpt lat="42.048052037135" lon="23.66969098337"><ele>1096</ele></trkpt>
      <trkpt lat="42.048038961366" lon="23.669583024457"><ele>1096</ele></trkpt>
      <trkpt lat="42.047931002453" lon="23.669370040298"><ele>1096</ele></trkpt>
      <trkpt lat="42.047874005511" lon="23.669149009511"><ele>1095</ele></trkpt>
      <trkpt lat="42.047880962491" lon="23.669084971771"><ele>1089.5</ele></trkpt>
      <trkpt lat="42.048266027123" lon="23.667885018513"><ele>1070</ele></trkpt>
      <trkpt lat="42.048280024901" lon="23.667771024629"><ele>1070</ele></trkpt>
      <trkpt lat="42.048258986324" lon="23.667706986889"><ele>1070</ele></trkpt>
      <trkpt lat="42.048138035461" lon="23.667692989111"><ele>1070</ele></trkpt>
      <trkpt lat="42.048058994114" lon="23.667734982446"><ele>1070</ele></trkpt>
      <trkpt lat="42.048038039356" lon="23.667763983831"><ele>1070</ele></trkpt>
      <trkpt lat="42.047962015495" lon="23.668069001287"><ele>1074.33</ele></trkpt>
      <trkpt lat="42.047876017168" lon="23.668320961297"><ele>1083</ele></trkpt>
      <trkpt lat="42.047697985545" lon="23.668739972636"><ele>1077</ele></trkpt>
      <trkpt lat="42.047582985833" lon="23.668869975954"><ele>1067</ele></trkpt>
      <trkpt lat="42.047215020284" lon="23.669119002298"><ele>1062.5</ele></trkpt>
      <trkpt lat="42.04637398012" lon="23.669320000336"><ele>1052</ele></trkpt>
      <trkpt lat="42.046274989843" lon="23.669376997277"><ele>1052</ele></trkpt>
      <trkpt lat="42.046029986814" lon="23.66967799142"><ele>1049.63</ele></trkpt>
      <trkpt lat="42.04525901936" lon="23.670558007434"><ele>1037.75</ele></trkpt>
      <trkpt lat="42.044585030526" lon="23.671260997653"><ele>1033</ele></trkpt>
      <trkpt lat="42.044146992266" lon="23.671500971541"><ele>1030.25</ele></trkpt>
      <trkpt lat="42.043758993968" lon="23.671866003424"><ele>1027</ele></trkpt>
      <trkpt lat="42.043376024812" lon="23.672264982015"><ele>1025.67</ele></trkpt>
      <trkpt lat="42.043143007904" lon="23.672405965626"><ele>1024.33</ele></trkpt>
      <trkpt lat="42.04262400046" lon="23.67242298089"><ele>1017.5</ele></trkpt>
      <trkpt lat="42.042369022965" lon="23.67230001837"><ele>1022.75</ele></trkpt>
      <trkpt lat="42.042141035199" lon="23.672217959538"><ele>1026.5</ele></trkpt>
      <trkpt lat="42.041977001354" lon="23.672418035567"><ele>1015</ele></trkpt>
      <trkpt lat="42.041555978358" lon="23.673445992172"><ele>997</ele></trkpt>
      <trkpt lat="42.041469980031" lon="23.673567026854"><ele>997</ele></trkpt>
      <trkpt lat="42.041178038344" lon="23.673739023507"><ele>997</ele></trkpt>
      <trkpt lat="42.040828010067" lon="23.67378897965"><ele>1012.75</ele></trkpt>
      <trkpt lat="42.040157038718" lon="23.673831978813"><ele>1015.25</ele></trkpt>
      <trkpt lat="42.039836011827" lon="23.673831978813"><ele>1017.25</ele></trkpt>
      <trkpt lat="42.039528982714" lon="23.673882018775"><ele>1011.75</ele></trkpt>
      <trkpt lat="42.039035959169" lon="23.674181001261"><ele>1002.38</ele></trkpt>
      <trkpt lat="42.038279995322" lon="23.674574028701"><ele>999</ele></trkpt>
      <trkpt lat="42.037770040333" lon="23.675076020882"><ele>973.63</ele></trkpt>
      <trkpt lat="42.037413977087" lon="23.675293028355"><ele>980</ele></trkpt>
      <trkpt lat="42.036977028474" lon="23.675377015024"><ele>981.17</ele></trkpt>
      <trkpt lat="42.036650972441" lon="23.675462007523"><ele>983</ele></trkpt>
      <trkpt lat="42.036235984415" lon="23.675723019987"><ele>968.5</ele></trkpt>
      <trkpt lat="42.035526037216" lon="23.676321990788"><ele>969.75</ele></trkpt>
      <trkpt lat="42.034972999245" lon="23.676569005474"><ele>960.58</ele></trkpt>
      <trkpt lat="42.034887000918" lon="23.676607981324"><ele>957.17</ele></trkpt>
      <trkpt lat="42.034518029541" lon="23.676658021286"><ele>953</ele></trkpt>
      <trkpt lat="42.033397033811" lon="23.676715018228"><ele>954.4</ele></trkpt>
      <trkpt lat="42.032968970016" lon="23.676758017391"><ele>956</ele></trkpt>
      <trkpt lat="42.032762020826" lon="23.676787018776"><ele>956.25</ele></trkpt>
      <trkpt lat="42.032562028617" lon="23.676864970475"><ele>959.25</ele></trkpt>
      <trkpt lat="42.032218035311" lon="23.677206030115"><ele>961</ele></trkpt>
      <trkpt lat="42.031578999013" lon="23.677956964821"><ele>947.75</ele></trkpt>
      <trkpt lat="42.031528037041" lon="23.678015973419"><ele>947.75</ele></trkpt>
      <trkpt lat="42.031384035945" lon="23.678114963695"><ele>947.75</ele></trkpt>
      <trkpt lat="42.031170967966" lon="23.678214037791"><ele>940.25</ele></trkpt>
      <trkpt lat="42.030717004091" lon="23.678476978093"><ele>935.1</ele></trkpt>
      <trkpt lat="42.029587961733" lon="23.678935971111"><ele>939.5</ele></trkpt>
      <trkpt lat="42.029153024778" lon="23.679225984961"><ele>919.75</ele></trkpt>
      <trkpt lat="42.028650026768" lon="23.679811963812"><ele>920.25</ele></trkpt>
      <trkpt lat="42.028379039839" lon="23.679882036522"><ele>915.63</ele></trkpt>
      <trkpt lat="42.027972014621" lon="23.679966023192"><ele>913</ele></trkpt>
      <trkpt lat="42.027664985508" lon="23.68000600487"><ele>912</ele></trkpt>
      <trkpt lat="42.027532970533" lon="23.679840965196"><ele>912</ele></trkpt>
      <trkpt lat="42.026372998953" lon="23.677324969321"><ele>904</ele></trkpt>
      <trkpt lat="42.025248985738" lon="23.675069985911"><ele>904</ele></trkpt>
      <trkpt lat="42.025164999068" lon="23.67498700507"><ele>903.79</ele></trkpt>
      <trkpt lat="42.02504103072" lon="23.674926990643"><ele>903.53</ele></trkpt>
      <trkpt lat="42.024716986343" lon="23.67484501563"><ele>902.88</ele></trkpt>
      <trkpt lat="42.024582959712" lon="23.674794975668"><ele>902.6</ele></trkpt>
      <trkpt lat="42.024290012196" lon="23.674685005099"><ele>902</ele></trkpt>
      <trkpt lat="42.024173000827" lon="23.674828000367"><ele>902</ele></trkpt>
      <trkpt lat="42.02475101687" lon="23.675321023911"><ele>904</ele></trkpt>
      <trkpt lat="42.02489904128" lon="23.675541970879"><ele>904</ele></trkpt>
      <trkpt lat="42.025032984093" lon="23.675867021084"><ele>904</ele></trkpt>
      <trkpt lat="42.025106996298" lon="23.676302041858"><ele>904</ele></trkpt>
      <trkpt lat="42.025101967156" lon="23.676716024056"><ele>904</ele></trkpt>
      <trkpt lat="42.024844978005" lon="23.677898962051"><ele>904</ele></trkpt>
      <trkpt lat="42.024825029075" lon="23.678206996992"><ele>903.5</ele></trkpt>
      <trkpt lat="42.02484103851" lon="23.678358960897"><ele>903</ele></trkpt>
      <trkpt lat="42.024911027402" lon="23.678664984182"><ele>903</ele></trkpt>
      <trkpt lat="42.025086963549" lon="23.679064968601"><ele>904.75</ele></trkpt>
      <trkpt lat="42.02515703626" lon="23.679189020768"><ele>906.5</ele></trkpt>
      <trkpt lat="42.025473034009" lon="23.679721020162"><ele>907</ele></trkpt>
      <trkpt lat="42.025247979909" lon="23.679753961042"><ele>906.83</ele></trkpt>
      <trkpt lat="42.024871967733" lon="23.679710961878"><ele>906.67</ele></trkpt>
      <trkpt lat="42.024356983602" lon="23.679432012141"><ele>903</ele></trkpt>
      <trkpt lat="42.023305976763" lon="23.67849801667"><ele>905</ele></trkpt>
      <trkpt lat="42.022974975407" lon="23.677953025326"><ele>903.5</ele></trkpt>
      <trkpt lat="42.022704994306" lon="23.677408033982"><ele>902</ele></trkpt>
      <trkpt lat="42.022583037615" lon="23.677271995693"><ele>902</ele></trkpt>
      <trkpt lat="42.021921034902" lon="23.676861030981"><ele>901</ele></trkpt>
      <trkpt lat="42.021403033286" lon="23.676173966378"><ele>902.75</ele></trkpt>
      <trkpt lat="42.021212009713" lon="23.675968023017"><ele>902.92</ele></trkpt>
      <trkpt lat="42.02086600475" lon="23.675657976419"><ele>905.75</ele></trkpt>
      <trkpt lat="42.020052960142" lon="23.677187003195"><ele>921</ele></trkpt>
      <trkpt lat="42.02004801482" lon="23.67740300484"><ele>926.75</ele></trkpt>
      <trkpt lat="42.020107023418" lon="23.677500989288"><ele>926.75</ele></trkpt>
      <trkpt lat="42.020252030343" lon="23.677685977891"><ele>929</ele></trkpt>
      <trkpt lat="42.020281031728" lon="23.677945984527"><ele>928.75</ele></trkpt>
      <trkpt lat="42.02013803646" lon="23.678169026971"><ele>932.75</ele></trkpt>
      <trkpt lat="42.020077016205" lon="23.678301963955"><ele>940.75</ele></trkpt>
      <trkpt lat="42.019992023706" lon="23.678559958935"><ele>943.25</ele></trkpt>
      <trkpt lat="42.01988004148" lon="23.678645035252"><ele>942</ele></trkpt>
      <trkpt lat="42.019778033718" lon="23.678763974458"><ele>942</ele></trkpt>
      <trkpt lat="42.019756995142" lon="23.678849972785"><ele>942</ele></trkpt>
      <trkpt lat="42.019739979878" lon="23.678922979161"><ele>942</ele></trkpt>
      <trkpt lat="42.019730005413" lon="23.679065974429"><ele>952</ele></trkpt>
      <trkpt lat="42.019744003192" lon="23.679164964706"><ele>958</ele></trkpt>
      <trkpt lat="42.019767975435" lon="23.679216010496"><ele>958</ele></trkpt>
      <trkpt lat="42.01982899569" lon="23.679229002446"><ele>958</ele></trkpt>
      <trkpt lat="42.019869983196" lon="23.679207963869"><ele>958</ele></trkpt>
      <trkpt lat="42.019961010665" lon="23.678994979709"><ele>947.5</ele></trkpt>
      <trkpt lat="42.020050026476" lon="23.678927002475"><ele>942.5</ele></trkpt>
      <trkpt lat="42.020223028958" lon="23.678892971948"><ele>946</ele></trkpt>
      <trkpt lat="42.020277008414" lon="23.678851984441"><ele>948.75</ele></trkpt>
      <trkpt lat="42.020352026448" lon="23.678694991395"><ele>949</ele></trkpt>
      <trkpt lat="42.020436013117" lon="23.678561970592"><ele>949</ele></trkpt>
      <trkpt lat="42.020656038076" lon="23.678401038051"><ele>949</ele></trkpt>
      <trkpt lat="42.020792998374" lon="23.678366001695"><ele>949</ele></trkpt>
      <trkpt lat="42.020887965336" lon="23.678372036666"><ele>949</ele></trkpt>
      <trkpt lat="42.020972035825" lon="23.678418975323"><ele>952</ele></trkpt>
      <trkpt lat="42.021102961153" lon="23.678598012775"><ele>955</ele></trkpt>
      <trkpt lat="42.021262971684" lon="23.678669007495"><ele>956</ele></trkpt>
      <trkpt lat="42.021391969174" lon="23.678675964475"><ele>956</ele></trkpt>
      <trkpt lat="42.021625991911" lon="23.678553001955"><ele>956</ele></trkpt>
      <trkpt lat="42.021718025208" lon="23.678545961156"><ele>949.5</ele></trkpt>
      <trkpt lat="42.021836964414" lon="23.678603963926"><ele>939.75</ele></trkpt>
      <trkpt lat="42.021914999932" lon="23.67873002775"><ele>935</ele></trkpt>
      <trkpt lat="42.021930003539" lon="23.678922979161"><ele>934.5</ele></trkpt>
      <trkpt lat="42.021894967183" lon="23.67905901745"><ele>935.5</ele></trkpt>
      <trkpt lat="42.021759012714" lon="23.679323969409"><ele>948</ele></trkpt>
      <trkpt lat="42.021609982476" lon="23.679448021576"><ele>963.75</ele></trkpt>
      <trkpt lat="42.021531024948" lon="23.679480962455"><ele>964</ele></trkpt>
      <trkpt lat="42.021134980023" lon="23.680113963783"><ele>952</ele></trkpt>
      <trkpt lat="42.021015034989" lon="23.680244972929"><ele>956.75</ele></trkpt>
      <trkpt lat="42.020920990035" lon="23.680624002591"><ele>968</ele></trkpt>
      <trkpt lat="42.020780006424" lon="23.6808499787"><ele>977</ele></trkpt>
      <trkpt lat="42.020705994219" lon="23.68109498173"><ele>977</ele></trkpt>
      <trkpt lat="42.020553024486" lon="23.681370997801"><ele>974.88</ele></trkpt>
      <trkpt lat="42.020250018686" lon="23.681804006919"><ele>968</ele></trkpt>
      <trkpt lat="42.020267033949" lon="23.681988995522"><ele>970.75</ele></trkpt>
      <trkpt lat="42.020096965134" lon="23.68251898326"><ele>982.75</ele></trkpt>
      <trkpt lat="42.020069975406" lon="23.682548990473"><ele>988.75</ele></trkpt>
      <trkpt lat="42.02003502287" lon="23.682537004352"><ele>993.25</ele></trkpt>
      <trkpt lat="42.019968973473" lon="23.682511020452"><ele>993.25</ele></trkpt>
      <trkpt lat="42.019851040095" lon="23.68237095885"><ele>991.75</ele></trkpt>
      <trkpt lat="42.019550967962" lon="23.682425022125"><ele>992.75</ele></trkpt>
      <trkpt lat="42.018702970818" lon="23.682210026309"><ele>1006</ele></trkpt>
      <trkpt lat="42.018531979993" lon="23.682242967188"><ele>1014.5</ele></trkpt>
      <trkpt lat="42.018467020243" lon="23.682221006602"><ele>1014.5</ele></trkpt>
      <trkpt lat="42.018435001373" lon="23.682156968862"><ele>1020.5</ele></trkpt>
      <trkpt lat="42.018413962796" lon="23.682039035484"><ele>1019.25</ele></trkpt>
      <trkpt lat="42.018445981666" lon="23.681910037994"><ele>1014</ele></trkpt>
      <trkpt lat="42.018563998863" lon="23.681663023308"><ele>1005.5</ele></trkpt>
      <trkpt lat="42.01864999719" lon="23.681555986404"><ele>1003.75</ele></trkpt>
      <trkpt lat="42.018702970818" lon="23.68141701445"><ele>1001.75</ele></trkpt>
      <trkpt lat="42.018704982474" lon="23.681336967275"><ele>1001</ele></trkpt>
      <trkpt lat="42.01871403493" lon="23.681051982567"><ele>1001</ele></trkpt>
      <trkpt lat="42.018691990525" lon="23.680976964533"><ele>1001</ele></trkpt>
      <trkpt lat="42.018616972491" lon="23.680847967044"><ele>1001</ele></trkpt>
      <trkpt lat="42.01855301857" lon="23.68080496788"><ele>1009.75</ele></trkpt>
      <trkpt lat="42.018435001373" lon="23.680793987587"><ele>1009.75</ele></trkpt>
      <trkpt lat="42.017640983686" lon="23.680944023654"><ele>1043</ele></trkpt>
      <trkpt lat="42.017545010895" lon="23.68086900562"><ele>1047</ele></trkpt>
      <trkpt lat="42.017502011731" lon="23.680761968717"><ele>1047</ele></trkpt>
      <trkpt lat="42.017491031438" lon="23.680504979566"><ele>1040.75</ele></trkpt>
      <trkpt lat="42.017534030601" lon="23.68035402149"><ele>1040.75</ele></trkpt>
      <trkpt lat="42.017511986196" lon="23.679839037359"><ele>1037.5</ele></trkpt>
      <trkpt lat="42.017459012568" lon="23.679689001292"><ele>1038</ele></trkpt>
      <trkpt lat="42.017405033112" lon="23.679656982422"><ele>1038</ele></trkpt>
      <trkpt lat="42.017340995371" lon="23.679603002965"><ele>1038</ele></trkpt>
      <trkpt lat="42.017136979848" lon="23.679613983259"><ele>1038</ele></trkpt>
      <trkpt lat="42.017040001228" lon="23.679667962715"><ele>1038</ele></trkpt>
      <trkpt lat="42.016997002065" lon="23.679721020162"><ele>1038</ele></trkpt>
      <trkpt lat="42.016975963488" lon="23.679764019325"><ele>1039</ele></trkpt>
      <trkpt lat="42.0169870276" lon="23.679860997945"><ele>1042.25</ele></trkpt>
      <trkpt lat="42.017030026764" lon="23.679913971573"><ele>1042.25</ele></trkpt>
      <trkpt lat="42.017136979848" lon="23.679946996272"><ele>1043.75</ele></trkpt>
      <trkpt lat="42.017233036458" lon="23.680022014305"><ele>1047</ele></trkpt>
      <trkpt lat="42.017244016752" lon="23.680151011795"><ele>1047</ele></trkpt>
      <trkpt lat="42.017201017588" lon="23.680269028991"><ele>1047</ele></trkpt>
      <trkpt lat="42.0169870276" lon="23.680279003456"><ele>1047</ele></trkpt>
      <trkpt lat="42.016858030111" lon="23.680365001783"><ele>1046.5</ele></trkpt>
      <trkpt lat="42.016792986542" lon="23.680483018979"><ele>1046.25</ele></trkpt>
      <trkpt lat="42.016783012077" lon="23.680569017306"><ele>1049.25</ele></trkpt>
      <trkpt lat="42.016813019291" lon="23.680640012026"><ele>1049.25</ele></trkpt>
      <trkpt lat="42.016835985705" lon="23.680698014796"><ele>1049.25</ele></trkpt>
      <trkpt lat="42.0169870276" lon="23.68096598424"><ele>1056</ele></trkpt>
      <trkpt lat="42.017201017588" lon="23.681437969208"><ele>1062.75</ele></trkpt>
      <trkpt lat="42.017190037295" lon="23.681694958359"><ele>1066</ele></trkpt>
      <trkpt lat="42.017186013982" lon="23.682237016037"><ele>1066</ele></trkpt>
      <trkpt lat="42.01740000397" lon="23.682745965198"><ele>1066</ele></trkpt>
      <trkpt lat="42.01740000397" lon="23.682917039841"><ele>1066</ele></trkpt>
      <trkpt lat="42.017418025061" lon="23.683283999562"><ele>1073</ele></trkpt>
      <trkpt lat="42.017496982589" lon="23.683492960408"><ele>1080</ele></trkpt>
      <trkpt lat="42.017614999786" lon="23.683636961505"><ele>1080</ele></trkpt>
      <trkpt lat="42.017665039748" lon="23.683753972873"><ele>1080</ele></trkpt>
      <trkpt lat="42.017665961757" lon="23.683889005333"><ele>1080</ele></trkpt>
      <trkpt lat="42.017555991188" lon="23.684010040015"><ele>1080</ele></trkpt>
      <trkpt lat="42.017173022032" lon="23.684265017509"><ele>1083.5</ele></trkpt>
      <trkpt lat="42.016976969317" lon="23.684310028329"><ele>1085.75</ele></trkpt>
      <trkpt lat="42.016975963488" lon="23.684312961996"><ele>1085.75</ele></trkpt>
      <trkpt lat="42.016697013751" lon="23.684421004727"><ele>1095</ele></trkpt>
      <trkpt lat="42.016611015424" lon="23.684539021924"><ele>1095</ele></trkpt>
      <trkpt lat="42.016611015424" lon="23.684657039121"><ele>1095</ele></trkpt>
      <trkpt lat="42.016628030688" lon="23.684688974172"><ele>1095</ele></trkpt>
      <trkpt lat="42.016707994044" lon="23.684839010239"><ele>1095.5</ele></trkpt>
      <trkpt lat="42.016912009567" lon="23.685284005478"><ele>1096.5</ele></trkpt>
      <trkpt lat="42.017159024253" lon="23.685321975499"><ele>1094</ele></trkpt>
      <trkpt lat="42.017256002873" lon="23.68539900519"><ele>1094</ele></trkpt>
      <trkpt lat="42.017320962623" lon="23.685492966324"><ele>1094</ele></trkpt>
      <trkpt lat="42.017362033948" lon="23.685604026541"><ele>1094</ele></trkpt>
      <trkpt lat="42.017340995371" lon="23.685716008767"><ele>1094</ele></trkpt>
      <trkpt lat="42.017277963459" lon="23.685860009864"><ele>1096</ele></trkpt>
      <trkpt lat="42.016956014559" lon="23.686021026224"><ele>1108</ele></trkpt>
      <trkpt lat="42.016734983772" lon="23.686186987907"><ele>1114.75</ele></trkpt>
      <trkpt lat="42.016390990466" lon="23.686921996996"><ele>1125</ele></trkpt>
      <trkpt lat="42.016346985474" lon="23.686987962574"><ele>1125</ele></trkpt>
      <trkpt lat="42.016354026273" lon="23.687059963122"><ele>1125</ele></trkpt>
      <trkpt lat="42.016342962161" lon="23.687211005017"><ele>1125</ele></trkpt>
      <trkpt lat="42.016342962161" lon="23.687274036929"><ele>1128.25</ele></trkpt>
      <trkpt lat="42.016449999064" lon="23.687360035256"><ele>1128.25</ele></trkpt>
      <trkpt lat="42.016525017098" lon="23.687317036092"><ele>1128.25</ele></trkpt>
      <trkpt lat="42.01663297601" lon="23.687317036092"><ele>1127.5</ele></trkpt>
      <trkpt lat="42.016664994881" lon="23.687306977808"><ele>1127.5</ele></trkpt>
      <trkpt lat="42.016717968509" lon="23.687338996679"><ele>1126.75</ele></trkpt>
      <trkpt lat="42.016792986542" lon="23.687457013875"><ele>1126.75</ele></trkpt>
      <trkpt lat="42.016912009567" lon="23.687586011365"><ele>1124</ele></trkpt>
      <trkpt lat="42.017007982358" lon="23.687671003863"><ele>1124</ele></trkpt>
      <trkpt lat="42.017125999555" lon="23.687747027725"><ele>1124</ele></trkpt>
      <trkpt lat="42.017307970673" lon="23.687875019386"><ele>1124</ele></trkpt>
      <trkpt lat="42.017362033948" lon="23.687971998006"><ele>1124</ele></trkpt>
      <trkpt lat="42.017405033112" lon="23.688185987994"><ele>1140.75</ele></trkpt>
      <trkpt lat="42.017511986196" lon="23.68840098381"><ele>1138.75</ele></trkpt>
      <trkpt lat="42.017511986196" lon="23.688572980464"><ele>1137.5</ele></trkpt>
      <trkpt lat="42.017479967326" lon="23.688700972125"><ele>1144</ele></trkpt>
      <trkpt lat="42.017416013405" lon="23.68885201402"><ele>1146</ele></trkpt>
      <trkpt lat="42.017416013405" lon="23.688915967941"><ele>1146</ele></trkpt>
      <trkpt lat="42.017436968163" lon="23.688990985975"><ele>1146</ele></trkpt>
      <trkpt lat="42.017578035593" lon="23.689095005393"><ele>1151.75</ele></trkpt>
      <trkpt lat="42.017726982012" lon="23.689205981791"><ele>1145.75</ele></trkpt>
      <trkpt lat="42.017737962306" lon="23.689442016184"><ele>1144</ele></trkpt>
      <trkpt lat="42.017759000883" lon="23.689517034218"><ele>1144</ele></trkpt>
      <trkpt lat="42.017802000046" lon="23.689570007846"><ele>1144</ele></trkpt>
      <trkpt lat="42.017920017242" lon="23.689613007009"><ele>1144</ele></trkpt>
      <trkpt lat="42.018112968653" lon="23.689548969269"><ele>1144</ele></trkpt>
      <trkpt lat="42.01819896698" lon="23.689537988976"><ele>1144</ele></trkpt>
      <trkpt lat="42.018296029419" lon="23.689560033381"><ele>1144</ele></trkpt>
      <trkpt lat="42.018338022754" lon="23.689591968432"><ele>1142</ele></trkpt>
      <trkpt lat="42.01839200221" lon="23.689677966759"><ele>1141.5</ele></trkpt>
      <trkpt lat="42.01839200221" lon="23.68980595842"><ele>1146.75</ele></trkpt>
      <trkpt lat="42.018187986687" lon="23.689999999478"><ele>1158.25</ele></trkpt>
      <trkpt lat="42.018124032766" lon="23.69012799114"><ele>1159</ele></trkpt>
      <trkpt lat="42.017909036949" lon="23.690751018003"><ele>1153.25</ele></trkpt>
      <trkpt lat="42.017802000046" lon="23.690997026861"><ele>1150</ele></trkpt>
      <trkpt lat="42.017726982012" lon="23.69106198661"><ele>1159.75</ele></trkpt>
      <trkpt lat="42.017663028091" lon="23.69102996774"><ele>1165.75</ele></trkpt>
      <trkpt lat="42.017630003393" lon="23.69093298912"><ele>1165.25</ele></trkpt>
      <trkpt lat="42.017866037786" lon="23.690525041893"><ele>1159</ele></trkpt>
      <trkpt lat="42.017930997536" lon="23.690342986956"><ele>1159</ele></trkpt>
      <trkpt lat="42.017973996699" lon="23.69012799114"><ele>1159</ele></trkpt>
      <trkpt lat="42.017963016406" lon="23.690064037219"><ele>1159</ele></trkpt>
      <trkpt lat="42.017866037786" lon="23.689946020022"><ele>1156</ele></trkpt>
      <trkpt lat="42.017538975924" lon="23.68991500698"><ele>1180.75</ele></trkpt>
      <trkpt lat="42.017468987033" lon="23.689914001152"><ele>1180.75</ele></trkpt>
      <trkpt lat="42.017393968999" lon="23.689763965085"><ele>1164.25</ele></trkpt>
      <trkpt lat="42.017323980108" lon="23.689590962604"><ele>1160</ele></trkpt>
      <trkpt lat="42.016979986802" lon="23.689449978992"><ele>1160</ele></trkpt>
      <trkpt lat="42.016814025119" lon="23.689430030063"><ele>1174</ele></trkpt>
      <trkpt lat="42.016503978521" lon="23.689548969269"><ele>1177</ele></trkpt>
      <trkpt lat="42.016256963834" lon="23.689634967595"><ele>1180.13</ele></trkpt>
      <trkpt lat="42.016139030457" lon="23.689699005336"><ele>1180.25</ele></trkpt>
      <trkpt lat="42.016010032967" lon="23.689763965085"><ele>1181.75</ele></trkpt>
      <trkpt lat="42.01595697552" lon="23.689860021695"><ele>1186</ele></trkpt>
      <trkpt lat="42.015799982473" lon="23.690072000027"><ele>1195.25</ele></trkpt>
      <trkpt lat="42.015773998573" lon="23.690107036382"><ele>1195.25</ele></trkpt>
      <trkpt lat="42.015612982213" lon="23.690246008337"><ele>1195</ele></trkpt>
      <trkpt lat="42.015560008585" lon="23.690310968086"><ele>1205.25</ele></trkpt>
      <trkpt lat="42.015441991389" lon="23.690514983609"><ele>1205.25</ele></trkpt>
      <trkpt lat="42.015022980049" lon="23.690965007991"><ele>1206.75</ele></trkpt>
      <trkpt lat="42.014893982559" lon="23.69122300297"><ele>1205</ele></trkpt>
      <trkpt lat="42.014818964526" lon="23.691307995468"><ele>1205</ele></trkpt>
      <trkpt lat="42.014733972028" lon="23.69138401933"><ele>1205</ele></trkpt>
      <trkpt lat="42.014626013115" lon="23.691404974088"><ele>1205</ele></trkpt>
      <trkpt lat="42.014240026474" lon="23.691189978272"><ele>1204.25</ele></trkpt>
      <trkpt lat="42.014111028984" lon="23.691189978272"><ele>1204</ele></trkpt>
      <trkpt lat="42.013960992917" lon="23.691266002133"><ele>1204</ele></trkpt>
      <trkpt lat="42.013756977394" lon="23.691673027351"><ele>1217.75</ele></trkpt>
      <trkpt lat="42.013661004603" lon="23.692123973742"><ele>1224</ele></trkpt>
      <trkpt lat="42.013542987406" lon="23.692380962893"><ele>1230.75</ele></trkpt>
      <trkpt lat="42.013264037669" lon="23.692541979253"><ele>1232.25</ele></trkpt>
      <trkpt lat="42.013060022146" lon="23.692864011973"><ele>1235.25</ele></trkpt>
      <trkpt lat="42.012985004112" lon="23.693174980581"><ele>1237.5</ele></trkpt>
      <trkpt lat="42.012952985242" lon="23.693240024149"><ele>1241.5</ele></trkpt>
      <trkpt lat="42.012961031869" lon="23.693252010271"><ele>1241.5</ele></trkpt>
      <trkpt lat="42.013172004372" lon="23.693844024092"><ele>1245</ele></trkpt>
      <trkpt lat="42.013219026849" lon="23.694077963009"><ele>1246</ele></trkpt>
      <trkpt lat="42.013169992715" lon="23.694288013503"><ele>1246</ele></trkpt>
      <trkpt lat="42.013043006882" lon="23.694481970742"><ele>1246</ele></trkpt>
      <trkpt lat="42.012555012479" lon="23.694435032085"><ele>1245.33</ele></trkpt>
      <trkpt lat="42.012315960601" lon="23.694456992671"><ele>1245</ele></trkpt>
      <trkpt lat="42.011740040034" lon="23.694634018466"><ele>1247.63</ele></trkpt>
      <trkpt lat="42.011439967901" lon="23.694709958509"><ele>1249</ele></trkpt>
      <trkpt lat="42.011224972084" lon="23.694666959345"><ele>1249</ele></trkpt>
      <trkpt lat="42.010871004313" lon="23.694405024871"><ele>1262</ele></trkpt>
      <trkpt lat="42.010646034032" lon="23.694322966039"><ele>1262</ele></trkpt>
      <trkpt lat="42.010468002409" lon="23.694081986323"><ele>1258.13</ele></trkpt>
      <trkpt lat="42.010011021048" lon="23.693908983842"><ele>1254.58</ele></trkpt>
      <trkpt lat="42.009798036888" lon="23.693893980235"><ele>1254.75</ele></trkpt>
      <trkpt lat="42.009355975315" lon="23.693982996047"><ele>1268.38</ele></trkpt>
      <trkpt lat="42.008949033916" lon="23.69392901659"><ele>1268.25</ele></trkpt>
      <trkpt lat="42.008512001485" lon="23.693863973022"><ele>1274.63</ele></trkpt>
      <trkpt lat="42.008343022317" lon="23.693779986352"><ele>1279.25</ele></trkpt>
      <trkpt lat="42.008248977363" lon="23.693659035489"><ele>1284</ele></trkpt>
      <trkpt lat="42.008204972371" lon="23.693645037711"><ele>1284</ele></trkpt>
      <trkpt lat="42.008174965158" lon="23.693848969415"><ele>1287.88</ele></trkpt>
      <trkpt lat="42.008200027049" lon="23.694194974378"><ele>1291.75</ele></trkpt>
      <trkpt lat="42.008124003187" lon="23.694461015984"><ele>1292</ele></trkpt>
      <trkpt lat="42.007986037061" lon="23.694543996826"><ele>1292</ele></trkpt>
      <trkpt lat="42.007888974622" lon="23.694549025968"><ele>1291.58</ele></trkpt>
      <trkpt lat="42.007757965475" lon="23.694280972704"><ele>1291.17</ele></trkpt>
      <trkpt lat="42.007654029876" lon="23.694042004645"><ele>1290.75</ele></trkpt>
      <trkpt lat="42.007536012679" lon="23.693968998268"><ele>1294.5</ele></trkpt>
      <trkpt lat="42.007535006851" lon="23.693968998268"><ele>1294.5</ele></trkpt>
      <trkpt lat="42.00705204159" lon="23.694011997432"><ele>1302</ele></trkpt>
      <trkpt lat="42.006848026067" lon="23.694130014628"><ele>1305</ele></trkpt>
      <trkpt lat="42.006419040263" lon="23.694483982399"><ele>1308</ele></trkpt>
      <trkpt lat="42.005620999262" lon="23.694608034566"><ele>1304.5</ele></trkpt>
      <trkpt lat="42.005453025922" lon="23.694634018466"><ele>1304.5</ele></trkpt>
      <trkpt lat="42.005259990692" lon="23.694644998759"><ele>1304.5</ele></trkpt>
      <trkpt lat="42.004316020757" lon="23.694537961856"><ele>1312.25</ele></trkpt>
      <trkpt lat="42.003950988874" lon="23.694612979889"><ele>1316</ele></trkpt>
      <trkpt lat="42.003801036626" lon="23.694892013445"><ele>1317.75</ele></trkpt>
      <trkpt lat="42.003785027191" lon="23.694893019274"><ele>1317.75</ele></trkpt>
      <trkpt lat="42.003786033019" lon="23.694896036759"><ele>1317.75</ele></trkpt>
      <trkpt lat="42.003608001396" lon="23.695328040048"><ele>1319</ele></trkpt>
      <trkpt lat="42.003772035241" lon="23.695590980351"><ele>1319</ele></trkpt>
      <trkpt lat="42.004143018275" lon="23.695790972561"><ele>1326.5</ele></trkpt>
      <trkpt lat="42.004258017987" lon="23.69596498087"><ele>1323.75</ele></trkpt>
      <trkpt lat="42.004292970523" lon="23.696143012494"><ele>1323.25</ele></trkpt>
      <trkpt lat="42.004196997732" lon="23.696311991662"><ele>1326</ele></trkpt>
      <trkpt lat="42.004060037434" lon="23.696507038549"><ele>1334.25</ele></trkpt>
      <trkpt lat="42.004052996635" lon="23.696725973859"><ele>1339</ele></trkpt>
      <trkpt lat="42.004014020786" lon="23.696953039616"><ele>1339</ele></trkpt>
      <trkpt lat="42.003959035501" lon="23.697021016851"><ele>1339</ele></trkpt>
      <trkpt lat="42.003771029413" lon="23.69699603878"><ele>1339</ele></trkpt>
      <trkpt lat="42.003542035818" lon="23.697037026286"><ele>1344</ele></trkpt>
      <trkpt lat="42.003197958693" lon="23.697235006839"><ele>1349.5</ele></trkpt>
      <trkpt lat="42.002924038097" lon="23.697251016274"><ele>1352.92</ele></trkpt>
      <trkpt lat="42.002531010658" lon="23.697332991287"><ele>1367.5</ele></trkpt>
      <trkpt lat="42.002437971532" lon="23.697397029027"><ele>1368.75</ele></trkpt>
      <trkpt lat="42.002432020381" lon="23.697470035404"><ele>1370.5</ele></trkpt>
      <trkpt lat="42.002533022314" lon="23.697661980987"><ele>1367.5</ele></trkpt>
      <trkpt lat="42.002510977909" lon="23.69784001261"><ele>1367.5</ele></trkpt>
      <trkpt lat="42.002455992624" lon="23.698038998991"><ele>1371</ele></trkpt>
      <trkpt lat="42.002488011494" lon="23.698229016736"><ele>1372.25</ele></trkpt>
      <trkpt lat="42.002635030076" lon="23.698280984536"><ele>1358</ele></trkpt>
      <trkpt lat="42.002757992595" lon="23.698330018669"><ele>1343.75</ele></trkpt>
      <trkpt lat="42.002864023671" lon="23.698552977294"><ele>1343</ele></trkpt>
      <trkpt lat="42.002885984257" lon="23.698768978938"><ele>1343</ele></trkpt>
      <trkpt lat="42.002723962069" lon="23.699126970023"><ele>1359.25</ele></trkpt>
      <trkpt lat="42.002361025661" lon="23.699616976082"><ele>1375</ele></trkpt>
      <trkpt lat="42.002359014004" lon="23.699864996597"><ele>1371</ele></trkpt>
      <trkpt lat="42.002415005118" lon="23.700074041262"><ele>1369</ele></trkpt>
      <trkpt lat="42.002283995971" lon="23.700086027384"><ele>1369</ele></trkpt>
      <trkpt lat="42.002153992653" lon="23.700032969937"><ele>1369</ele></trkpt>
      <trkpt lat="42.002062965184" lon="23.699856027961"><ele>1372.25</ele></trkpt>
      <trkpt lat="42.001809999347" lon="23.699357975274"><ele>1381.75</ele></trkpt>
      <trkpt lat="42.001772029325" lon="23.699112972245"><ele>1382.25</ele></trkpt>
      <trkpt lat="42.001861967146" lon="23.698679041117"><ele>1379.5</ele></trkpt>
      <trkpt lat="42.001847969368" lon="23.69862598367"><ele>1379.5</ele></trkpt>
      <trkpt lat="42.00182701461" lon="23.698496986181"><ele>1382</ele></trkpt>
      <trkpt lat="42.001718971878" lon="23.698218036443"><ele>1395</ele></trkpt>
      <trkpt lat="42.00150498189" lon="23.697757031769"><ele>1395</ele></trkpt>
      <trkpt lat="42.001408003271" lon="23.69740197435"><ele>1393</ele></trkpt>
      <trkpt lat="42.001118995249" lon="23.696972988546"><ele>1391</ele></trkpt>
      <trkpt lat="42.000679029152" lon="23.696972988546"><ele>1409.67</ele></trkpt>
      <trkpt lat="42.000452969223" lon="23.696920014918"><ele>1419</ele></trkpt>
      <trkpt lat="42.000249959528" lon="23.696886990219"><ele>1419</ele></trkpt>
      <trkpt lat="42.000066982582" lon="23.696929989383"><ele>1419</ele></trkpt>
      <trkpt lat="42.000047033653" lon="23.696933006868"><ele>1419</ele></trkpt>
      <trkpt lat="41.999991964549" lon="23.696900987998"><ele>1425</ele></trkpt>
      <trkpt lat="41.999934967607" lon="23.696697978303"><ele>1424.75</ele></trkpt>
      <trkpt lat="41.999806975946" lon="23.696077968925"><ele>1424</ele></trkpt>
      <trkpt lat="41.999740004539" lon="23.695926005021"><ele>1424</ele></trkpt>
      <trkpt lat="41.999687030911" lon="23.695918964222"><ele>1424</ele></trkpt>
      <trkpt lat="41.999660963193" lon="23.695949977264"><ele>1424</ele></trkpt>
      <trkpt lat="41.999689964578" lon="23.69613898918"><ele>1424</ele></trkpt>
      <trkpt lat="41.999712008983" lon="23.696335963905"><ele>1424</ele></trkpt>
      <trkpt lat="41.99956599623" lon="23.69669998996"><ele>1425</ele></trkpt>
      <trkpt lat="41.999209010974" lon="23.696929989383"><ele>1437.25</ele></trkpt>
      <trkpt lat="41.998725961894" lon="23.697155965492"><ele>1442.88</ele></trkpt>
      <trkpt lat="41.998371994123" lon="23.697444973513"><ele>1447.5</ele></trkpt>
      <trkpt lat="41.99800696224" lon="23.697874965146"><ele>1453.13</ele></trkpt>
      <trkpt lat="41.997878970578" lon="23.698077974841"><ele>1455</ele></trkpt>
      <trkpt lat="41.997600020841" lon="23.698690021411"><ele>1465</ele></trkpt>
      <trkpt lat="41.997416960075" lon="23.698828993365"><ele>1469.25</ele></trkpt>
      <trkpt lat="41.997105991468" lon="23.698968971148"><ele>1471.08</ele></trkpt>
      <trkpt lat="41.99695603922" lon="23.699140967801"><ele>1472</ele></trkpt>
      <trkpt lat="41.9966340065" lon="23.699097968638"><ele>1486.75</ele></trkpt>
      <trkpt lat="41.996591007337" lon="23.699011970311"><ele>1484</ele></trkpt>
      <trkpt lat="41.996495034546" lon="23.698937036097"><ele>1484</ele></trkpt>
      <trkpt lat="41.99640199542" lon="23.698938963935"><ele>1484.5</ele></trkpt>
      <trkpt lat="41.996326977387" lon="23.698990009725"><ele>1484.5</ele></trkpt>
      <trkpt lat="41.996282972395" lon="23.699073996395"><ele>1484.5</ele></trkpt>
      <trkpt lat="41.995915006846" lon="23.699300978333"><ele>1495.88</ele></trkpt>
      <trkpt lat="41.995701016858" lon="23.699355041608"><ele>1500</ele></trkpt>
      <trkpt lat="41.995582999662" lon="23.699355041608"><ele>1500</ele></trkpt>
      <trkpt lat="41.995475040749" lon="23.699248004705"><ele>1500</ele></trkpt>
      <trkpt lat="41.995314024389" lon="23.699194025248"><ele>1500</ele></trkpt>
      <trkpt lat="41.995186032727" lon="23.699043989182"><ele>1506.25</ele></trkpt>
      <trkpt lat="41.994949998334" lon="23.698925971985"><ele>1512.5</ele></trkpt>
      <trkpt lat="41.994681023061" lon="23.698894036934"><ele>1512</ele></trkpt>
      <trkpt lat="41.994287995622" lon="23.698880039155"><ele>1519.5</ele></trkpt>
      <trkpt lat="41.99410200119" lon="23.698701001704"><ele>1521</ele></trkpt>
      <trkpt lat="41.993930004537" lon="23.698701001704"><ele>1521</ele></trkpt>
      <trkpt lat="41.993725989014" lon="23.698748024181"><ele>1521</ele></trkpt>
      <trkpt lat="41.993264984339" lon="23.698615003377"><ele>1522</ele></trkpt>
      <trkpt lat="41.992407012731" lon="23.698324989527"><ele>1516.13</ele></trkpt>
      <trkpt lat="41.99169899337" lon="23.69830403477"><ele>1519.25</ele></trkpt>
      <trkpt lat="41.991161964834" lon="23.698367988691"><ele>1521</ele></trkpt>
      <trkpt lat="41.990916039795" lon="23.698592958972"><ele>1531</ele></trkpt>
      <trkpt lat="41.990732979029" lon="23.698710976169"><ele>1536</ele></trkpt>
      <trkpt lat="41.990422010422" lon="23.698701001704"><ele>1536</ele></trkpt>
      <trkpt lat="41.990122022107" lon="23.698292970657"><ele>1534</ele></trkpt>
      <trkpt lat="41.990004004911" lon="23.698206972331"><ele>1534</ele></trkpt>
      <trkpt lat="41.989574013278" lon="23.698163973168"><ele>1533.25</ele></trkpt>
      <trkpt lat="41.989188026637" lon="23.697916958481"><ele>1527</ele></trkpt>
      <trkpt lat="41.988899018615" lon="23.697767006233"><ele>1527</ele></trkpt>
      <trkpt lat="41.988695003092" lon="23.69778896682"><ele>1527</ele></trkpt>
      <trkpt lat="41.988472966477" lon="23.697925005108"><ele>1527.75</ele></trkpt>
      <trkpt lat="41.988415969536" lon="23.697960041463"><ele>1527.75</ele></trkpt>
      <trkpt lat="41.988212037832" lon="23.69798200205"><ele>1528.88</ele></trkpt>
      <trkpt lat="41.988019002602" lon="23.69785300456"><ele>1529</ele></trkpt>
      <trkpt lat="41.987429000437" lon="23.69785300456"><ele>1530.33</ele></trkpt>
      <trkpt lat="41.987277958542" lon="23.697896003723"><ele>1531</ele></trkpt>
      <trkpt lat="41.98711803183" lon="23.698057020083"><ele>1529.25</ele></trkpt>
      <trkpt lat="41.987032033503" lon="23.698218036443"><ele>1527.63</ele></trkpt>
      <trkpt lat="41.98686003685" lon="23.698410987854"><ele>1526</ele></trkpt>
      <trkpt lat="41.986645041034" lon="23.698475025594"><ele>1535.25</ele></trkpt>
      <trkpt lat="41.986055038869" lon="23.698443006724"><ele>1537</ele></trkpt>
      <trkpt lat="41.985840965062" lon="23.698475025594"><ele>1537</ele></trkpt>
      <trkpt lat="41.98581003584" lon="23.698473013937"><ele>1537</ele></trkpt>
      <trkpt lat="41.985328998417" lon="23.698851037771"><ele>1537</ele></trkpt>
      <trkpt lat="41.985322963446" lon="23.69920601137"><ele>1535</ele></trkpt>
      <trkpt lat="41.985251968727" lon="23.699283963069"><ele>1537.75</ele></trkpt>
      <trkpt lat="41.984946029261" lon="23.699344983324"><ele>1543.38</ele></trkpt>
      <trkpt lat="41.984761962667" lon="23.699508011341"><ele>1549</ele></trkpt>
      <trkpt lat="41.984692979604" lon="23.699686964974"><ele>1549</ele></trkpt>
      <trkpt lat="41.984772020951" lon="23.699974967167"><ele>1547.25</ele></trkpt>
      <trkpt lat="41.984818959609" lon="23.700266992673"><ele>1547</ele></trkpt>
      <trkpt lat="41.984612010419" lon="23.701278017834"><ele>1547</ele></trkpt>
      <trkpt lat="41.984112029895" lon="23.702307986096"><ele>1572.25</ele></trkpt>
      <trkpt lat="41.983957970515" lon="23.702436983585"><ele>1571.25</ele></trkpt>
      <trkpt lat="41.983435023576" lon="23.70260797441"><ele>1578.75</ele></trkpt>
      <trkpt lat="41.983351958916" lon="23.702726997435"><ele>1584</ele></trkpt>
      <trkpt lat="41.983333015814" lon="23.703155983239"><ele>1581.25</ele></trkpt>
      <trkpt lat="41.983290016651" lon="23.703329991549"><ele>1577</ele></trkpt>
      <trkpt lat="41.983068985865" lon="23.703483967111"><ele>1574</ele></trkpt>
      <trkpt lat="41.982920039445" lon="23.703479021788"><ele>1574</ele></trkpt>
      <trkpt lat="41.982772015035" lon="23.703608019277"><ele>1573.75</ele></trkpt>
      <trkpt lat="41.982779977843" lon="23.703744979575"><ele>1574</ele></trkpt>
      <trkpt lat="41.982673024759" lon="23.703810023144"><ele>1580.25</ele></trkpt>
      <trkpt lat="41.982333976775" lon="23.703881017864"><ele>1586.5</ele></trkpt>
      <trkpt lat="41.981674991548" lon="23.704838985577"><ele>1585.5</ele></trkpt>
      <trkpt lat="41.98165403679" lon="23.705340977758"><ele>1580</ele></trkpt>
      <trkpt lat="41.981735005975" lon="23.705731993541"><ele>1579.25</ele></trkpt>
      <trkpt lat="41.981672979891" lon="23.705974984914"><ele>1581.25</ele></trkpt>
      <trkpt lat="41.981437029317" lon="23.706323001534"><ele>1582</ele></trkpt>
      <trkpt lat="41.981248017401" lon="23.706431966275"><ele>1582</ele></trkpt>
      <trkpt lat="41.981104016304" lon="23.706470020115"><ele>1583.5</ele></trkpt>
      <trkpt lat="41.980977030471" lon="23.706377986819"><ele>1583.5</ele></trkpt>
      <trkpt lat="41.980984993279" lon="23.706124015152"><ele>1587</ele></trkpt>
      <trkpt lat="41.981042996049" lon="23.705928968266"><ele>1585.25</ele></trkpt>
      <trkpt lat="41.981055987999" lon="23.705713972449"><ele>1581</ele></trkpt>
      <trkpt lat="41.980787012726" lon="23.705056998879"><ele>1604.75</ele></trkpt>
      <trkpt lat="41.980680981651" lon="23.704724991694"><ele>1607.75</ele></trkpt>
      <trkpt lat="41.980687016621" lon="23.703946983442"><ele>1610</ele></trkpt>
      <trkpt lat="41.980459028855" lon="23.703655041754"><ele>1610</ele></trkpt>
      <trkpt lat="41.980366995558" lon="23.703617993742"><ele>1610</ele></trkpt>
      <trkpt lat="41.980046974495" lon="23.704622983932"><ele>1616.25</ele></trkpt>
      <trkpt lat="41.97987598367" lon="23.705074014142"><ele>1624</ele></trkpt>
      <trkpt lat="41.979842958972" lon="23.705802988261"><ele>1624.75</ele></trkpt>
      <trkpt lat="41.979725025594" lon="23.706297017634"><ele>1623.5</ele></trkpt>
      <trkpt lat="41.979522015899" lon="23.706672023982"><ele>1620</ele></trkpt>
      <trkpt lat="41.979307020083" lon="23.706778977066"><ele>1630.75</ele></trkpt>
      <trkpt lat="41.978878034279" lon="23.707230007276"><ele>1635.5</ele></trkpt>
      <trkpt lat="41.978792035952" lon="23.707402003929"><ele>1634</ele></trkpt>
      <trkpt lat="41.978727998212" lon="23.707669973373"><ele>1635.55</ele></trkpt>
      <trkpt lat="41.978416023776" lon="23.708592988551"><ele>1641.75</ele></trkpt>
      <trkpt lat="41.977944038808" lon="23.709247028455"><ele>1645.69</ele></trkpt>
      <trkpt lat="41.977514969185" lon="23.709923028946"><ele>1645.75</ele></trkpt>
      <trkpt lat="41.977322017774" lon="23.71015897952"><ele>1647</ele></trkpt>
      <trkpt lat="41.977096963674" lon="23.71038403362"><ele>1645.83</ele></trkpt>
      <trkpt lat="41.97689303197" lon="23.710501966998"><ele>1644.67</ele></trkpt>
      <trkpt lat="41.97644200176" lon="23.711124993861"><ele>1644</ele></trkpt>
      <trkpt lat="41.975927017629" lon="23.711736034602"><ele>1645.25</ele></trkpt>
      <trkpt lat="41.975541030988" lon="23.71278796345"><ele>1647</ele></trkpt>
      <trkpt lat="41.975380014628" lon="23.71317403391"><ele>1648.5</ele></trkpt>
      <trkpt lat="41.975251017138" lon="23.713291967288"><ele>1653.5</ele></trkpt>
      <trkpt lat="41.975080026314" lon="23.713323986158"><ele>1658.5</ele></trkpt>
      <trkpt lat="41.974779032171" lon="23.713313005865"><ele>1659.75</ele></trkpt>
      <trkpt lat="41.974585996941" lon="23.713356005028"><ele>1661</ele></trkpt>
      <trkpt lat="41.974521959201" lon="23.713431023061"><ele>1661</ele></trkpt>
      <trkpt lat="41.974467979744" lon="23.713646018878"><ele>1660.5</ele></trkpt>
      <trkpt lat="41.974521959201" lon="23.713784990832"><ele>1661</ele></trkpt>
      <trkpt lat="41.974747013301" lon="23.713999986649"><ele>1664</ele></trkpt>
      <trkpt lat="41.974908029661" lon="23.714182041585"><ele>1667</ele></trkpt>
      <trkpt lat="41.974994027987" lon="23.714536009356"><ele>1671.83</ele></trkpt>
      <trkpt lat="41.975048007444" lon="23.716382039711"><ele>1678</ele></trkpt>
      <trkpt lat="41.97503702715" lon="23.716831980273"><ele>1680.1</ele></trkpt>
      <trkpt lat="41.975143980235" lon="23.717498006299"><ele>1682.2</ele></trkpt>
      <trkpt lat="41.975143980235" lon="23.717738986015"><ele>1683.25</ele></trkpt>
      <trkpt lat="41.975143980235" lon="23.718065964058"><ele>1682.63</ele></trkpt>
      <trkpt lat="41.975025963038" lon="23.719160975888"><ele>1689.33</ele></trkpt>
      <trkpt lat="41.975025963038" lon="23.719632960856"><ele>1693</ele></trkpt>
      <trkpt lat="41.975091006607" lon="23.720030011609"><ele>1691.38</ele></trkpt>
      <trkpt lat="41.975229978561" lon="23.720683967695"><ele>1691.5</ele></trkpt>
      <trkpt lat="41.975080026314" lon="23.720930982381"><ele>1695.75</ele></trkpt>
      <trkpt lat="41.975091006607" lon="23.72185299173"><ele>1695.75</ele></trkpt>
      <trkpt lat="41.975272977725" lon="23.722808025777"><ele>1694.5</ele></trkpt>
      <trkpt lat="41.975327041" lon="23.723012041301"><ele>1694.5</ele></trkpt>
      <trkpt lat="41.975272977725" lon="23.723204992712"><ele>1694.25</ele></trkpt>
      <trkpt lat="41.975132999942" lon="23.723280010745"><ele>1693.5</ele></trkpt>
      <trkpt lat="41.974779032171" lon="23.724074028432"><ele>1688.5</ele></trkpt>
      <trkpt lat="41.974490024149" lon="23.725039958954"><ele>1682.93</ele></trkpt>
      <trkpt lat="41.974286008626" lon="23.725919974968"><ele>1680.25</ele></trkpt>
      <trkpt lat="41.9742000103" lon="23.726531015709"><ele>1680.5</ele></trkpt>
      <trkpt lat="41.973920976743" lon="23.727271975949"><ele>1680.5</ele></trkpt>
      <trkpt lat="41.973857022822" lon="23.727840017527"><ele>1679</ele></trkpt>
      <trkpt lat="41.973900021985" lon="23.728849031031"><ele>1676</ele></trkpt>
      <trkpt lat="41.973866997287" lon="23.729621004313"><ele>1670.75</ele></trkpt>
      <trkpt lat="41.973556028679" lon="23.730801008642"><ele>1673.5</ele></trkpt>
      <trkpt lat="41.973299039528" lon="23.731530988589"><ele>1671.63</ele></trkpt>
      <trkpt lat="41.973169958219" lon="23.731767022982"><ele>1671</ele></trkpt>
      <trkpt lat="41.972397984937" lon="23.73217497021"><ele>1668.75</ele></trkpt>
      <trkpt lat="41.97182902135" lon="23.73240002431"><ele>1659.9</ele></trkpt>
      <trkpt lat="41.970755970106" lon="23.732968987897"><ele>1657.25</ele></trkpt>
      <trkpt lat="41.970391022041" lon="23.733119023964"><ele>1655.5</ele></trkpt>
      <trkpt lat="41.970048034564" lon="23.73323704116"><ele>1650.25</ele></trkpt>
      <trkpt lat="41.969946026802" lon="23.733307030052"><ele>1650.13</ele></trkpt>
      <trkpt lat="41.969693982974" lon="23.733419012278"><ele>1650</ele></trkpt>
      <trkpt lat="41.969487033784" lon="23.733635013923"><ele>1649.25</ele></trkpt>
      <trkpt lat="41.969415033236" lon="23.733645994216"><ele>1649.25</ele></trkpt>
      <trkpt lat="41.969304978848" lon="23.733642976731"><ele>1642.25</ele></trkpt>
      <trkpt lat="41.969186961651" lon="23.733723023906"><ele>1640</ele></trkpt>
      <trkpt lat="41.968985963613" lon="23.734028041363"><ele>1637.75</ele></trkpt>
      <trkpt lat="41.968593019992" lon="23.734483011067"><ele>1634.5</ele></trkpt>
      <trkpt lat="41.968477014452" lon="23.734570015222"><ele>1628</ele></trkpt>
      <trkpt lat="41.968531999737" lon="23.734607985243"><ele>1634.5</ele></trkpt>
      <trkpt lat="41.968731991947" lon="23.734716027975"><ele>1635</ele></trkpt>
      <trkpt lat="41.968837017193" lon="23.734747041017"><ele>1635</ele></trkpt>
      <trkpt lat="41.968925027177" lon="23.734761038795"><ele>1635</ele></trkpt>
      <trkpt lat="41.969148991629" lon="23.734944015741"><ele>1629.88</ele></trkpt>
      <trkpt lat="41.969604967162" lon="23.735335031524"><ele>1629.92</ele></trkpt>
      <trkpt lat="41.969817029312" lon="23.735519014299"><ele>1630.13</ele></trkpt>
      <trkpt lat="41.969922976568" lon="23.735651029274"><ele>1629.25</ele></trkpt>
      <trkpt lat="41.970020961016" lon="23.735778015107"><ele>1628.25</ele></trkpt>
      <trkpt lat="41.970091033727" lon="23.735918998718"><ele>1624</ele></trkpt>
      <trkpt lat="41.970154987648" lon="23.736155033112"><ele>1624</ele></trkpt>
      <trkpt lat="41.970220031217" lon="23.736552000046"><ele>1625.5</ele></trkpt>
      <trkpt lat="41.970251966268" lon="23.737163962796"><ele>1627.75</ele></trkpt>
      <trkpt lat="41.970326984301" lon="23.737281979993"><ele>1631.75</ele></trkpt>
      <trkpt lat="41.970423040912" lon="23.737581968307"><ele>1636</ele></trkpt>
      <trkpt lat="41.970509039238" lon="23.738085972145"><ele>1638.33</ele></trkpt>
      <trkpt lat="41.970616998151" lon="23.738569021225"><ele>1643</ele></trkpt>
      <trkpt lat="41.970701990649" lon="23.738827016205"><ele>1643</ele></trkpt>
      <trkpt lat="41.970712970942" lon="23.739170003682"><ele>1644.5</ele></trkpt>
      <trkpt lat="41.970573998988" lon="23.739855978638"><ele>1644.25</ele></trkpt>
      <trkpt lat="41.970563018695" lon="23.740016994998"><ele>1644.25</ele></trkpt>
      <trkpt lat="41.970606017858" lon="23.740168036893"><ele>1644</ele></trkpt>
      <trkpt lat="41.970692016184" lon="23.740360988304"><ele>1644</ele></trkpt>
      <trkpt lat="41.970810033381" lon="23.740511024371"><ele>1644.75</ele></trkpt>
      <trkpt lat="41.971131982282" lon="23.740844037384"><ele>1646</ele></trkpt>
      <trkpt lat="41.971282018349" lon="23.741101026535"><ele>1646</ele></trkpt>
      <trkpt lat="41.971657024696" lon="23.742184974253"><ele>1632.6</ele></trkpt>
      <trkpt lat="41.971872020513" lon="23.742763996124"><ele>1629.5</ele></trkpt>
      <trkpt lat="41.971904039383" lon="23.742892993614"><ele>1629.75</ele></trkpt>
      <trkpt lat="41.971990037709" lon="23.743300018832"><ele>1630.75</ele></trkpt>
      <trkpt lat="41.972021972761" lon="23.743621967733"><ele>1631</ele></trkpt>
      <trkpt lat="41.972129009664" lon="23.743922961876"><ele>1631</ele></trkpt>
      <trkpt lat="41.972301006317" lon="23.744105016813"><ele>1632.75</ele></trkpt>
      <trkpt lat="41.972568975762" lon="23.744277013466"><ele>1636.25</ele></trkpt>
      <trkpt lat="41.972783971578" lon="23.744566021487"><ele>1634.25</ele></trkpt>
      <trkpt lat="41.972923027351" lon="23.745016967878"><ele>1643.25</ele></trkpt>
      <trkpt lat="41.973063005134" lon="23.745403038338"><ele>1644</ele></trkpt>
      <trkpt lat="41.973416972905" lon="23.745950041339"><ele>1651</ele></trkpt>
      <trkpt lat="41.973642027006" lon="23.746380032972"><ele>1646.5</ele></trkpt>
      <trkpt lat="41.973825003952" lon="23.747442020103"><ele>1655</ele></trkpt>
      <trkpt lat="41.97384595871" lon="23.747806968167"><ele>1657</ele></trkpt>
      <trkpt lat="41.97387797758" lon="23.748322036117"><ele>1657.83</ele></trkpt>
      <trkpt lat="41.973771024495" lon="23.748740041628"><ele>1657.75</ele></trkpt>
      <trkpt lat="41.973642027006" lon="23.748986972496"><ele>1657.25</ele></trkpt>
      <trkpt lat="41.973481010646" lon="23.749598013237"><ele>1653.5</ele></trkpt>
      <trkpt lat="41.973470030352" lon="23.750080978498"><ele>1651.38</ele></trkpt>
      <trkpt lat="41.973534990102" lon="23.751025032252"><ele>1652</ele></trkpt>
      <trkpt lat="41.973438011482" lon="23.752183998004"><ele>1644</ele></trkpt>
      <trkpt lat="41.973373973742" lon="23.752408968285"><ele>1644</ele></trkpt>
      <trkpt lat="41.973310019821" lon="23.752709962428"><ele>1643.75</ele></trkpt>
      <trkpt lat="41.973385037854" lon="23.753600036725"><ele>1647</ele></trkpt>
      <trkpt lat="41.973405992612" lon="23.753878986463"><ele>1647.5</ele></trkpt>
      <trkpt lat="41.973342038691" lon="23.754405034706"><ele>1646.25</ele></trkpt>
      <trkpt lat="41.973319994286" lon="23.754726983607"><ele>1646</ele></trkpt>
      <trkpt lat="41.973319994286" lon="23.755134008825"><ele>1646</ele></trkpt>
      <trkpt lat="41.973267020658" lon="23.755412958562"><ele>1646.13</ele></trkpt>
      <trkpt lat="41.973158977926" lon="23.755596019328"><ele>1646.25</ele></trkpt>
      <trkpt lat="41.973052024841" lon="23.755810009316"><ele>1647</ele></trkpt>
      <trkpt lat="41.972858989611" lon="23.755896007642"><ele>1647</ele></trkpt>
      <trkpt lat="41.972568975762" lon="23.755874969065"><ele>1641.63</ele></trkpt>
      <trkpt lat="41.972258007154" lon="23.755885027349"><ele>1637.83</ele></trkpt>
      <trkpt lat="41.971978973597" lon="23.755971025676"><ele>1637.5</ele></trkpt>
      <trkpt lat="41.971806976944" lon="23.756111003458"><ele>1634.25</ele></trkpt>
      <trkpt lat="41.971711004153" lon="23.756304038689"><ele>1629</ele></trkpt>
      <trkpt lat="41.971614025533" lon="23.756378972903"><ele>1629</ele></trkpt>
      <trkpt lat="41.970959985629" lon="23.756905021146"><ele>1628</ele></trkpt>
      <trkpt lat="41.970563018695" lon="23.757162010297"><ele>1620</ele></trkpt>
      <trkpt lat="41.970402002335" lon="23.757215989754"><ele>1620</ele></trkpt>
      <trkpt lat="41.970145013183" lon="23.757162010297"><ele>1612</ele></trkpt>
      <trkpt lat="41.969950972125" lon="23.757215989754"><ele>1605</ele></trkpt>
      <trkpt lat="41.969822980464" lon="23.757472978905"><ele>1612.5</ele></trkpt>
      <trkpt lat="41.969790039584" lon="23.757730973884"><ele>1613</ele></trkpt>
      <trkpt lat="41.96994099766" lon="23.758234977722"><ele>1612.75</ele></trkpt>
      <trkpt lat="41.969907972962" lon="23.758567990735"><ele>1612</ele></trkpt>
      <trkpt lat="41.969704963267" lon="23.758813999593"><ele>1612</ele></trkpt>
      <trkpt lat="41.969254016876" lon="23.759007034823"><ele>1601.17</ele></trkpt>
      <trkpt lat="41.968954028562" lon="23.759147012606"><ele>1596.25</ele></trkpt>
      <trkpt lat="41.96881396696" lon="23.759414982051"><ele>1597</ele></trkpt>
      <trkpt lat="41.968770967796" lon="23.759640036151"><ele>1597</ele></trkpt>
      <trkpt lat="41.96881396696" lon="23.75983399339"><ele>1597</ele></trkpt>
      <trkpt lat="41.968985963613" lon="23.759961985052"><ele>1598</ele></trkpt>
      <trkpt lat="41.969060981646" lon="23.760155020282"><ele>1598</ele></trkpt>
      <trkpt lat="41.969060981646" lon="23.760262979195"><ele>1598</ele></trkpt>
      <trkpt lat="41.968836011365" lon="23.760660029948"><ele>1597.5</ele></trkpt>
      <trkpt lat="41.968588996679" lon="23.761184988543"><ele>1596.75</ele></trkpt>
      <trkpt lat="41.968449018896" lon="23.76136796549"><ele>1583.25</ele></trkpt>
      <trkpt lat="41.968235028908" lon="23.761453963816"><ele>1580.75</ele></trkpt>
      <trkpt lat="41.967966975644" lon="23.761603999883"><ele>1578.25</ele></trkpt>
      <trkpt lat="41.967613007873" lon="23.76188303344"><ele>1566.38</ele></trkpt>
      <trkpt lat="41.967375967652" lon="23.762118984014"><ele>1561.69</ele></trkpt>
      <trkpt lat="41.966840028763" lon="23.762493990362"><ele>1555.5</ele></trkpt>
      <trkpt lat="41.966517996043" lon="23.763020038605"><ele>1545</ele></trkpt>
      <trkpt lat="41.966175008565" lon="23.763117017224"><ele>1545</ele></trkpt>
      <trkpt lat="41.965660024434" lon="23.763427985832"><ele>1534</ele></trkpt>
      <trkpt lat="41.96524403058" lon="23.763488000259"><ele>1534</ele></trkpt>
      <trkpt lat="41.965144034475" lon="23.763379035518"><ele>1538.25</ele></trkpt>
      <trkpt lat="41.964975977316" lon="23.763182982802"><ele>1537.75</ele></trkpt>
      <trkpt lat="41.964854020625" lon="23.763009980321"><ele>1535</ele></trkpt>
      <trkpt lat="41.964627038687" lon="23.763009980321"><ele>1535.75</ele></trkpt>
      <trkpt lat="41.964075006545" lon="23.763324972242"><ele>1554</ele></trkpt>
      <trkpt lat="41.963792033494" lon="23.763523958623"><ele>1558</ele></trkpt>
      <trkpt lat="41.963729001582" lon="23.76371297054"><ele>1558</ele></trkpt>
      <trkpt lat="41.96367896162" lon="23.764171041548"><ele>1564.5</ele></trkpt>
      <trkpt lat="41.963670998812" lon="23.764338009059"><ele>1564.75</ele></trkpt>
      <trkpt lat="41.963643003255" lon="23.764468012378"><ele>1564.75</ele></trkpt>
      <trkpt lat="41.963632022962" lon="23.764726007357"><ele>1564.75</ele></trkpt>
      <trkpt lat="41.963718021289" lon="23.764875959605"><ele>1565</ele></trkpt>
      <trkpt lat="41.963738976046" lon="23.765134038404"><ele>1565</ele></trkpt>
      <trkpt lat="41.963729001582" lon="23.765637958422"><ele>1565.75</ele></trkpt>
      <trkpt lat="41.963600004092" lon="23.765852032229"><ele>1566.5</ele></trkpt>
      <trkpt lat="41.963418032974" lon="23.765981029719"><ele>1573.67</ele></trkpt>
      <trkpt lat="41.963010001928" lon="23.766720984131"><ele>1587</ele></trkpt>
      <trkpt lat="41.962773967534" lon="23.767482982948"><ele>1592.25</ele></trkpt>
      <trkpt lat="41.962656034157" lon="23.767751036212"><ele>1591.5</ele></trkpt>
      <trkpt lat="41.962429974228" lon="23.768438016996"><ele>1593.17</ele></trkpt>
      <trkpt lat="41.96224800311" lon="23.768771030009"><ele>1594</ele></trkpt>
      <trkpt lat="41.962043987587" lon="23.768920982257"><ele>1592.5</ele></trkpt>
      <trkpt lat="41.961861010641" lon="23.769421968609"><ele>1592.5</ele></trkpt>
      <trkpt lat="41.961749028414" lon="23.769522970542"><ele>1592.5</ele></trkpt>
      <trkpt lat="41.961723966524" lon="23.769531017169"><ele>1601</ele></trkpt>
      <trkpt lat="41.961663030088" lon="23.769550966099"><ele>1601</ele></trkpt>
      <trkpt lat="41.961497990415" lon="23.769519031048"><ele>1601</ele></trkpt>
      <trkpt lat="41.961118038744" lon="23.769292971119"><ele>1600.5</ele></trkpt>
      <trkpt lat="41.960820984095" lon="23.769232034683"><ele>1594</ele></trkpt>
      <trkpt lat="41.960563994944" lon="23.769295988604"><ele>1594</ele></trkpt>
      <trkpt lat="41.960155963898" lon="23.769639981911"><ele>1593</ele></trkpt>
      <trkpt lat="41.959834014997" lon="23.769682981074"><ele>1590</ele></trkpt>
      <trkpt lat="41.959784980863" lon="23.769774008542"><ele>1590</ele></trkpt>
      <trkpt lat="41.95997399278" lon="23.76996201463"><ele>1591.75</ele></trkpt>
      <trkpt lat="41.959952032194" lon="23.770518992096"><ele>1592</ele></trkpt>
      <trkpt lat="41.960081029683" lon="23.771248972043"><ele>1596</ele></trkpt>
      <trkpt lat="41.960155963898" lon="23.771474026144"><ele>1596</ele></trkpt>
      <trkpt lat="41.960026966408" lon="23.771474026144"><ele>1596</ele></trkpt>
      <trkpt lat="41.95987701416" lon="23.77123799175"><ele>1594</ele></trkpt>
      <trkpt lat="41.959694959223" lon="23.771067000926"><ele>1594</ele></trkpt>
      <trkpt lat="41.959416009486" lon="23.771151993424"><ele>1594</ele></trkpt>
      <trkpt lat="41.959147034213" lon="23.771303035319"><ele>1591</ele></trkpt>
      <trkpt lat="41.958690974861" lon="23.771271016449"><ele>1591</ele></trkpt>
      <trkpt lat="41.958579998463" lon="23.771219970658"><ele>1590.5</ele></trkpt>
      <trkpt lat="41.95847296156" lon="23.771069012582"><ele>1589.17</ele></trkpt>
      <trkpt lat="41.957652959973" lon="23.770956024528"><ele>1583.33</ele></trkpt>
      <trkpt lat="41.957005038857" lon="23.770931968465"><ele>1580.67</ele></trkpt>
      <trkpt lat="41.956744026393" lon="23.770958036184"><ele>1574.75</ele></trkpt>
      <trkpt lat="41.955154985189" lon="23.771041017026"><ele>1574</ele></trkpt>
      <trkpt lat="41.954565988854" lon="23.771506967023"><ele>1576.63</ele></trkpt>
      <trkpt lat="41.953900968656" lon="23.77197903581"><ele>1574</ele></trkpt>
      <trkpt lat="41.953322030604" lon="23.772214986384"><ele>1566</ele></trkpt>
      <trkpt lat="41.952871000394" lon="23.772181961685"><ele>1565.33</ele></trkpt>
      <trkpt lat="41.952334977686" lon="23.772376002744"><ele>1558.33</ele></trkpt>
      <trkpt lat="41.951786968857" lon="23.772643972188"><ele>1552.5</ele></trkpt>
      <trkpt lat="41.950790025294" lon="23.772600973025"><ele>1544</ele></trkpt>
      <trkpt lat="41.950275041163" lon="23.772675991058"><ele>1542</ele></trkpt>
      <trkpt lat="41.94987799041" lon="23.772923005745"><ele>1538</ele></trkpt>
      <trkpt lat="41.949254963547" lon="23.772708009928"><ele>1530.25</ele></trkpt>
      <trkpt lat="41.948515009135" lon="23.772761989385"><ele>1528.25</ele></trkpt>
      <trkpt lat="41.947892988101" lon="23.773276973516"><ele>1527.5</ele></trkpt>
      <trkpt lat="41.947238026187" lon="23.773694979027"><ele>1535</ele></trkpt>
      <trkpt lat="41.946766041219" lon="23.774232007563"><ele>1531.75</ele></trkpt>
      <trkpt lat="41.946250973269" lon="23.774607013911"><ele>1531</ele></trkpt>
      <trkpt lat="41.945382021368" lon="23.775702025741"><ele>1525</ele></trkpt>
      <trkpt lat="41.944338977337" lon="23.776061022654"><ele>1517.75</ele></trkpt>
      <trkpt lat="41.944101015106" lon="23.776101004332"><ele>1516</ele></trkpt>
      <trkpt lat="41.944008981809" lon="23.776048030704"><ele>1516</ele></trkpt>
      <trkpt lat="41.943965982646" lon="23.775976030156"><ele>1516</ele></trkpt>
      <trkpt lat="41.943898005411" lon="23.775818031281"><ele>1516</ele></trkpt>
      <trkpt lat="41.943807983771" lon="23.775428021327"><ele>1516</ele></trkpt>
      <trkpt lat="41.943762972951" lon="23.775392984971"><ele>1516</ele></trkpt>
      <trkpt lat="41.943708993495" lon="23.775389967486"><ele>1516</ele></trkpt>
      <trkpt lat="41.943564992398" lon="23.775506978855"><ele>1513</ele></trkpt>
      <trkpt lat="41.94330599159" lon="23.7754199747"><ele>1507</ele></trkpt>
      <trkpt lat="41.943001979962" lon="23.77537404187"><ele>1506</ele></trkpt>
      <trkpt lat="41.942768041044" lon="23.775819959119"><ele>1509</ele></trkpt>
      <trkpt lat="41.942274011672" lon="23.776270989329"><ele>1499</ele></trkpt>
      <trkpt lat="41.941977962852" lon="23.776795025915"><ele>1509</ele></trkpt>
      <trkpt lat="41.941848965362" lon="23.777084033936"><ele>1507</ele></trkpt>
      <trkpt lat="41.941719967872" lon="23.777489969507"><ele>1502.75</ele></trkpt>
      <trkpt lat="41.941632963717" lon="23.777634976432"><ele>1500.83</ele></trkpt>
      <trkpt lat="41.941469013691" lon="23.778226990253"><ele>1497</ele></trkpt>
      <trkpt lat="41.94118000567" lon="23.778700986877"><ele>1497</ele></trkpt>
      <trkpt lat="41.941103981808" lon="23.778932997957"><ele>1496.5</ele></trkpt>
      <trkpt lat="41.941058970988" lon="23.77899502404"><ele>1496.5</ele></trkpt>
      <trkpt lat="41.941004991531" lon="23.77922100015"><ele>1495.5</ele></trkpt>
      <trkpt lat="41.940994011238" lon="23.779391990975"><ele>1495.13</ele></trkpt>
      <trkpt lat="41.940908012912" lon="23.779863975942"><ele>1495.25</ele></trkpt>
      <trkpt lat="41.940875994042" lon="23.779863975942"><ele>1495.25</ele></trkpt>
      <trkpt lat="41.940628979355" lon="23.780100010335"><ele>1495.13</ele></trkpt>
      <trkpt lat="41.939738988876" lon="23.780390024185"><ele>1497.5</ele></trkpt>
      <trkpt lat="41.939417039976" lon="23.780539976433"><ele>1497.5</ele></trkpt>
      <trkpt lat="41.939224004745" lon="23.780766036361"><ele>1496.25</ele></trkpt>
      <trkpt lat="41.939030969515" lon="23.781054960564"><ele>1495.13</ele></trkpt>
      <trkpt lat="41.938924016431" lon="23.78136601299"><ele>1494</ele></trkpt>
      <trkpt lat="41.938933990896" lon="23.781558964401"><ele>1494</ele></trkpt>
      <trkpt lat="41.938772974536" lon="23.78178502433"><ele>1494</ele></trkpt>
      <trkpt lat="41.938677001745" lon="23.782020974904"><ele>1496.38</ele></trkpt>
      <trkpt lat="41.938677001745" lon="23.782246029004"><ele>1498.75</ele></trkpt>
      <trkpt lat="41.938515985385" lon="23.782352982089"><ele>1495.75</ele></trkpt>
      <trkpt lat="41.937990020961" lon="23.782406961545"><ele>1493.58</ele></trkpt>
      <trkpt lat="41.937786005437" lon="23.782547023147"><ele>1497.42</ele></trkpt>
      <trkpt lat="41.937561035156" lon="23.782965028659"><ele>1501.5</ele></trkpt>
      <trkpt lat="41.93734603934" lon="23.783480012789"><ele>1502</ele></trkpt>
      <trkpt lat="41.937174964696" lon="23.78396297805"><ele>1493.67</ele></trkpt>
      <trkpt lat="41.936842035502" lon="23.784552980214"><ele>1484.25</ele></trkpt>
      <trkpt lat="41.936358986422" lon="23.785250019282"><ele>1476.33</ele></trkpt>
      <trkpt lat="41.936058998108" lon="23.785540033132"><ele>1471</ele></trkpt>
      <trkpt lat="41.935791028664" lon="23.785904981196"><ele>1471</ele></trkpt>
      <trkpt lat="41.935296999291" lon="23.786708973348"><ele>1467.33</ele></trkpt>
      <trkpt lat="41.935103964061" lon="23.786945007741"><ele>1465.5</ele></trkpt>
      <trkpt lat="41.93455696106" lon="23.787321019918"><ele>1452.56</ele></trkpt>
      <trkpt lat="41.933998977765" lon="23.787459991872"><ele>1452</ele></trkpt>
      <trkpt lat="41.933548031375" lon="23.787289001048"><ele>1447.63</ele></trkpt>
      <trkpt lat="41.933322977275" lon="23.787180958316"><ele>1443.25</ele></trkpt>
      <trkpt lat="41.932797012851" lon="23.787170983851"><ele>1442.75</ele></trkpt>
      <trkpt lat="41.932635996491" lon="23.787353038788"><ele>1442.75</ele></trkpt>
      <trkpt lat="41.93221799098" lon="23.787535009906"><ele>1440</ele></trkpt>
      <trkpt lat="41.931306039914" lon="23.787502991036"><ele>1445</ele></trkpt>
      <trkpt lat="41.93081301637" lon="23.787943040952"><ele>1464</ele></trkpt>
      <trkpt lat="41.930169034749" lon="23.788361968473"><ele>1446.33</ele></trkpt>
      <trkpt lat="41.92971800454" lon="23.788501024246"><ele>1451</ele></trkpt>
      <trkpt lat="41.929267980158" lon="23.788521979004"><ele>1448.33</ele></trkpt>
      <trkpt lat="41.928923986852" lon="23.788350988179"><ele>1446</ele></trkpt>
      <trkpt lat="41.928623998538" lon="23.78825400956"><ele>1444.38</ele></trkpt>
      <trkpt lat="41.928195012733" lon="23.788340007886"><ele>1435</ele></trkpt>
      <trkpt lat="41.927754962817" lon="23.788479985669"><ele>1435</ele></trkpt>
      <trkpt lat="41.927411975339" lon="23.788436986506"><ele>1434</ele></trkpt>
      <trkpt lat="41.927047027275" lon="23.788564978167"><ele>1434</ele></trkpt>
      <trkpt lat="41.926382007077" lon="23.788662040606"><ele>1429.75</ele></trkpt>
      <trkpt lat="41.926145972684" lon="23.788725994527"><ele>1429.5</ele></trkpt>
      <trkpt lat="41.925534009933" lon="23.789048027247"><ele>1432.13</ele></trkpt>
      <trkpt lat="41.925309039652" lon="23.78909102641"><ele>1432.75</ele></trkpt>
      <trkpt lat="41.925148023292" lon="23.789154980332"><ele>1432.75</ele></trkpt>
      <trkpt lat="41.924739992246" lon="23.789573991671"><ele>1428</ele></trkpt>
      <trkpt lat="41.924504041672" lon="23.789573991671"><ele>1426.67</ele></trkpt>
      <trkpt lat="41.9243319612" lon="23.789627971128"><ele>1426</ele></trkpt>
      <trkpt lat="41.924192989245" lon="23.789755962789"><ele>1425</ele></trkpt>
      <trkpt lat="41.923688985407" lon="23.790196012706"><ele>1428.67</ele></trkpt>
      <trkpt lat="41.923301992938" lon="23.790753996"><ele>1431</ele></trkpt>
      <trkpt lat="41.923238039017" lon="23.791107963771"><ele>1431</ele></trkpt>
      <trkpt lat="41.92328103818" lon="23.791644992307"><ele>1431.5</ele></trkpt>
      <trkpt lat="41.923183975741" lon="23.792019998655"><ele>1432</ele></trkpt>
      <trkpt lat="41.922980966046" lon="23.792362986133"><ele>1439.25</ele></trkpt>
      <trkpt lat="41.922754989937" lon="23.792567001656"><ele>1433.25</ele></trkpt>
      <trkpt lat="41.922540999949" lon="23.792610000819"><ele>1430.25</ele></trkpt>
      <trkpt lat="41.922304965556" lon="23.792481003329"><ele>1426</ele></trkpt>
      <trkpt lat="41.921746982262" lon="23.792889034376"><ele>1428.25</ele></trkpt>
      <trkpt lat="41.921639023349" lon="23.79360803403"><ele>1426.25</ele></trkpt>
      <trkpt lat="41.921585965902" lon="23.794370032847"><ele>1426.33</ele></trkpt>
      <trkpt lat="41.921479012817" lon="23.794776974246"><ele>1427</ele></trkpt>
      <trkpt lat="41.921156980097" lon="23.795335041359"><ele>1431.35</ele></trkpt>
      <trkpt lat="41.920964028686" lon="23.796269036829"><ele>1431.5</ele></trkpt>
      <trkpt lat="41.920437980443" lon="23.796976972371"><ele>1429.88</ele></trkpt>
      <trkpt lat="41.920255003497" lon="23.797578038648"><ele>1433.75</ele></trkpt>
      <trkpt lat="41.919890977442" lon="23.79831799306"><ele>1418.33</ele></trkpt>
      <trkpt lat="41.919569028541" lon="23.799207983539"><ele>1424.67</ele></trkpt>
      <trkpt lat="41.919526029378" lon="23.799745012075"><ele>1432.25</ele></trkpt>
      <trkpt lat="41.919354032725" lon="23.799959002063"><ele>1424.88</ele></trkpt>
      <trkpt lat="41.91831400618" lon="23.799777030945"><ele>1409.25</ele></trkpt>
      <trkpt lat="41.918034972623" lon="23.800002001226"><ele>1411.63</ele></trkpt>
      <trkpt lat="41.917884014547" lon="23.800388993695"><ele>1415.71</ele></trkpt>
      <trkpt lat="41.91776599735" lon="23.801246965304"><ele>1420.83</ele></trkpt>
      <trkpt lat="41.917380010709" lon="23.802406014875"><ele>1421.06</ele></trkpt>
      <trkpt lat="41.917025959119" lon="23.802813040093"><ele>1419.63</ele></trkpt>
      <trkpt lat="41.916693029925" lon="23.803134988993"><ele>1416.25</ele></trkpt>
      <trkpt lat="41.916628992185" lon="23.803715016693"><ele>1410.25</ele></trkpt>
      <trkpt lat="41.916800988838" lon="23.804400991648"><ele>1414</ele></trkpt>
      <trkpt lat="41.916770981625" lon="23.804960986599"><ele>1411.38</ele></trkpt>
      <trkpt lat="41.916768969968" lon="23.805013038218"><ele>1411.38</ele></trkpt>
      <trkpt lat="41.916413996369" lon="23.806247022003"><ele>1410</ele></trkpt>
      <trkpt lat="41.916071008891" lon="23.807040033862"><ele>1410</ele></trkpt>
      <trkpt lat="41.916071008891" lon="23.807770013809"><ele>1410.33</ele></trkpt>
      <trkpt lat="41.915803039446" lon="23.808767963201"><ele>1406.19</ele></trkpt>
      <trkpt lat="41.915544960648" lon="23.809807989746"><ele>1407.5</ele></trkpt>
      <trkpt lat="41.915481006727" lon="23.810451971367"><ele>1412</ele></trkpt>
      <trkpt lat="41.915416968986" lon="23.810988999903"><ele>1413.33</ele></trkpt>
      <trkpt lat="41.915138019249" lon="23.811665000394"><ele>1410.8</ele></trkpt>
      <trkpt lat="41.914826966822" lon="23.811986027285"><ele>1409.2</ele></trkpt>
      <trkpt lat="41.914654970169" lon="23.812287021428"><ele>1406</ele></trkpt>
      <trkpt lat="41.914666034281" lon="23.812501011416"><ele>1406</ele></trkpt>
      <trkpt lat="41.914611971006" lon="23.812597990036"><ele>1406.83</ele></trkpt>
      <trkpt lat="41.914580035955" lon="23.8131879922"><ele>1412.5</ele></trkpt>
      <trkpt lat="41.914600990713" lon="23.814378976822"><ele>1412.17</ele></trkpt>
      <trkpt lat="41.914697969332" lon="23.814539993182"><ele>1412.17</ele></trkpt>
      <trkpt lat="41.914783967659" lon="23.81475398317"><ele>1412</ele></trkpt>
      <trkpt lat="41.914772987366" lon="23.815162014216"><ele>1410</ele></trkpt>
      <trkpt lat="41.914600990713" lon="23.815891994163"><ele>1408.5</ele></trkpt>
      <trkpt lat="41.914365040138" lon="23.816652987152"><ele>1401.25</ele></trkpt>
      <trkpt lat="41.914129005745" lon="23.817093037069"><ele>1391</ele></trkpt>
      <trkpt lat="41.914053987712" lon="23.817210970446"><ele>1390.75</ele></trkpt>
      <trkpt lat="41.91399003379" lon="23.817457985133"><ele>1390.38</ele></trkpt>
      <trkpt lat="41.913892971352" lon="23.817683039233"><ele>1390</ele></trkpt>
      <trkpt lat="41.913711000234" lon="23.817886970937"><ele>1390</ele></trkpt>
      <trkpt lat="41.913357032463" lon="23.81818796508"><ele>1398</ele></trkpt>
      <trkpt lat="41.912658987567" lon="23.819184992462"><ele>1404.5</ele></trkpt>
      <trkpt lat="41.91126499325" lon="23.820194005966"><ele>1408.92</ele></trkpt>
      <trkpt lat="41.910556973889" lon="23.82057798095"><ele>1417.67</ele></trkpt>
      <trkpt lat="41.910048024729" lon="23.821068992838"><ele>1428.5</ele></trkpt>
      <trkpt lat="41.91010502167" lon="23.821437964216"><ele>1430</ele></trkpt>
      <trkpt lat="41.910122036934" lon="23.821779023856"><ele>1437.75</ele></trkpt>
      <trkpt lat="41.909900000319" lon="23.821932999417"><ele>1438</ele></trkpt>
      <trkpt lat="41.909450981766" lon="23.822199963033"><ele>1448.25</ele></trkpt>
      <trkpt lat="41.90905502066" lon="23.822297025472"><ele>1459.5</ele></trkpt>
      <trkpt lat="41.907156016678" lon="23.822458041832"><ele>1463.75</ele></trkpt>
      <trkpt lat="41.906909001991" lon="23.822587039322"><ele>1463.25</ele></trkpt>
      <trkpt lat="41.906512035057" lon="23.823102023453"><ele>1464.75</ele></trkpt>
      <trkpt lat="41.906446991488" lon="23.823326993734"><ele>1452</ele></trkpt>
      <trkpt lat="41.906061004847" lon="23.823680961505"><ele>1453.5</ele></trkpt>
      <trkpt lat="41.905953967944" lon="23.824055967852"><ele>1448.75</ele></trkpt>
      <trkpt lat="41.90523496829" lon="23.824786031619"><ele>1444</ele></trkpt>
      <trkpt lat="41.904355036095" lon="23.824915029109"><ele>1439</ele></trkpt>
      <trkpt lat="41.904054963961" lon="23.824892984703"><ele>1436.33</ele></trkpt>
      <trkpt lat="41.903186012059" lon="23.825290035456"><ele>1443.63</ele></trkpt>
      <trkpt lat="41.902671027929" lon="23.825268996879"><ele>1443.5</ele></trkpt>
      <trkpt lat="41.902510011569" lon="23.825258016586"><ele>1443</ele></trkpt>
      <trkpt lat="41.902133999392" lon="23.825419032946"><ele>1442.5</ele></trkpt>
      <trkpt lat="41.901854965836" lon="23.825482986867"><ele>1443.75</ele></trkpt>
      <trkpt lat="41.901522958651" lon="23.825516011566"><ele>1446</ele></trkpt>
      <trkpt lat="41.90145900473" lon="23.825634028763"><ele>1446</ele></trkpt>
      <trkpt lat="41.901382980868" lon="23.82581599988"><ele>1446</ele></trkpt>
      <trkpt lat="41.90123302862" lon="23.825954971835"><ele>1446</ele></trkpt>
      <trkpt lat="41.901062037796" lon="23.826052034274"><ele>1447</ele></trkpt>
      <trkpt lat="41.900749979541" lon="23.826052034274"><ele>1462</ele></trkpt>
      <trkpt lat="41.900621987879" lon="23.826126968488"><ele>1462</ele></trkpt>
      <trkpt lat="41.900257039815" lon="23.826534999534"><ele>1461.25</ele></trkpt>
      <trkpt lat="41.899967025965" lon="23.826739015058"><ele>1475</ele></trkpt>
      <trkpt lat="41.899967025965" lon="23.826857032254"><ele>1475</ele></trkpt>
      <trkpt lat="41.900064004585" lon="23.826996004209"><ele>1475</ele></trkpt>
      <trkpt lat="41.900353012607" lon="23.827200019732"><ele>1471</ele></trkpt>
      <trkpt lat="41.900492990389" lon="23.827338991687"><ele>1473</ele></trkpt>
      <trkpt lat="41.900578988716" lon="23.827361036092"><ele>1471.25</ele></trkpt>
      <trkpt lat="41.900643026456" lon="23.827306972817"><ele>1471.25</ele></trkpt>
      <trkpt lat="41.900729024783" lon="23.827253999189"><ele>1471.25</ele></trkpt>
      <trkpt lat="41.900815023109" lon="23.827275037766"><ele>1471.25</ele></trkpt>
      <trkpt lat="41.900901021436" lon="23.827338991687"><ele>1473</ele></trkpt>
      <trkpt lat="41.900921976194" lon="23.827435970306"><ele>1473</ele></trkpt>
      <trkpt lat="41.900901021436" lon="23.827596986666"><ele>1473</ele></trkpt>
      <trkpt lat="41.900826003402" lon="23.827768983319"><ele>1471.75</ele></trkpt>
      <trkpt lat="41.900706980377" lon="23.82786503993"><ele>1473</ele></trkpt>
      <trkpt lat="41.900600027293" lon="23.827919019386"><ele>1475.5</ele></trkpt>
      <trkpt lat="41.900429036468" lon="23.828048016876"><ele>1477.5</ele></trkpt>
      <trkpt lat="41.900257039815" lon="23.828240968287"><ele>1483.75</ele></trkpt>
      <trkpt lat="41.900021005422" lon="23.828561995178"><ele>1488.5</ele></trkpt>
      <trkpt lat="41.899935007095" lon="23.828723011538"><ele>1488.25</ele></trkpt>
      <trkpt lat="41.899870969355" lon="23.828884027898"><ele>1490</ele></trkpt>
      <trkpt lat="41.899924026802" lon="23.828958962113"><ele>1490</ele></trkpt>
      <trkpt lat="41.899988986552" lon="23.828981006518"><ele>1496.75</ele></trkpt>
      <trkpt lat="41.900146985427" lon="23.829036997631"><ele>1496.75</ele></trkpt>
      <trkpt lat="41.900277994573" lon="23.829036997631"><ele>1496.75</ele></trkpt>
      <trkpt lat="41.900356030092" lon="23.829042026773"><ele>1496.75</ele></trkpt>
      <trkpt lat="41.900500031188" lon="23.829145040363"><ele>1498.75</ele></trkpt>
      <trkpt lat="41.900449991226" lon="23.829319970682"><ele>1503</ele></trkpt>
      <trkpt lat="41.90029299818" lon="23.829478975385"><ele>1503</ele></trkpt>
      <trkpt lat="41.900116978213" lon="23.829624988139"><ele>1503</ele></trkpt>
      <trkpt lat="41.899967025965" lon="23.829775024205"><ele>1506.75</ele></trkpt>
      <trkpt lat="41.899710036814" lon="23.830589996651"><ele>1515</ele></trkpt>
      <trkpt lat="41.899687992409" lon="23.830772973597"><ele>1523</ele></trkpt>
      <trkpt lat="41.899720011279" lon="23.830900965258"><ele>1523</ele></trkpt>
      <trkpt lat="41.899698972702" lon="23.831115961075"><ele>1524.33</ele></trkpt>
      <trkpt lat="41.899440977722" lon="23.832264030352"><ele>1527</ele></trkpt>
      <trkpt lat="41.899130009115" lon="23.832842968404"><ele>1530.33</ele></trkpt>
      <trkpt lat="41.898583006114" lon="23.833669004962"><ele>1537</ele></trkpt>
      <trkpt lat="41.898165000603" lon="23.834002017975"><ele>1543</ele></trkpt>
      <trkpt lat="41.89754197374" lon="23.834409965202"><ele>1545.31</ele></trkpt>
      <trkpt lat="41.897155987099" lon="23.834463022649"><ele>1545.94</ele></trkpt>
      <trkpt lat="41.896694982424" lon="23.834088016301"><ele>1544</ele></trkpt>
      <trkpt lat="41.896179998294" lon="23.833550987765"><ele>1546</ele></trkpt>
      <trkpt lat="41.895751012489" lon="23.833261979744"><ele>1555</ele></trkpt>
      <trkpt lat="41.895589996129" lon="23.832811033353"><ele>1555</ele></trkpt>
      <trkpt lat="41.895310962573" lon="23.83251096122"><ele>1557.5</ele></trkpt>
      <trkpt lat="41.894892035052" lon="23.831995977089"><ele>1560</ele></trkpt>
      <trkpt lat="41.894580982625" lon="23.831513011828"><ele>1562.25</ele></trkpt>
      <trkpt lat="41.894302032888" lon="23.830783031881"><ele>1561.5</ele></trkpt>
      <trkpt lat="41.894013024867" lon="23.83007501252"><ele>1565</ele></trkpt>
      <trkpt lat="41.89344397746" lon="23.829560028389"><ele>1564.5</ele></trkpt>
      <trkpt lat="41.892928993329" lon="23.829409992322"><ele>1566</ele></trkpt>
      <trkpt lat="41.892661023885" lon="23.829228021204"><ele>1565.5</ele></trkpt>
      <trkpt lat="41.891781007871" lon="23.828852009028"><ele>1554.5</ele></trkpt>
      <trkpt lat="41.891062008217" lon="23.8287990354"><ele>1550.75</ele></trkpt>
      <trkpt lat="41.890376033261" lon="23.828647993505"><ele>1549</ele></trkpt>
      <trkpt lat="41.889817966148" lon="23.828615974635"><ele>1549.75</ele></trkpt>
      <trkpt lat="41.889378000051" lon="23.828529976308"><ele>1551.75</ele></trkpt>
      <trkpt lat="41.888981033117" lon="23.82799403742"><ele>1558</ele></trkpt>
      <trkpt lat="41.888551963493" lon="23.827533032745"><ele>1560.5</ele></trkpt>
      <trkpt lat="41.887918962166" lon="23.827006984502"><ele>1569.68</ele></trkpt>
      <trkpt lat="41.887125028297" lon="23.826224030927"><ele>1571.54</ele></trkpt>
      <trkpt lat="41.886417008936" lon="23.825407968834"><ele>1572</ele></trkpt>
      <trkpt lat="41.885902024806" lon="23.824763987213"><ele>1572</ele></trkpt>
      <trkpt lat="41.885117981583" lon="23.824335001409"><ele>1574.5</ele></trkpt>
      <trkpt lat="41.884882031009" lon="23.824088992551"><ele>1578.25</ele></trkpt>
      <trkpt lat="41.884850012138" lon="23.823863016441"><ele>1579.5</ele></trkpt>
      <trkpt lat="41.884593022987" lon="23.823809958994"><ele>1580.75</ele></trkpt>
      <trkpt lat="41.884046019986" lon="23.824250008911"><ele>1581</ele></trkpt>
      <trkpt lat="41.883819960058" lon="23.824345981702"><ele>1581</ele></trkpt>
      <trkpt lat="41.883176984265" lon="23.824184965342"><ele>1588</ele></trkpt>
      <trkpt lat="41.882886970416" lon="23.824259983376"><ele>1588</ele></trkpt>
      <trkpt lat="41.882350025699" lon="23.824453018606"><ele>1586</ele></trkpt>
      <trkpt lat="41.882147016004" lon="23.824420999736"><ele>1585.25</ele></trkpt>
      <trkpt lat="41.881846021861" lon="23.824313962832"><ele>1583.75</ele></trkpt>
      <trkpt lat="41.881566988304" lon="23.824313962832"><ele>1583</ele></trkpt>
      <trkpt lat="41.880366029218" lon="23.824763987213"><ele>1582.33</ele></trkpt>
      <trkpt lat="41.879700003192" lon="23.825161037967"><ele>1581</ele></trkpt>
      <trkpt lat="41.879451982677" lon="23.82521702908"><ele>1580.13</ele></trkpt>
      <trkpt lat="41.879048980772" lon="23.825131030753"><ele>1578</ele></trkpt>
      <trkpt lat="41.878532990813" lon="23.825137987733"><ele>1576.25</ele></trkpt>
      <trkpt lat="41.878286981955" lon="23.82524301298"><ele>1574.5</ele></trkpt>
      <trkpt lat="41.8781739939" lon="23.825437976047"><ele>1574</ele></trkpt>
      <trkpt lat="41.877909963951" lon="23.825853969902"><ele>1574</ele></trkpt>
      <trkpt lat="41.877178978175" lon="23.825966035947"><ele>1567.5</ele></trkpt>
      <trkpt lat="41.876814030111" lon="23.82597701624"><ele>1566</ele></trkpt>
      <trkpt lat="41.87636400573" lon="23.825911972672"><ele>1566</ele></trkpt>
      <trkpt lat="41.874474976212" lon="23.825150979683"><ele>1579.19</ele></trkpt>
      <trkpt lat="41.874260986224" lon="23.825118960813"><ele>1579.25</ele></trkpt>
      <trkpt lat="41.874111033976" lon="23.825247036293"><ele>1579.63</ele></trkpt>
      <trkpt lat="41.873595966026" lon="23.825923036784"><ele>1576.67</ele></trkpt>
      <trkpt lat="41.873326990753" lon="23.826115988195"><ele>1572</ele></trkpt>
      <trkpt lat="41.872973022982" lon="23.826179020107"><ele>1572</ele></trkpt>
      <trkpt lat="41.872551999986" lon="23.825972992927"><ele>1570.38</ele></trkpt>
      <trkpt lat="41.872271038592" lon="23.825515005738"><ele>1569</ele></trkpt>
      <trkpt lat="41.872037015855" lon="23.825280983001"><ele>1569</ele></trkpt>
      <trkpt lat="41.87185999006" lon="23.825177969411"><ele>1569.75</ele></trkpt>
      <trkpt lat="41.871643988416" lon="23.825121978298"><ele>1570.38</ele></trkpt>
      <trkpt lat="41.871237969026" lon="23.824876975268"><ele>1570.75</ele></trkpt>
      <trkpt lat="41.870850976557" lon="23.82483699359"><ele>1567.75</ele></trkpt>
      <trkpt lat="41.870671017095" lon="23.824873035774"><ele>1568.25</ele></trkpt>
      <trkpt lat="41.870531039312" lon="23.824877981097"><ele>1568.75</ele></trkpt>
      <trkpt lat="41.870307996869" lon="23.824816960841"><ele>1566.75</ele></trkpt>
      <trkpt lat="41.870072968304" lon="23.824813021347"><ele>1565</ele></trkpt>
      <trkpt lat="41.86977901496" lon="23.824625015259"><ele>1559.5</ele></trkpt>
      <trkpt lat="41.869549015537" lon="23.824495011941"><ele>1559</ele></trkpt>
      <trkpt lat="41.869010981172" lon="23.824318991974"><ele>1560</ele></trkpt>
      <trkpt lat="41.868731025606" lon="23.824286973104"><ele>1558</ele></trkpt>
      <trkpt lat="41.868364987895" lon="23.824273981154"><ele>1558</ele></trkpt>
      <trkpt lat="41.868192991242" lon="23.824193011969"><ele>1558</ele></trkpt>
      <trkpt lat="41.868043038994" lon="23.824052028358"><ele>1555.88</ele></trkpt>
      <trkpt lat="41.867290008813" lon="23.822999009863"><ele>1548</ele></trkpt>
      <trkpt lat="41.86716302298" lon="23.822886021808"><ele>1548</ele></trkpt>
      <trkpt lat="41.86700804159" lon="23.822731040418"><ele>1548</ele></trkpt>
      <trkpt lat="41.866912990808" lon="23.822673959658"><ele>1546.63</ele></trkpt>
      <trkpt lat="41.866747029126" lon="23.822515038773"><ele>1545.25</ele></trkpt>
      <trkpt lat="41.866628006101" lon="23.822357961908"><ele>1541.83</ele></trkpt>
      <trkpt lat="41.866342015564" lon="23.821723032743"><ele>1534.25</ele></trkpt>
      <trkpt lat="41.866286024451" lon="23.82151901722"><ele>1533.5</ele></trkpt>
      <trkpt lat="41.866221986711" lon="23.821065975353"><ele>1528</ele></trkpt>
      <trkpt lat="41.866161972284" lon="23.820300037041"><ele>1526</ele></trkpt>
      <trkpt lat="41.866145962849" lon="23.820099039003"><ele>1526</ele></trkpt>
      <trkpt lat="41.865896014497" lon="23.819636022672"><ele>1524.5</ele></trkpt>
      <trkpt lat="41.865800963715" lon="23.819397976622"><ele>1523.67</ele></trkpt>
      <trkpt lat="41.865624021739" lon="23.818707978353"><ele>1521</ele></trkpt>
      <trkpt lat="41.865546992049" lon="23.818527013063"><ele>1521</ele></trkpt>
      <trkpt lat="41.865351023152" lon="23.818270023912"><ele>1521</ele></trkpt>
      <trkpt lat="41.864927988499" lon="23.817415991798"><ele>1517.38</ele></trkpt>
      <trkpt lat="41.864788010716" lon="23.816878041252"><ele>1515</ele></trkpt>
      <trkpt lat="41.864589024335" lon="23.816477973014"><ele>1513.38</ele></trkpt>
      <trkpt lat="41.86425098218" lon="23.815943039954"><ele>1511.75</ele></trkpt>
      <trkpt lat="41.863954011351" lon="23.815659983084"><ele>1512.67</ele></trkpt>
      <trkpt lat="41.863616975024" lon="23.815454961732"><ele>1506.5</ele></trkpt>
      <trkpt lat="41.863279016688" lon="23.815358988941"><ele>1506.33</ele></trkpt>
      <trkpt lat="41.862037992105" lon="23.814551979303"><ele>1496</ele></trkpt>
      <trkpt lat="41.862085014582" lon="23.814479978755"><ele>1496</ele></trkpt>
      <trkpt lat="41.862587006763" lon="23.814024003223"><ele>1496.75</ele></trkpt>
      <trkpt lat="41.863234005868" lon="23.813576996326"><ele>1502.5</ele></trkpt>
      <trkpt lat="41.863762987778" lon="23.81327197887"><ele>1506.17</ele></trkpt>
      <trkpt lat="41.863781008869" lon="23.813260998577"><ele>1506.33</ele></trkpt>
      <trkpt lat="41.864054007456" lon="23.812676025555"><ele>1465.25</ele></trkpt>
      <trkpt lat="41.864177975804" lon="23.811927018687"><ele>1464</ele></trkpt>
      <trkpt lat="41.864305967465" lon="23.811588976532"><ele>1464</ele></trkpt>
      <trkpt lat="41.864504031837" lon="23.811355959624"><ele>1464</ele></trkpt>
      <trkpt lat="41.86478599906" lon="23.811133001"><ele>1464</ele></trkpt>
      <trkpt lat="41.864932011813" lon="23.810953041539"><ele>1461</ele></trkpt>
      <trkpt lat="41.864963024855" lon="23.810824966058"><ele>1461</ele></trkpt>
      <trkpt lat="41.864925976843" lon="23.810696974397"><ele>1461</ele></trkpt>
      <trkpt lat="41.864835033193" lon="23.810545010492"><ele>1461</ele></trkpt>
      <trkpt lat="41.864361036569" lon="23.810182996094"><ele>1461.88</ele></trkpt>
      <trkpt lat="41.864235978574" lon="23.810062967241"><ele>1461.88</ele></trkpt>
      <trkpt lat="41.864065993577" lon="23.810023991391"><ele>1461</ele></trkpt>
      <trkpt lat="41.863933978602" lon="23.809993984178"><ele>1461</ele></trkpt>
      <trkpt lat="41.86317499727" lon="23.810499999672"><ele>1464</ele></trkpt>
      <trkpt lat="41.863016998395" lon="23.810487007722"><ele>1464</ele></trkpt>
      <trkpt lat="41.862963018939" lon="23.810441996902"><ele>1464</ele></trkpt>
      <trkpt lat="41.862933011726" lon="23.810337977484"><ele>1464</ele></trkpt>
      <trkpt lat="41.862957989797" lon="23.810197999701"><ele>1464</ele></trkpt>
      <trkpt lat="41.863037031144" lon="23.810022985563"><ele>1464</ele></trkpt>
      <trkpt lat="41.863139960915" lon="23.809903962538"><ele>1462.5</ele></trkpt>
      <trkpt lat="41.863359985873" lon="23.809342039749"><ele>1461.88</ele></trkpt>
      <trkpt lat="41.86343299225" lon="23.809078009799"><ele>1454.75</ele></trkpt>
      <trkpt lat="41.86350398697" lon="23.808945994824"><ele>1454.75</ele></trkpt>
      <trkpt lat="41.863447995856" lon="23.808821020648"><ele>1449</ele></trkpt>
      <trkpt lat="41.863289996982" lon="23.808882962912"><ele>1448.25</ele></trkpt>
      <trkpt lat="41.862909039482" lon="23.808922022581"><ele>1453.5</ele></trkpt>
      <trkpt lat="41.862548030913" lon="23.808980025351"><ele>1448.33</ele></trkpt>
      <trkpt lat="41.862362958491" lon="23.808935014531"><ele>1443.5</ele></trkpt>
      <trkpt lat="41.862315014005" lon="23.808653969318"><ele>1443</ele></trkpt>
      <trkpt lat="41.862385002896" lon="23.80849102512"><ele>1443</ele></trkpt>
      <trkpt lat="41.863049017265" lon="23.807944022119"><ele>1434</ele></trkpt>
      <trkpt lat="41.863481020555" lon="23.807107005268"><ele>1418.5</ele></trkpt>
      <trkpt lat="41.863526031375" lon="23.806721018627"><ele>1419</ele></trkpt>
      <trkpt lat="41.8634459842" lon="23.806614987552"><ele>1419</ele></trkpt>
      <trkpt lat="41.863188995048" lon="23.806477021426"><ele>1414.5</ele></trkpt>
      <trkpt lat="41.863001994789" lon="23.806465035304"><ele>1411.75</ele></trkpt>
      <trkpt lat="41.862153997645" lon="23.80684196949"><ele>1411.25</ele></trkpt>
      <trkpt lat="41.861829031259" lon="23.806857978925"><ele>1409.5</ele></trkpt>
      <trkpt lat="41.861741021276" lon="23.806464029476"><ele>1405.5</ele></trkpt>
      <trkpt lat="41.861897008494" lon="23.806063961238"><ele>1403</ele></trkpt>
      <trkpt lat="41.862538978457" lon="23.805392989889"><ele>1390</ele></trkpt>
      <trkpt lat="41.862574014813" lon="23.805323000997"><ele>1390</ele></trkpt>
      <trkpt lat="41.862648027018" lon="23.805170031264"><ele>1390</ele></trkpt>
      <trkpt lat="41.862458009273" lon="23.804914969951"><ele>1389.5</ele></trkpt>
      <trkpt lat="41.861906982958" lon="23.805300034583"><ele>1388.56</ele></trkpt>
      <trkpt lat="41.86167396605" lon="23.805498015136"><ele>1388.25</ele></trkpt>
      <trkpt lat="41.861337013543" lon="23.805626006797"><ele>1391.75</ele></trkpt>
      <trkpt lat="41.861068960279" lon="23.80576598458"><ele>1393.75</ele></trkpt>
      <trkpt lat="41.860870979726" lon="23.805905962363"><ele>1385.75</ele></trkpt>
      <trkpt lat="41.860828986391" lon="23.80595901981"><ele>1385.75</ele></trkpt>
      <trkpt lat="41.860567973927" lon="23.806290021166"><ele>1385</ele></trkpt>
      <trkpt lat="41.859589973465" lon="23.80703500472"><ele>1383</ele></trkpt>
      <trkpt lat="41.859204992652" lon="23.807140029967"><ele>1388</ele></trkpt>
      <trkpt lat="41.858576014638" lon="23.807385032997"><ele>1384.75</ele></trkpt>
      <trkpt lat="41.858230009675" lon="23.807585025206"><ele>1384</ele></trkpt>
      <trkpt lat="41.858144011348" lon="23.807776970789"><ele>1384</ele></trkpt>
      <trkpt lat="41.857973020524" lon="23.807972017676"><ele>1384</ele></trkpt>
      <trkpt lat="41.857823990285" lon="23.808054998517"><ele>1383.25</ele></trkpt>
      <trkpt lat="41.857683006674" lon="23.808088023216"><ele>1387.75</ele></trkpt>
      <trkpt lat="41.857343036681" lon="23.807996995747"><ele>1390.58</ele></trkpt>
      <trkpt lat="41.856745993719" lon="23.80792398937"><ele>1389.33</ele></trkpt>
      <trkpt lat="41.856153979897" lon="23.807903034613"><ele>1388</ele></trkpt>
      <trkpt lat="41.855949964374" lon="23.807946033776"><ele>1384.5</ele></trkpt>
      <trkpt lat="41.855657016858" lon="23.808106966317"><ele>1379.63</ele></trkpt>
      <trkpt lat="41.854755962268" lon="23.808963010088"><ele>1373.5</ele></trkpt>
      <trkpt lat="41.854458991438" lon="23.809471037239"><ele>1380.42</ele></trkpt>
      <trkpt lat="41.853907965124" lon="23.810729999095"><ele>1382.13</ele></trkpt>
      <trkpt lat="41.853473028168" lon="23.811972029507"><ele>1380.75</ele></trkpt>
      <trkpt lat="41.853000037372" lon="23.813144993037"><ele>1380.75</ele></trkpt>
      <trkpt lat="41.852875985205" lon="23.813307015225"><ele>1378</ele></trkpt>
      <trkpt lat="41.852589994669" lon="23.813512036577"><ele>1377.3</ele></trkpt>
      <trkpt lat="41.851836964488" lon="23.81425098516"><ele>1380.88</ele></trkpt>
      <trkpt lat="41.851460030302" lon="23.814661027864"><ele>1388</ele></trkpt>
      <trkpt lat="41.851192982867" lon="23.815327975899"><ele>1374</ele></trkpt>
      <trkpt lat="41.850955020636" lon="23.815838014707"><ele>1376</ele></trkpt>
      <trkpt lat="41.850749999285" lon="23.815975980833"><ele>1373</ele></trkpt>
      <trkpt lat="41.850454034284" lon="23.81601001136"><ele>1373</ele></trkpt>
      <trkpt lat="41.849678037688" lon="23.815991990268"><ele>1374.64</ele></trkpt>
      <trkpt lat="41.847908031195" lon="23.81590004079"><ele>1379</ele></trkpt>
      <trkpt lat="41.847579041496" lon="23.815910015255"><ele>1384</ele></trkpt>
      <trkpt lat="41.847383994609" lon="23.81599098444"><ele>1386</ele></trkpt>
      <trkpt lat="41.8466299586" lon="23.816558020189"><ele>1380.4</ele></trkpt>
      <trkpt lat="41.84628797695" lon="23.816757006571"><ele>1379</ele></trkpt>
      <trkpt lat="41.846155039966" lon="23.816747032106"><ele>1379</ele></trkpt>
      <trkpt lat="41.846072981134" lon="23.816691040993"><ele>1378.5</ele></trkpt>
      <trkpt lat="41.845853039995" lon="23.816189970821"><ele>1378</ele></trkpt>
      <trkpt lat="41.845810040832" lon="23.815589994192"><ele>1386</ele></trkpt>
      <trkpt lat="41.845691017807" lon="23.815309032798"><ele>1393</ele></trkpt>
      <trkpt lat="41.845372002572" lon="23.814994040877"><ele>1390.58</ele></trkpt>
      <trkpt lat="41.844823993742" lon="23.814536975697"><ele>1385.88</ele></trkpt>
      <trkpt lat="41.844489974901" lon="23.814360033721"><ele>1382.33</ele></trkpt>
      <trkpt lat="41.844107005745" lon="23.814229024574"><ele>1375</ele></trkpt>
      <trkpt lat="41.843817997724" lon="23.814019979909"><ele>1392</ele></trkpt>
      <trkpt lat="41.843221960589" lon="23.81338798441"><ele>1372</ele></trkpt>
      <trkpt lat="41.843025991693" lon="23.813254041597"><ele>1372.75</ele></trkpt>
      <trkpt lat="41.842902023345" lon="23.81323996"><ele>1372</ele></trkpt>
      <trkpt lat="41.8427639734" lon="23.813340039924"><ele>1372</ele></trkpt>
      <trkpt lat="41.842240020633" lon="23.814221983775"><ele>1370.75</ele></trkpt>
      <trkpt lat="41.842000968754" lon="23.81447000429"><ele>1372.38</ele></trkpt>
      <trkpt lat="41.841877000406" lon="23.814497999847"><ele>1373.75</ele></trkpt>
      <trkpt lat="41.841528983787" lon="23.814484002069"><ele>1382</ele></trkpt>
      <trkpt lat="41.841381965205" lon="23.814497999847"><ele>1382</ele></trkpt>
      <trkpt lat="41.841019028798" lon="23.814732022583"><ele>1381</ele></trkpt>
      <trkpt lat="41.840757010505" lon="23.81479899399"><ele>1374.5</ele></trkpt>
      <trkpt lat="41.840346967801" lon="23.814808968455"><ele>1370.38</ele></trkpt>
      <trkpt lat="41.840217970312" lon="23.814838975668"><ele>1370.38</ele></trkpt>
      <trkpt lat="41.840008003637" lon="23.814936038107"><ele>1366.5</ele></trkpt>
      <trkpt lat="41.839957963675" lon="23.814996974543"><ele>1361</ele></trkpt>
      <trkpt lat="41.839911025017" lon="23.815153967589"><ele>1361</ele></trkpt>
      <trkpt lat="41.839890992269" lon="23.815484968945"><ele>1361</ele></trkpt>
      <trkpt lat="41.839984031394" lon="23.815865004435"><ele>1360.25</ele></trkpt>
      <trkpt lat="41.840027030557" lon="23.816218972206"><ele>1360.63</ele></trkpt>
      <trkpt lat="41.840013032779" lon="23.816483002156"><ele>1361.25</ele></trkpt>
      <trkpt lat="41.839970033616" lon="23.816643012688"><ele>1365.75</ele></trkpt>
      <trkpt lat="41.839773980901" lon="23.816935038194"><ele>1367.67</ele></trkpt>
      <trkpt lat="41.839499976486" lon="23.817423032597"><ele>1376.75</ele></trkpt>
      <trkpt lat="41.839434010908" lon="23.817696031183"><ele>1378.88</ele></trkpt>
      <trkpt lat="41.839422024786" lon="23.818117976189"><ele>1377.25</ele></trkpt>
      <trkpt lat="41.83943300508" lon="23.81855500862"><ele>1385</ele></trkpt>
      <trkpt lat="41.839599972591" lon="23.819121960551"><ele>1383.5</ele></trkpt>
      <trkpt lat="41.839751014486" lon="23.819885971025"><ele>1371.5</ele></trkpt>
      <trkpt lat="41.839785967022" lon="23.820102978498"><ele>1370.75</ele></trkpt>
      <trkpt lat="41.839767023921" lon="23.820975031704"><ele>1369</ele></trkpt>
      <trkpt lat="41.83958102949" lon="23.821459002793"><ele>1369.5</ele></trkpt>
      <trkpt lat="41.839198982343" lon="23.821909027174"><ele>1357.88</ele></trkpt>
      <trkpt lat="41.838979041204" lon="23.822423005477"><ele>1356</ele></trkpt>
      <trkpt lat="41.83897501789" lon="23.822876969352"><ele>1357.75</ele></trkpt>
      <trkpt lat="41.839198982343" lon="23.823440987617"><ele>1357.92</ele></trkpt>
      <trkpt lat="41.839798036963" lon="23.824645970017"><ele>1355</ele></trkpt>
      <trkpt lat="41.839983025566" lon="23.825078979135"><ele>1345</ele></trkpt>
      <trkpt lat="41.840017978102" lon="23.825348038226"><ele>1345</ele></trkpt>
      <trkpt lat="41.839956035838" lon="23.825644003227"><ele>1345.75</ele></trkpt>
      <trkpt lat="41.839707009494" lon="23.826013980433"><ele>1345.6</ele></trkpt>
      <trkpt lat="41.83915598318" lon="23.826582022011"><ele>1341.4</ele></trkpt>
      <trkpt lat="41.838035993278" lon="23.828486977145"><ele>1343</ele></trkpt>
      <trkpt lat="41.83771203272" lon="23.829826992005"><ele>1353</ele></trkpt>
      <trkpt lat="41.837355969474" lon="23.830359997228"><ele>1337</ele></trkpt>
      <trkpt lat="41.837365021929" lon="23.830649005249"><ele>1336.5</ele></trkpt>
      <trkpt lat="41.837481027469" lon="23.830805998296"><ele>1337</ele></trkpt>
      <trkpt lat="41.83768001385" lon="23.831013031304"><ele>1343</ele></trkpt>
      <trkpt lat="41.837953012437" lon="23.831161977723"><ele>1349</ele></trkpt>
      <trkpt lat="41.838250989094" lon="23.831293992698"><ele>1349</ele></trkpt>
      <trkpt lat="41.838358025998" lon="23.83140203543"><ele>1347</ele></trkpt>
      <trkpt lat="41.838400019333" lon="23.83151804097"><ele>1347</ele></trkpt>
      <trkpt lat="41.838400019333" lon="23.831832027063"><ele>1338</ele></trkpt>
      <trkpt lat="41.838298011571" lon="23.831992959604"><ele>1338</ele></trkpt>
      <trkpt lat="41.83781596832" lon="23.832307029516"><ele>1338</ele></trkpt>
      <trkpt lat="41.836571004242" lon="23.833040026948"><ele>1335</ele></trkpt>
      <trkpt lat="41.836487017572" lon="23.833208000287"><ele>1330.75</ele></trkpt>
      <trkpt lat="41.836518030614" lon="23.833531960845"><ele>1327</ele></trkpt>
      <trkpt lat="41.837382037193" lon="23.834339976311"><ele>1343.06</ele></trkpt>
      <trkpt lat="41.838117968291" lon="23.835059981793"><ele>1343.63</ele></trkpt>
      <trkpt lat="41.838342016563" lon="23.835448985919"><ele>1340.38</ele></trkpt>
      <trkpt lat="41.838830010965" lon="23.83666603826"><ele>1337</ele></trkpt>
      <trkpt lat="41.838895976543" lon="23.836971977726"><ele>1337</ele></trkpt>
      <trkpt lat="41.838863035664" lon="23.837550999597"><ele>1333</ele></trkpt>
      <trkpt lat="41.838779971004" lon="23.838404025882"><ele>1334.75</ele></trkpt>
      <trkpt lat="41.838821964338" lon="23.838684987277"><ele>1335</ele></trkpt>
      <trkpt lat="41.838937969878" lon="23.838941976428"><ele>1330.88</ele></trkpt>
      <trkpt lat="41.839657975361" lon="23.840124998242"><ele>1334.92</ele></trkpt>
      <trkpt lat="41.839765012264" lon="23.840364972129"><ele>1332</ele></trkpt>
      <trkpt lat="41.839824020863" lon="23.840630007908"><ele>1329.5</ele></trkpt>
      <trkpt lat="41.84057998471" lon="23.842168003321"><ele>1335</ele></trkpt>
      <trkpt lat="41.840621978045" lon="23.842669995502"><ele>1323</ele></trkpt>
      <trkpt lat="41.840482000262" lon="23.843009965494"><ele>1323</ele></trkpt>
      <trkpt lat="41.840265998617" lon="23.843182967976"><ele>1318.83</ele></trkpt>
      <trkpt lat="41.839626962319" lon="23.843507012352"><ele>1307</ele></trkpt>
      <trkpt lat="41.839539036155" lon="23.84377900511"><ele>1309.75</ele></trkpt>
      <trkpt lat="41.839493019506" lon="23.84519001469"><ele>1314.33</ele></trkpt>
      <trkpt lat="41.839482961223" lon="23.845501989126"><ele>1312</ele></trkpt>
      <trkpt lat="41.839485978708" lon="23.846062989905"><ele>1305</ele></trkpt>
      <trkpt lat="41.839508023113" lon="23.846287960187"><ele>1305</ele></trkpt>
      <trkpt lat="41.839809017256" lon="23.847329998389"><ele>1298.5</ele></trkpt>
      <trkpt lat="41.839879006147" lon="23.847714979202"><ele>1297</ele></trkpt>
      <trkpt lat="41.839868025854" lon="23.847798965871"><ele>1297</ele></trkpt>
      <trkpt lat="41.839197976515" lon="23.849432012066"><ele>1296</ele></trkpt>
      <trkpt lat="41.838413011283" lon="23.85061503388"><ele>1298.57</ele></trkpt>
      <trkpt lat="41.836908040568" lon="23.852826012298"><ele>1302.75</ele></trkpt>
      <trkpt lat="41.836832016706" lon="23.852959033102"><ele>1297.25</ele></trkpt>
      <trkpt lat="41.836100025102" lon="23.855691030622"><ele>1299.5</ele></trkpt>
      <trkpt lat="41.835387982428" lon="23.856497034431"><ele>1295.75</ele></trkpt>
      <trkpt lat="41.834581978619" lon="23.858401989564"><ele>1298</ele></trkpt>
      <trkpt lat="41.833452014253" lon="23.861888023093"><ele>1290.25</ele></trkpt>
      <trkpt lat="41.832959996536" lon="23.863991964608"><ele>1290.25</ele></trkpt>
      <trkpt lat="41.832498991862" lon="23.86469302699"><ele>1291.67</ele></trkpt>
      <trkpt lat="41.831835983321" lon="23.86562098749"><ele>1290.8</ele></trkpt>
      <trkpt lat="41.831562984735" lon="23.866136977449"><ele>1291</ele></trkpt>
      <trkpt lat="41.831016987562" lon="23.867916958407"><ele>1291.13</ele></trkpt>
      <trkpt lat="41.830884972587" lon="23.868263969198"><ele>1287.25</ele></trkpt>
      <trkpt lat="41.830743988976" lon="23.868520958349"><ele>1287.13</ele></trkpt>
      <trkpt lat="41.829474968836" lon="23.870113017038"><ele>1282</ele></trkpt>
      <trkpt lat="41.828927965835" lon="23.870799997821"><ele>1290</ele></trkpt>
      <trkpt lat="41.828740965575" lon="23.87099403888"><ele>1290</ele></trkpt>
      <trkpt lat="41.828260011971" lon="23.871067967266"><ele>1284</ele></trkpt>
      <trkpt lat="41.827664980665" lon="23.870741995052"><ele>1285.5</ele></trkpt>
      <trkpt lat="41.82739097625" lon="23.870764039457"><ele>1287</ele></trkpt>
      <trkpt lat="41.827202970162" lon="23.870921032503"><ele>1287</ele></trkpt>
      <trkpt lat="41.827067015693" lon="23.871151031926"><ele>1287</ele></trkpt>
      <trkpt lat="41.827076990157" lon="23.871811022982"><ele>1292</ele></trkpt>
      <trkpt lat="41.827151002362" lon="23.87275298126"><ele>1286</ele></trkpt>
      <trkpt lat="41.827034996822" lon="23.874501027167"><ele>1278</ele></trkpt>
      <trkpt lat="41.826888984069" lon="23.875683965161"><ele>1280.75</ele></trkpt>
      <trkpt lat="41.825570007786" lon="23.879274018109"><ele>1277.88</ele></trkpt>
      <trkpt lat="41.825470011681" lon="23.882649997249"><ele>1273</ele></trkpt>
      <trkpt lat="41.825418965891" lon="23.882929030806"><ele>1273.42</ele></trkpt>
      <trkpt lat="41.82519399561" lon="23.883995041251"><ele>1274.25</ele></trkpt>
      <trkpt lat="41.82492996566" lon="23.885161969811"><ele>1273</ele></trkpt>
      <trkpt lat="41.824833992869" lon="23.8855939731"><ele>1272.75</ele></trkpt>
      <trkpt lat="41.824725028127" lon="23.886086996645"><ele>1272</ele></trkpt>
      <trkpt lat="41.824507014826" lon="23.887039013207"><ele>1271</ele></trkpt>
      <trkpt lat="41.82432403788" lon="23.887751977891"><ele>1270.5</ele></trkpt>
      <trkpt lat="41.824084986001" lon="23.888348015025"><ele>1270</ele></trkpt>
      <trkpt lat="41.823830008507" lon="23.888868028298"><ele>1270</ele></trkpt>
      <trkpt lat="41.823476040736" lon="23.889939989895"><ele>1270.5</ele></trkpt>
      <trkpt lat="41.821404034272" lon="23.896430013701"><ele>1267</ele></trkpt>
      <trkpt lat="41.821033973247" lon="23.896982967854"><ele>1271</ele></trkpt>
      <trkpt lat="41.820761980489" lon="23.897219002247"><ele>1269</ele></trkpt>
      <trkpt lat="41.820461992174" lon="23.89732603915"><ele>1275.5</ele></trkpt>
      <trkpt lat="41.819683983922" lon="23.897354034707"><ele>1275.5</ele></trkpt>
      <trkpt lat="41.819526990876" lon="23.897389993072"><ele>1277</ele></trkpt>
      <trkpt lat="41.819398999214" lon="23.897540029138"><ele>1278</ele></trkpt>
      <trkpt lat="41.818975964561" lon="23.898302027956"><ele>1279.2</ele></trkpt>
      <trkpt lat="41.818682011217" lon="23.898774012923"><ele>1277.38</ele></trkpt>
      <trkpt lat="41.818180019036" lon="23.899087999016"><ele>1273.5</ele></trkpt>
      <trkpt lat="41.817955970764" lon="23.899268964306"><ele>1276</ele></trkpt>
      <trkpt lat="41.817819010466" lon="23.899461999536"><ele>1276</ele></trkpt>
      <trkpt lat="41.817751033232" lon="23.899673977867"><ele>1276.25</ele></trkpt>
      <trkpt lat="41.817656988278" lon="23.900585006922"><ele>1279.5</ele></trkpt>
      <trkpt lat="41.817556992173" lon="23.900916008279"><ele>1274.5</ele></trkpt>
      <trkpt lat="41.81737896055" lon="23.90116604045"><ele>1272</ele></trkpt>
      <trkpt lat="41.816729027778" lon="23.901809016243"><ele>1272.13</ele></trkpt>
      <trkpt lat="41.816400960088" lon="23.90229399316"><ele>1271.5</ele></trkpt>
      <trkpt lat="41.816133996472" lon="23.902773018926"><ele>1276.75</ele></trkpt>
      <trkpt lat="41.815773993731" lon="23.904013959691"><ele>1268</ele></trkpt>
      <trkpt lat="41.815730994567" lon="23.905121041462"><ele>1263.25</ele></trkpt>
      <trkpt lat="41.815732000396" lon="23.905309969559"><ele>1262</ele></trkpt>
      <trkpt lat="41.815732000396" lon="23.906416967511"><ele>1264.6</ele></trkpt>
      <trkpt lat="41.815733006224" lon="23.90697796829"><ele>1266</ele></trkpt>
      <trkpt lat="41.814978970215" lon="23.906904961914"><ele>1261</ele></trkpt>
      <trkpt lat="41.814787024632" lon="23.906886018813"><ele>1261</ele></trkpt>
      <trkpt lat="41.814476978034" lon="23.90704896301"><ele>1260.75</ele></trkpt>
      <trkpt lat="41.814306993037" lon="23.907225988805"><ele>1260.5</ele></trkpt>
      <trkpt lat="41.813684972003" lon="23.908096030354"><ele>1262.25</ele></trkpt>
      <trkpt lat="41.813392024487" lon="23.908416973427"><ele>1261</ele></trkpt>
      <trkpt lat="41.81195997633" lon="23.909286009148"><ele>1259</ele></trkpt>
      <trkpt lat="41.811714973301" lon="23.909484995529"><ele>1259.75</ele></trkpt>
      <trkpt lat="41.810464980081" lon="23.910499960184"><ele>1261.92</ele></trkpt>
      <trkpt lat="41.808317033574" lon="23.912379015237"><ele>1266.5</ele></trkpt>
      <trkpt lat="41.805824004114" lon="23.914505001158"><ele>1267.67</ele></trkpt>
      <trkpt lat="41.805309019983" lon="23.915059966967"><ele>1265</ele></trkpt>
      <trkpt lat="41.804748019204" lon="23.915934031829"><ele>1265</ele></trkpt>
      <trkpt lat="41.803905973211" lon="23.917132979259"><ele>1263</ele></trkpt>
      <trkpt lat="41.803227039054" lon="23.917867988348"><ele>1261.8</ele></trkpt>
      <trkpt lat="41.802841974422" lon="23.918247018009"><ele>1262.1</ele></trkpt>
      <trkpt lat="41.802427992225" lon="23.918575001881"><ele>1259</ele></trkpt>
      <trkpt lat="41.801817035303" lon="23.918869039044"><ele>1260.88</ele></trkpt>
      <trkpt lat="41.801414033398" lon="23.919159974903"><ele>1263</ele></trkpt>
      <trkpt lat="41.801199959591" lon="23.919416964054"><ele>1263</ele></trkpt>
      <trkpt lat="41.800314998254" lon="23.920795032755"><ele>1266.25</ele></trkpt>
      <trkpt lat="41.799736982211" lon="23.92142996192"><ele>1258.69</ele></trkpt>
      <trkpt lat="41.799194002524" lon="23.921965984628"><ele>1260.75</ele></trkpt>
      <trkpt lat="41.798852020875" lon="23.922539977357"><ele>1261.25</ele></trkpt>
      <trkpt lat="41.79848799482" lon="23.923357967287"><ele>1262.75</ele></trkpt>
      <trkpt lat="41.798280961812" lon="23.92373599112"><ele>1253</ele></trkpt>
      <trkpt lat="41.798051968217" lon="23.923986023292"><ele>1261.5</ele></trkpt>
      <trkpt lat="41.797817023471" lon="23.924143016338"><ele>1264.13</ele></trkpt>
      <trkpt lat="41.797153009102" lon="23.924406962469"><ele>1254</ele></trkpt>
      <trkpt lat="41.796996016055" lon="23.924543000758"><ele>1254.25</ele></trkpt>
      <trkpt lat="41.79684497416" lon="23.924769982696"><ele>1258.5</ele></trkpt>
      <trkpt lat="41.796345999464" lon="23.925905982032"><ele>1261</ele></trkpt>
      <trkpt lat="41.796152964234" lon="23.926284005865"><ele>1261</ele></trkpt>
      <trkpt lat="41.795424995944" lon="23.927205009386"><ele>1264.13</ele></trkpt>
      <trkpt lat="41.794253960252" lon="23.928704028949"><ele>1266.17</ele></trkpt>
      <trkpt lat="41.793255005032" lon="23.929711030796"><ele>1263.25</ele></trkpt>
      <trkpt lat="41.793084014207" lon="23.930011019111"><ele>1267.06</ele></trkpt>
      <trkpt lat="41.792819984257" lon="23.930603032932"><ele>1278.5</ele></trkpt>
      <trkpt lat="41.792641030625" lon="23.930917019024"><ele>1268.75</ele></trkpt>
      <trkpt lat="41.792372977361" lon="23.931148024276"><ele>1259</ele></trkpt>
      <trkpt lat="41.791081996635" lon="23.932180004194"><ele>1259.25</ele></trkpt>
      <trkpt lat="41.790671031922" lon="23.932802025229"><ele>1256.58</ele></trkpt>
      <trkpt lat="41.788906976581" lon="23.935781959444"><ele>1253.5</ele></trkpt>
      <trkpt lat="41.788244973868" lon="23.93683497794"><ele>1250</ele></trkpt>
      <trkpt lat="41.787226991728" lon="23.938453020528"><ele>1248.6</ele></trkpt>
      <trkpt lat="41.785429995507" lon="23.941229023039"><ele>1245</ele></trkpt>
      <trkpt lat="41.78346301429" lon="23.94446996972"><ele>1241.39</ele></trkpt>
      <trkpt lat="41.780114024878" lon="23.950071008876"><ele>1240.25</ele></trkpt>
      <trkpt lat="41.77982904017" lon="23.950392035767"><ele>1240.83</ele></trkpt>
      <trkpt lat="41.779079027474" lon="23.951112963259"><ele>1239</ele></trkpt>
      <trkpt lat="41.778928991407" lon="23.951384034008"><ele>1239.38</ele></trkpt>
      <trkpt lat="41.778851961717" lon="23.951596012339"><ele>1239.75</ele></trkpt>
      <trkpt lat="41.778799993917" lon="23.951741019264"><ele>1241</ele></trkpt>
      <trkpt lat="41.778724975884" lon="23.951899018139"><ele>1241</ele></trkpt>
      <trkpt lat="41.778210997581" lon="23.953445982188"><ele>1240</ele></trkpt>
      <trkpt lat="41.777927018702" lon="23.953852001578"><ele>1240</ele></trkpt>
      <trkpt lat="41.777719985694" lon="23.954040007666"><ele>1245.25</ele></trkpt>
      <trkpt lat="41.777356965467" lon="23.954246034846"><ele>1248</ele></trkpt>
      <trkpt lat="41.776985982433" lon="23.95429498516"><ele>1248.5</ele></trkpt>
      <trkpt lat="41.776726981625" lon="23.95421099849"><ele>1251.5</ele></trkpt>
      <trkpt lat="41.77586004138" lon="23.953760974109"><ele>1245.75</ele></trkpt>
      <trkpt lat="41.775659965351" lon="23.953732978553"><ele>1245</ele></trkpt>
      <trkpt lat="41.77546701394" lon="23.953825011849"><ele>1245</ele></trkpt>
      <trkpt lat="41.775225028396" lon="23.953982004896"><ele>1247</ele></trkpt>
      <trkpt lat="41.775082033128" lon="23.954224996269"><ele>1249.88</ele></trkpt>
      <trkpt lat="41.774945994839" lon="23.955038962886"><ele>1247.05</ele></trkpt>
      <trkpt lat="41.774761006236" lon="23.955853013322"><ele>1245.5</ele></trkpt>
      <trkpt lat="41.774689005688" lon="23.956045964733"><ele>1245</ele></trkpt>
      <trkpt lat="41.774439979345" lon="23.956719031557"><ele>1243.5</ele></trkpt>
      <trkpt lat="41.774090034887" lon="23.957919990644"><ele>1242.5</ele></trkpt>
      <trkpt lat="41.773357037455" lon="23.961908016354"><ele>1236.5</ele></trkpt>
      <trkpt lat="41.773066017777" lon="23.962788032368"><ele>1236.75</ele></trkpt>
      <trkpt lat="41.772932996973" lon="23.963051978499"><ele>1238.17</ele></trkpt>
      <trkpt lat="41.772525971755" lon="23.963733008131"><ele>1241.08</ele></trkpt>
      <trkpt lat="41.772115007043" lon="23.964225025848"><ele>1241.5</ele></trkpt>
      <trkpt lat="41.77173002623" lon="23.964537000284"><ele>1240</ele></trkpt>
      <trkpt lat="41.770720006898" lon="23.965275026858"><ele>1231</ele></trkpt>
      <trkpt lat="41.770384982228" lon="23.965581972152"><ele>1234.25</ele></trkpt>
      <trkpt lat="41.770031014457" lon="23.966194018722"><ele>1232</ele></trkpt>
      <trkpt lat="41.769960019737" lon="23.96632402204"><ele>1233.25</ele></trkpt>
      <trkpt lat="41.769708981737" lon="23.966891979799"><ele>1232.88</ele></trkpt>
      <trkpt lat="41.76929499954" lon="23.96815999411"><ele>1231</ele></trkpt>
      <trkpt lat="41.768377013505" lon="23.970976984128"><ele>1231.25</ele></trkpt>
      <trkpt lat="41.767992032692" lon="23.971876027063"><ele>1232</ele></trkpt>
      <trkpt lat="41.765516018495" lon="23.976470986381"><ele>1228.67</ele></trkpt>
      <trkpt lat="41.764413965866" lon="23.978482978418"><ele>1227</ele></trkpt>
      <trkpt lat="41.763836033642" lon="23.979586036876"><ele>1224</ele></trkpt>
      <trkpt lat="41.763760009781" lon="23.979730959982"><ele>1224.83</ele></trkpt>
      <trkpt lat="41.763375028968" lon="23.980257008225"><ele>1226.38</ele></trkpt>
      <trkpt lat="41.761681968346" lon="23.982420964167"><ele>1224.5</ele></trkpt>
      <trkpt lat="41.761219035834" lon="23.983042985201"><ele>1225</ele></trkpt>
      <trkpt lat="41.761032035574" lon="23.983521005139"><ele>1231.75</ele></trkpt>
      <trkpt lat="41.760433986783" lon="23.985577002168"><ele>1229.63</ele></trkpt>
      <trkpt lat="41.760276993737" lon="23.985847989097"><ele>1230.25</ele></trkpt>
      <trkpt lat="41.759535027668" lon="23.986951969564"><ele>1225</ele></trkpt>
      <trkpt lat="41.758803036064" lon="23.988161981106"><ele>1225.5</ele></trkpt>
      <trkpt lat="41.758432975039" lon="23.989318013191"><ele>1226.75</ele></trkpt>
      <trkpt lat="41.758060986176" lon="23.990729022771"><ele>1227.75</ele></trkpt>
      <trkpt lat="41.757624037564" lon="23.991721021011"><ele>1225.18</ele></trkpt>
      <trkpt lat="41.757149035111" lon="23.992632972077"><ele>1223.2</ele></trkpt>
      <trkpt lat="41.756194001064" lon="23.994588973001"><ele>1222.8</ele></trkpt>
      <trkpt lat="41.753895012662" lon="23.999164989218"><ele>1222</ele></trkpt>
      <trkpt lat="41.753492010757" lon="23.999965041876"><ele>1224.75</ele></trkpt>
      <trkpt lat="41.753174001351" lon="24.000598965213"><ele>1224.75</ele></trkpt>
      <trkpt lat="41.752751972526" lon="24.00119299069"><ele>1228</ele></trkpt>
      <trkpt lat="41.752331033349" lon="24.001787016168"><ele>1228</ele></trkpt>
      <trkpt lat="41.752290967852" lon="24.001880977303"><ele>1228</ele></trkpt>
      <trkpt lat="41.75194404088" lon="24.002717994153"><ele>1237.25</ele></trkpt>
      <trkpt lat="41.751845972613" lon="24.003161983564"><ele>1234.75</ele></trkpt>
      <trkpt lat="41.751780007035" lon="24.003459960222"><ele>1233.5</ele></trkpt>
      <trkpt lat="41.751687973738" lon="24.003688031808"><ele>1231.25</ele></trkpt>
      <trkpt lat="41.751453028992" lon="24.004269987345"><ele>1230.75</ele></trkpt>
      <trkpt lat="41.75127399154" lon="24.004480959848"><ele>1231</ele></trkpt>
      <trkpt lat="41.750756995752" lon="24.004803998396"><ele>1227.5</ele></trkpt>
      <trkpt lat="41.749455034733" lon="24.005104992539"><ele>1238.75</ele></trkpt>
      <trkpt lat="41.748964022845" lon="24.005337003618"><ele>1236</ele></trkpt>
      <trkpt lat="41.748188026249" lon="24.005953995511"><ele>1244</ele></trkpt>
      <trkpt lat="41.747664995492" lon="24.006481971592"><ele>1246.25</ele></trkpt>
      <trkpt lat="41.747403983027" lon="24.007075997069"><ele>1247</ele></trkpt>
      <trkpt lat="41.747268028557" lon="24.007527027279"><ele>1248</ele></trkpt>
      <trkpt lat="41.747149005532" lon="24.008219959214"><ele>1243.75</ele></trkpt>
      <trkpt lat="41.746991006657" lon="24.009197959676"><ele>1232.5</ele></trkpt>
      <trkpt lat="41.746936021373" lon="24.009392000735"><ele>1229.75</ele></trkpt>
      <trkpt lat="41.746779028326" lon="24.009787961841"><ele>1229.25</ele></trkpt>
      <trkpt lat="41.746514998376" lon="24.01025801897"><ele>1227</ele></trkpt>
      <trkpt lat="41.744552040473" lon="24.012754987925"><ele>1234</ele></trkpt>
      <trkpt lat="41.743986010551" lon="24.013482034206"><ele>1235</ele></trkpt>
      <trkpt lat="41.74393597059" lon="24.013563003391"><ele>1235</ele></trkpt>
      <trkpt lat="41.743786018342" lon="24.013737011701"><ele>1235</ele></trkpt>
      <trkpt lat="41.743670012802" lon="24.013899033889"><ele>1235</ele></trkpt>
      <trkpt lat="41.743586026132" lon="24.014154011384"><ele>1238.75</ele></trkpt>
      <trkpt lat="41.743585020304" lon="24.014306981117"><ele>1240</ele></trkpt>
      <trkpt lat="41.743666995317" lon="24.015048025176"><ele>1245.25</ele></trkpt>
      <trkpt lat="41.743683004752" lon="24.015308031812"><ele>1247</ele></trkpt>
      <trkpt lat="41.74365199171" lon="24.015587987378"><ele>1247</ele></trkpt>
      <trkpt lat="41.743326019496" lon="24.016371024773"><ele>1233</ele></trkpt>
      <trkpt lat="41.742612970993" lon="24.017877001315"><ele>1237</ele></trkpt>
      <trkpt lat="41.742270989344" lon="24.018534980714"><ele>1240</ele></trkpt>
      <trkpt lat="41.741965971887" lon="24.018924990669"><ele>1240</ele></trkpt>
      <trkpt lat="41.741821970791" lon="24.019076032564"><ele>1239.75</ele></trkpt>
      <trkpt lat="41.741330958903" lon="24.019589005038"><ele>1238</ele></trkpt>
      <trkpt lat="41.740629980341" lon="24.020306998864"><ele>1233</ele></trkpt>
      <trkpt lat="41.740281963721" lon="24.020529035479"><ele>1232.75</ele></trkpt>
      <trkpt lat="41.739651979879" lon="24.020282020792"><ele>1229</ele></trkpt>
      <trkpt lat="41.739340005443" lon="24.020290989429"><ele>1229.5</ele></trkpt>
      <trkpt lat="41.739170835592" lon="24.020402045503"><ele>1232</ele></trkpt>
    </trkseg>
  </trk>
  <trk>
    <name>Off TET section</name>
    <number>2</number>
    <extensions>
      <rumo:TrackExtension>
        <rumo:RoutingProfile>offroad-medium</rumo:RoutingProfile>
      </rumo:TrackExtension>
      <gpxx:TrackExtension>
        <gpxx:DisplayColor>Blue</gpxx:DisplayColor>
      </gpxx:TrackExtension>
      <dmd:PreRendered version="1" hash="sha256:f7be4169fd5a6c30" profile="offroad-medium--avdford--avdgates--avdpri--avdsec--avdter--avdurb">
        <dmd:Surface>
          <dmd:S s="0" e="42" sf="asphalt" hw="tertiary" p="1" sm="good"/>
          <dmd:S s="42" e="55" sf="" hw="residential" p="1"/>
          <dmd:S s="55" e="84" sf="" hw="track" p="0" tt="grade3"/>
          <dmd:S s="84" e="110" sf="" hw="track" p="0" tt="grade3"/>
          <dmd:S s="110" e="123" sf="" hw="track" p="0" tt="grade3"/>
          <dmd:S s="123" e="132" sf="" hw="track" p="0" tt="grade3"/>
        </dmd:Surface>
        <dmd:Timing>
          <dmd:T s="0" e="42" t="198.7" spd="49.5"/>
          <dmd:T s="42" e="55" t="57.0" spd="30.0"/>
          <dmd:T s="55" e="84" t="87.9" spd="20.0"/>
          <dmd:T s="84" e="110" t="78.1" spd="20.0"/>
          <dmd:T s="110" e="123" t="61.7" spd="20.0"/>
          <dmd:T s="123" e="132" t="59.7" spd="20.0"/>
        </dmd:Timing>
        <dmd:Warnings>
          <dmd:W type="SLOPE" lat="41.738470" lon="24.023100" dist="240" val="21.5"/>
          <dmd:W type="SLOPE" lat="41.732563" lon="24.037436" dist="1673" val="22.7"/>
          <dmd:W type="SLOPE" lat="41.729642" lon="24.049987" dist="2970" val="24.1"/>
          <dmd:W type="SLOPE" lat="41.731153" lon="24.051390" dist="3192" val="20.5"/>
          <dmd:W type="SLOPE" lat="41.731497" lon="24.052432" dist="3296" val="26.7"/>
          <dmd:W type="SLOPE" lat="41.730956" lon="24.052903" dist="3415" val="15.5"/>
          <dmd:W type="SLOPE" lat="41.731024" lon="24.053750" dist="3583" val="15.2"/>
          <dmd:W type="SLOPE" lat="41.731522" lon="24.054801" dist="3693" val="40.9"/>
          <dmd:W type="SLOPE" lat="41.730844" lon="24.056297" dist="3865" val="61.9"/>
          <dmd:W type="SLOPE" lat="41.730186" lon="24.057075" dist="3976" val="21.4"/>
          <dmd:W type="SLOPE" lat="41.730153" lon="24.057716" dist="4079" val="23.8"/>
          <dmd:W type="SLOPE" lat="41.731074" lon="24.057501" dist="4183" val="63.3"/>
          <dmd:W type="SLOPE" lat="41.732113" lon="24.057476" dist="4306" val="42.3"/>
          <dmd:W type="SLOPE" lat="41.733417" lon="24.058113" dist="4470" val="256.6"/>
          <dmd:W type="SLOPE" lat="41.734377" lon="24.059013" dist="4607" val="25.6"/>
          <dmd:W type="SLOPE" lat="41.735465" lon="24.059837" dist="4760" val="27.6"/>
          <dmd:W type="UNPAVED" lat="41.731169" lon="24.051541" dist="3205" len="1597"/>
        </dmd:Warnings>
        <dmd:Regulations>
          <dmd:R type="MAXSPEED" lat="41.739155" lon="24.020414" dist="0" val="50"/>
          <dmd:R type="MAXSPEED" lat="41.734463" lon="24.027711" dist="828" val="80"/>
        </dmd:Regulations>
        <dmd:Stats dist="4802" gain="326" loss="135" eleMin="1200.0" eleMax="1422.5" time="543" paved="67" maxSlope="256.6" minSlope="-61.9"/>
      </dmd:PreRendered>
    </extensions>
    <trkseg>
      <trkpt lat="41.739155" lon="24.020414"><ele>1232</ele></trkpt>
      <trkpt lat="41.738955" lon="24.020791"><ele>1234.5</ele></trkpt>
      <trkpt lat="41.738777" lon="24.021168"><ele>1235</ele></trkpt>
      <trkpt lat="41.738696" lon="24.021468"><ele>1235.5</ele></trkpt>
      <trkpt lat="41.738661" lon="24.021817"><ele>1236.75</ele></trkpt>
      <trkpt lat="41.738603" lon="24.022518"><ele>1231.5</ele></trkpt>
      <trkpt lat="41.738554" lon="24.022844"><ele>1228.75</ele></trkpt>
      <trkpt lat="41.73847" lon="24.0231"><ele>1223.75</ele></trkpt>
      <trkpt lat="41.738356" lon="24.023236"><ele>1217.75</ele></trkpt>
      <trkpt lat="41.73779" lon="24.023948"><ele>1216.5</ele></trkpt>
      <trkpt lat="41.737502" lon="24.02435"><ele>1210</ele></trkpt>
      <trkpt lat="41.737141" lon="24.024767"><ele>1209.75</ele></trkpt>
      <trkpt lat="41.737099" lon="24.024815"><ele>1209.5</ele></trkpt>
      <trkpt lat="41.736741" lon="24.025213"><ele>1207.5</ele></trkpt>
      <trkpt lat="41.736636" lon="24.025318"><ele>1207</ele></trkpt>
      <trkpt lat="41.736616" lon="24.025337"><ele>1207</ele></trkpt>
      <trkpt lat="41.735706" lon="24.026348"><ele>1206</ele></trkpt>
      <trkpt lat="41.734796" lon="24.027346"><ele>1203.25</ele></trkpt>
      <trkpt lat="41.734463" lon="24.027711"><ele>1204</ele></trkpt>
      <trkpt lat="41.734046" lon="24.028741"><ele>1200</ele></trkpt>
      <trkpt lat="41.733869" lon="24.029932"><ele>1207</ele></trkpt>
      <trkpt lat="41.73385" lon="24.030076"><ele>1208</ele></trkpt>
      <trkpt lat="41.733713" lon="24.031268"><ele>1219</ele></trkpt>
      <trkpt lat="41.733558" lon="24.03273"><ele>1226</ele></trkpt>
      <trkpt lat="41.733482" lon="24.033451"><ele>1219.75</ele></trkpt>
      <trkpt lat="41.733386" lon="24.034358"><ele>1211.5</ele></trkpt>
      <trkpt lat="41.733337" lon="24.03486"><ele>1210.5</ele></trkpt>
      <trkpt lat="41.733283" lon="24.035387"><ele>1211</ele></trkpt>
      <trkpt lat="41.733186" lon="24.035889"><ele>1217</ele></trkpt>
      <trkpt lat="41.733027" lon="24.036427"><ele>1218</ele></trkpt>
      <trkpt lat="41.732662" lon="24.037221"><ele>1221.25</ele></trkpt>
      <trkpt lat="41.732563" lon="24.037436"><ele>1216.5</ele></trkpt>
      <trkpt lat="41.732423" lon="24.037739"><ele>1214</ele></trkpt>
      <trkpt lat="41.732267" lon="24.038086"><ele>1214.25</ele></trkpt>
      <trkpt lat="41.731892" lon="24.03896"><ele>1218</ele></trkpt>
      <trkpt lat="41.731167" lon="24.040451"><ele>1218</ele></trkpt>
      <trkpt lat="41.730648" lon="24.041516"><ele>1211</ele></trkpt>
      <trkpt lat="41.730528" lon="24.041783"><ele>1211</ele></trkpt>
      <trkpt lat="41.729759" lon="24.043411"><ele>1216</ele></trkpt>
      <trkpt lat="41.729143" lon="24.044722"><ele>1205</ele></trkpt>
      <trkpt lat="41.728328" lon="24.046439"><ele>1206</ele></trkpt>
      <trkpt lat="41.727787" lon="24.047828"><ele>1210</ele></trkpt>
      <trkpt lat="41.728018" lon="24.048254"><ele>1214.25</ele></trkpt>
      <trkpt lat="41.728205" lon="24.048498"><ele>1216</ele></trkpt>
      <trkpt lat="41.729035" lon="24.049084"><ele>1227</ele></trkpt>
      <trkpt lat="41.729346" lon="24.049345"><ele>1233</ele></trkpt>
      <trkpt lat="41.729449" lon="24.049791"><ele>1237</ele></trkpt>
      <trkpt lat="41.729642" lon="24.049987"><ele>1243.5</ele></trkpt>
      <trkpt lat="41.730032" lon="24.050263"><ele>1244.5</ele></trkpt>
      <trkpt lat="41.730144" lon="24.050325"><ele>1247</ele></trkpt>
      <trkpt lat="41.730247" lon="24.050342"><ele>1249.25</ele></trkpt>
      <trkpt lat="41.730405" lon="24.050292"><ele>1250</ele></trkpt>
      <trkpt lat="41.730503" lon="24.050259"><ele>1250</ele></trkpt>
      <trkpt lat="41.730741" lon="24.050572"><ele>1250.25</ele></trkpt>
      <trkpt lat="41.731153" lon="24.05139"><ele>1267</ele></trkpt>
      <trkpt lat="41.731169" lon="24.051541"><ele>1267.5</ele></trkpt>
      <trkpt lat="41.731172" lon="24.051559"><ele>1267.5</ele></trkpt>
      <trkpt lat="41.731137" lon="24.051665"><ele>1267.75</ele></trkpt>
      <trkpt lat="41.73112" lon="24.051835"><ele>1268</ele></trkpt>
      <trkpt lat="41.731159" lon="24.051992"><ele>1268</ele></trkpt>
      <trkpt lat="41.731337" lon="24.052232"><ele>1267.5</ele></trkpt>
      <trkpt lat="41.731497" lon="24.052432"><ele>1261</ele></trkpt>
      <trkpt lat="41.731628" lon="24.052574"><ele>1259</ele></trkpt>
      <trkpt lat="41.731669" lon="24.052691"><ele>1259</ele></trkpt>
      <trkpt lat="41.73167" lon="24.052716"><ele>1259</ele></trkpt>
      <trkpt lat="41.73167" lon="24.052762"><ele>1259</ele></trkpt>
      <trkpt lat="41.731639" lon="24.052827"><ele>1259</ele></trkpt>
      <trkpt lat="41.731588" lon="24.052846"><ele>1259</ele></trkpt>
      <trkpt lat="41.731402" lon="24.052814"><ele>1259</ele></trkpt>
      <trkpt lat="41.731253" lon="24.052818"><ele>1259</ele></trkpt>
      <trkpt lat="41.730956" lon="24.052903"><ele>1253.75</ele></trkpt>
      <trkpt lat="41.730667" lon="24.053004"><ele>1250</ele></trkpt>
      <trkpt lat="41.730512" lon="24.053027"><ele>1250</ele></trkpt>
      <trkpt lat="41.730425" lon="24.053094"><ele>1251.75</ele></trkpt>
      <trkpt lat="41.730363" lon="24.053196"><ele>1256.5</ele></trkpt>
      <trkpt lat="41.730345" lon="24.05333"><ele>1262.75</ele></trkpt>
      <trkpt lat="41.730389" lon="24.053399"><ele>1263</ele></trkpt>
      <trkpt lat="41.730704" lon="24.053526"><ele>1263</ele></trkpt>
      <trkpt lat="41.73082" lon="24.053589"><ele>1263</ele></trkpt>
      <trkpt lat="41.731024" lon="24.05375"><ele>1267</ele></trkpt>
      <trkpt lat="41.731111" lon="24.053877"><ele>1268.75</ele></trkpt>
      <trkpt lat="41.731113" lon="24.0541"><ele>1283.25</ele></trkpt>
      <trkpt lat="41.731163" lon="24.054379"><ele>1288</ele></trkpt>
      <trkpt lat="41.731472" lon="24.054704"><ele>1288</ele></trkpt>
      <trkpt lat="41.731522" lon="24.054801"><ele>1292</ele></trkpt>
      <trkpt lat="41.731554" lon="24.054863"><ele>1292</ele></trkpt>
      <trkpt lat="41.731577" lon="24.05502"><ele>1296</ele></trkpt>
      <trkpt lat="41.731489" lon="24.055484"><ele>1296</ele></trkpt>
      <trkpt lat="41.731367" lon="24.055681"><ele>1301.25</ele></trkpt>
      <trkpt lat="41.731303" lon="24.055836"><ele>1308</ele></trkpt>
      <trkpt lat="41.7312" lon="24.056202"><ele>1308</ele></trkpt>
      <trkpt lat="41.731158" lon="24.056296"><ele>1308</ele></trkpt>
      <trkpt lat="41.731109" lon="24.056313"><ele>1307.75</ele></trkpt>
      <trkpt lat="41.730844" lon="24.056297"><ele>1289.5</ele></trkpt>
      <trkpt lat="41.730663" lon="24.056345"><ele>1289</ele></trkpt>
      <trkpt lat="41.730584" lon="24.056408"><ele>1290.25</ele></trkpt>
      <trkpt lat="41.73054" lon="24.056546"><ele>1300.25</ele></trkpt>
      <trkpt lat="41.730502" lon="24.056829"><ele>1309</ele></trkpt>
      <trkpt lat="41.730439" lon="24.056962"><ele>1309</ele></trkpt>
      <trkpt lat="41.730352" lon="24.057042"><ele>1309</ele></trkpt>
      <trkpt lat="41.730186" lon="24.057075"><ele>1305</ele></trkpt>
      <trkpt lat="41.730073" lon="24.057142"><ele>1300</ele></trkpt>
      <trkpt lat="41.729889" lon="24.057327"><ele>1301.75</ele></trkpt>
      <trkpt lat="41.729808" lon="24.057469"><ele>1308.5</ele></trkpt>
      <trkpt lat="41.729799" lon="24.057537"><ele>1310</ele></trkpt>
      <trkpt lat="41.729833" lon="24.057596"><ele>1310</ele></trkpt>
      <trkpt lat="41.729914" lon="24.057643"><ele>1310</ele></trkpt>
      <trkpt lat="41.730153" lon="24.057716"><ele>1316.5</ele></trkpt>
      <trkpt lat="41.730386" lon="24.057701"><ele>1322</ele></trkpt>
      <trkpt lat="41.730492" lon="24.057653"><ele>1322</ele></trkpt>
      <trkpt lat="41.730581" lon="24.057632"><ele>1326.5</ele></trkpt>
      <trkpt lat="41.730898" lon="24.057558"><ele>1326.5</ele></trkpt>
      <trkpt lat="41.731074" lon="24.057501"><ele>1339.25</ele></trkpt>
      <trkpt lat="41.731286" lon="24.057379"><ele>1335</ele></trkpt>
      <trkpt lat="41.731413" lon="24.05727"><ele>1328.75</ele></trkpt>
      <trkpt lat="41.731517" lon="24.057266"><ele>1328.5</ele></trkpt>
      <trkpt lat="41.732113" lon="24.057476"><ele>1357.5</ele></trkpt>
      <trkpt lat="41.73232" lon="24.057627"><ele>1359</ele></trkpt>
      <trkpt lat="41.73242" lon="24.057597"><ele>1359</ele></trkpt>
      <trkpt lat="41.732581" lon="24.057548"><ele>1361.25</ele></trkpt>
      <trkpt lat="41.732842" lon="24.057564"><ele>1367</ele></trkpt>
      <trkpt lat="41.733089" lon="24.057725"><ele>1367</ele></trkpt>
      <trkpt lat="41.73338" lon="24.058046"><ele>1367.25</ele></trkpt>
      <trkpt lat="41.733417" lon="24.058113"><ele>1385</ele></trkpt>
      <trkpt lat="41.733698" lon="24.05863"><ele>1385</ele></trkpt>
      <trkpt lat="41.734041" lon="24.058924"><ele>1384.75</ele></trkpt>
      <trkpt lat="41.734377" lon="24.059013"><ele>1394.5</ele></trkpt>
      <trkpt lat="41.734739" lon="24.059035"><ele>1398</ele></trkpt>
      <trkpt lat="41.734986" lon="24.059038"><ele>1398</ele></trkpt>
      <trkpt lat="41.735073" lon="24.059121"><ele>1400.5</ele></trkpt>
      <trkpt lat="41.735387" lon="24.059609"><ele>1407</ele></trkpt>
      <trkpt lat="41.735465" lon="24.059837"><ele>1412.75</ele></trkpt>
      <trkpt lat="41.735663" lon="24.060255"><ele>1422.5</ele></trkpt>
    </trkseg>
  </trk>
  <trk>
    <name>Off TET section copy</name>
    <number>3</number>
    <extensions>
      <rumo:TrackExtension>
        <rumo:RoutingProfile>offroad-medium</rumo:RoutingProfile>
      </rumo:TrackExtension>
      <gpxx:TrackExtension>
        <gpxx:DisplayColor>Blue</gpxx:DisplayColor>
      </gpxx:TrackExtension>
      <dmd:PreRendered version="1" hash="sha256:f194f7bce11c31b8" profile="offroad-medium--avdford--avdgates--avdpri--avdsec--avdter--avdurb">
        <dmd:Surface>
          <dmd:S s="0" e="9" sf="" hw="track" p="0" tt="grade3"/>
          <dmd:S s="9" e="22" sf="" hw="track" p="0" tt="grade3"/>
          <dmd:S s="22" e="48" sf="" hw="track" p="0" tt="grade3"/>
          <dmd:S s="48" e="77" sf="" hw="track" p="0" tt="grade3"/>
          <dmd:S s="77" e="91" sf="" hw="residential" p="1"/>
          <dmd:S s="91" e="92" sf="asphalt" hw="tertiary" p="1" sm="good"/>
        </dmd:Surface>
        <dmd:Timing>
          <dmd:T s="0" e="9" t="59.7" spd="20.0"/>
          <dmd:T s="9" e="22" t="61.8" spd="20.0"/>
          <dmd:T s="22" e="48" t="78.2" spd="20.0"/>
          <dmd:T s="48" e="77" t="88.0" spd="20.0"/>
          <dmd:T s="77" e="91" t="62.3" spd="30.0"/>
          <dmd:T s="91" e="92" t="0.0" spd="49.9"/>
        </dmd:Timing>
        <dmd:Warnings>
          <dmd:W type="SLOPE" lat="41.735387" lon="24.059609" dist="62" val="27.6"/>
          <dmd:W type="SLOPE" lat="41.734041" lon="24.058924" dist="233" val="25.6"/>
          <dmd:W type="SLOPE" lat="41.732581" lon="24.057548" dist="440" val="19.8"/>
          <dmd:W type="SLOPE" lat="41.731517" lon="24.057266" dist="564" val="42.3"/>
          <dmd:W type="SLOPE" lat="41.730153" lon="24.057716" dist="723" val="21.2"/>
          <dmd:W type="SLOPE" lat="41.730186" lon="24.057075" dist="826" val="36.4"/>
          <dmd:W type="SLOPE" lat="41.731109" lon="24.056313" dist="966" val="61.9"/>
          <dmd:W type="SLOPE" lat="41.731554" lon="24.054863" dist="1102" val="30.1"/>
          <dmd:W type="SLOPE" lat="41.731111" lon="24.053877" dist="1204" val="78.4"/>
          <dmd:W type="SLOPE" lat="41.730363" lon="24.053196" dist="1314" val="55.3"/>
          <dmd:W type="SLOPE" lat="41.731253" lon="24.052818" dist="1420" val="15.5"/>
          <dmd:W type="SLOPE" lat="41.731337" lon="24.052232" dist="1530" val="26.7"/>
          <dmd:W type="SLOPE" lat="41.730741" lon="24.050572" dist="1691" val="20.5"/>
          <dmd:W type="SLOPE" lat="41.729449" lon="24.049791" dist="1859" val="24.1"/>
          <dmd:W type="UNPAVED" lat="41.735663" lon="24.060255" dist="0" len="1597"/>
        </dmd:Warnings>
        <dmd:Regulations>
          <dmd:R type="MAXSPEED" lat="41.727787" lon="24.047828" dist="2115" val="80"/>
        </dmd:Regulations>
        <dmd:Stats dist="2116" gain="58" loss="265" eleMin="1210.0" eleMax="1418.0" time="350" paved="25" maxSlope="61.9" minSlope="-80.3"/>
      </dmd:PreRendered>
    </extensions>
    <trkseg>
      <trkpt lat="41.735663" lon="24.060255"><ele>1418</ele></trkpt>
      <trkpt lat="41.735465" lon="24.059837"><ele>1412.75</ele></trkpt>
      <trkpt lat="41.735387" lon="24.059609"><ele>1407</ele></trkpt>
      <trkpt lat="41.735073" lon="24.059121"><ele>1400.5</ele></trkpt>
      <trkpt lat="41.734986" lon="24.059038"><ele>1398</ele></trkpt>
      <trkpt lat="41.734739" lon="24.059035"><ele>1398</ele></trkpt>
      <trkpt lat="41.734377" lon="24.059013"><ele>1394.5</ele></trkpt>
      <trkpt lat="41.734041" lon="24.058924"><ele>1384.75</ele></trkpt>
      <trkpt lat="41.733698" lon="24.05863"><ele>1385</ele></trkpt>
      <trkpt lat="41.733417" lon="24.058113"><ele>1367.25</ele></trkpt>
      <trkpt lat="41.73338" lon="24.058046"><ele>1367.25</ele></trkpt>
      <trkpt lat="41.733089" lon="24.057725"><ele>1367</ele></trkpt>
      <trkpt lat="41.732842" lon="24.057564"><ele>1367</ele></trkpt>
      <trkpt lat="41.732581" lon="24.057548"><ele>1361.25</ele></trkpt>
      <trkpt lat="41.73242" lon="24.057597"><ele>1359</ele></trkpt>
      <trkpt lat="41.73232" lon="24.057627"><ele>1359</ele></trkpt>
      <trkpt lat="41.732113" lon="24.057476"><ele>1357.5</ele></trkpt>
      <trkpt lat="41.731517" lon="24.057266"><ele>1328.5</ele></trkpt>
      <trkpt lat="41.731413" lon="24.05727"><ele>1328.75</ele></trkpt>
      <trkpt lat="41.731286" lon="24.057379"><ele>1335</ele></trkpt>
      <trkpt lat="41.731074" lon="24.057501"><ele>1339.25</ele></trkpt>
      <trkpt lat="41.730898" lon="24.057558"><ele>1326.5</ele></trkpt>
      <trkpt lat="41.730581" lon="24.057632"><ele>1322</ele></trkpt>
      <trkpt lat="41.730492" lon="24.057653"><ele>1322</ele></trkpt>
      <trkpt lat="41.730386" lon="24.057701"><ele>1322</ele></trkpt>
      <trkpt lat="41.730153" lon="24.057716"><ele>1316.5</ele></trkpt>
      <trkpt lat="41.729914" lon="24.057643"><ele>1310</ele></trkpt>
      <trkpt lat="41.729833" lon="24.057596"><ele>1310</ele></trkpt>
      <trkpt lat="41.729799" lon="24.057537"><ele>1310</ele></trkpt>
      <trkpt lat="41.729808" lon="24.057469"><ele>1308.5</ele></trkpt>
      <trkpt lat="41.729889" lon="24.057327"><ele>1301.75</ele></trkpt>
      <trkpt lat="41.730073" lon="24.057142"><ele>1300</ele></trkpt>
      <trkpt lat="41.730186" lon="24.057075"><ele>1305</ele></trkpt>
      <trkpt lat="41.730352" lon="24.057042"><ele>1309</ele></trkpt>
      <trkpt lat="41.730439" lon="24.056962"><ele>1309</ele></trkpt>
      <trkpt lat="41.730502" lon="24.056829"><ele>1309</ele></trkpt>
      <trkpt lat="41.73054" lon="24.056546"><ele>1300.25</ele></trkpt>
      <trkpt lat="41.730584" lon="24.056408"><ele>1290.25</ele></trkpt>
      <trkpt lat="41.730663" lon="24.056345"><ele>1289</ele></trkpt>
      <trkpt lat="41.730844" lon="24.056297"><ele>1289.5</ele></trkpt>
      <trkpt lat="41.731109" lon="24.056313"><ele>1307.75</ele></trkpt>
      <trkpt lat="41.731158" lon="24.056296"><ele>1308</ele></trkpt>
      <trkpt lat="41.7312" lon="24.056202"><ele>1308</ele></trkpt>
      <trkpt lat="41.731303" lon="24.055836"><ele>1308</ele></trkpt>
      <trkpt lat="41.731367" lon="24.055681"><ele>1301.25</ele></trkpt>
      <trkpt lat="41.731489" lon="24.055484"><ele>1296</ele></trkpt>
      <trkpt lat="41.731577" lon="24.05502"><ele>1296</ele></trkpt>
      <trkpt lat="41.731554" lon="24.054863"><ele>1292</ele></trkpt>
      <trkpt lat="41.731522" lon="24.054801"><ele>1288</ele></trkpt>
      <trkpt lat="41.731472" lon="24.054704"><ele>1288</ele></trkpt>
      <trkpt lat="41.731163" lon="24.054379"><ele>1288</ele></trkpt>
      <trkpt lat="41.731113" lon="24.0541"><ele>1283.25</ele></trkpt>
      <trkpt lat="41.731111" lon="24.053877"><ele>1268.75</ele></trkpt>
      <trkpt lat="41.731024" lon="24.05375"><ele>1267</ele></trkpt>
      <trkpt lat="41.73082" lon="24.053589"><ele>1263</ele></trkpt>
      <trkpt lat="41.730704" lon="24.053526"><ele>1263</ele></trkpt>
      <trkpt lat="41.730389" lon="24.053399"><ele>1263</ele></trkpt>
      <trkpt lat="41.730345" lon="24.05333"><ele>1262.75</ele></trkpt>
      <trkpt lat="41.730363" lon="24.053196"><ele>1256.5</ele></trkpt>
      <trkpt lat="41.730425" lon="24.053094"><ele>1251.75</ele></trkpt>
      <trkpt lat="41.730512" lon="24.053027"><ele>1250</ele></trkpt>
      <trkpt lat="41.730667" lon="24.053004"><ele>1250</ele></trkpt>
      <trkpt lat="41.730956" lon="24.052903"><ele>1253.75</ele></trkpt>
      <trkpt lat="41.731253" lon="24.052818"><ele>1259</ele></trkpt>
      <trkpt lat="41.731402" lon="24.052814"><ele>1259</ele></trkpt>
      <trkpt lat="41.731588" lon="24.052846"><ele>1259</ele></trkpt>
      <trkpt lat="41.731639" lon="24.052827"><ele>1259</ele></trkpt>
      <trkpt lat="41.73167" lon="24.052762"><ele>1259</ele></trkpt>
      <trkpt lat="41.73167" lon="24.052716"><ele>1259</ele></trkpt>
      <trkpt lat="41.731669" lon="24.052691"><ele>1259</ele></trkpt>
      <trkpt lat="41.731628" lon="24.052574"><ele>1259</ele></trkpt>
      <trkpt lat="41.731497" lon="24.052432"><ele>1261</ele></trkpt>
      <trkpt lat="41.731337" lon="24.052232"><ele>1267.5</ele></trkpt>
      <trkpt lat="41.731159" lon="24.051992"><ele>1268</ele></trkpt>
      <trkpt lat="41.73112" lon="24.051835"><ele>1268</ele></trkpt>
      <trkpt lat="41.731137" lon="24.051665"><ele>1267.75</ele></trkpt>
      <trkpt lat="41.731172" lon="24.051559"><ele>1267.5</ele></trkpt>
      <trkpt lat="41.731169" lon="24.051541"><ele>1267</ele></trkpt>
      <trkpt lat="41.731153" lon="24.05139"><ele>1267</ele></trkpt>
      <trkpt lat="41.730741" lon="24.050572"><ele>1250.25</ele></trkpt>
      <trkpt lat="41.730503" lon="24.050259"><ele>1250</ele></trkpt>
      <trkpt lat="41.730405" lon="24.050292"><ele>1250</ele></trkpt>
      <trkpt lat="41.730247" lon="24.050342"><ele>1249.25</ele></trkpt>
      <trkpt lat="41.730144" lon="24.050325"><ele>1247</ele></trkpt>
      <trkpt lat="41.730032" lon="24.050263"><ele>1244.5</ele></trkpt>
      <trkpt lat="41.729642" lon="24.049987"><ele>1243.5</ele></trkpt>
      <trkpt lat="41.729449" lon="24.049791"><ele>1237</ele></trkpt>
      <trkpt lat="41.729346" lon="24.049345"><ele>1233</ele></trkpt>
      <trkpt lat="41.729035" lon="24.049084"><ele>1227</ele></trkpt>
      <trkpt lat="41.728205" lon="24.048498"><ele>1216</ele></trkpt>
      <trkpt lat="41.728018" lon="24.048254"><ele>1214.25</ele></trkpt>
      <trkpt lat="41.727787" lon="24.047828"><ele>1210</ele></trkpt>
      <trkpt lat="41.727785" lon="24.047831"><ele>1210.75</ele></trkpt>
    </trkseg>
  </trk>
  <trk>
    <name>Road section to come back to TET</name>
    <number>4</number>
    <extensions>
      <rumo:TrackExtension>
        <rumo:RoutingProfile>road-fast-all</rumo:RoutingProfile>
      </rumo:TrackExtension>
      <gpxx:TrackExtension>
        <gpxx:DisplayColor>Blue</gpxx:DisplayColor>
      </gpxx:TrackExtension>
      <dmd:PreRendered version="1" hash="sha256:2e997c7215e442ca" profile="road-fast-all">
        <dmd:Surface>
          <dmd:S s="0" e="267" sf="asphalt" hw="tertiary" p="1"/>
        </dmd:Surface>
        <dmd:Timing>
          <dmd:T s="0" e="267" t="765.0" spd="49.9"/>
        </dmd:Timing>
        <dmd:Warnings>
          <dmd:W type="SLOPE" lat="41.724771" lon="24.055854" dist="753" val="23.6"/>
          <dmd:W type="SLOPE" lat="41.720976" lon="24.069752" dist="2019" val="16.0"/>
          <dmd:W type="SLOPE" lat="41.719450" lon="24.071634" dist="2252" val="48.5"/>
          <dmd:W type="SLOPE" lat="41.715280" lon="24.081640" dist="3262" val="23.1"/>
          <dmd:W type="SLOPE" lat="41.715428" lon="24.084123" dist="3484" val="31.7"/>
          <dmd:W type="SLOPE" lat="41.713681" lon="24.084827" dist="3694" val="16.6"/>
          <dmd:W type="SLOPE" lat="41.713181" lon="24.085841" dist="3799" val="16.5"/>
          <dmd:W type="SLOPE" lat="41.713390" lon="24.087137" dist="3909" val="15.6"/>
          <dmd:W type="SLOPE" lat="41.711215" lon="24.088282" dist="4211" val="28.1"/>
          <dmd:W type="SLOPE" lat="41.710176" lon="24.092337" dist="4577" val="20.8"/>
          <dmd:W type="SLOPE" lat="41.707943" lon="24.093166" dist="4850" val="23.5"/>
          <dmd:W type="SLOPE" lat="41.707635" lon="24.094482" dist="4966" val="21.5"/>
          <dmd:W type="SLOPE" lat="41.706424" lon="24.094747" dist="5113" val="19.5"/>
          <dmd:W type="SLOPE" lat="41.705622" lon="24.095849" dist="5265" val="22.2"/>
          <dmd:W type="SLOPE" lat="41.705557" lon="24.097290" dist="5385" val="15.8"/>
          <dmd:W type="SLOPE" lat="41.702096" lon="24.099004" dist="5848" val="18.6"/>
          <dmd:W type="SLOPE" lat="41.701253" lon="24.101550" dist="6081" val="34.3"/>
          <dmd:W type="SLOPE" lat="41.700559" lon="24.102348" dist="6182" val="18.3"/>
          <dmd:W type="SLOPE" lat="41.699306" lon="24.103328" dist="6346" val="36.2"/>
          <dmd:W type="SLOPE" lat="41.698559" lon="24.105753" dist="6565" val="16.0"/>
          <dmd:W type="SLOPE" lat="41.692355" lon="24.113442" dist="7541" val="25.5"/>
          <dmd:W type="SLOPE" lat="41.686625" lon="24.119854" dist="8484" val="28.6"/>
          <dmd:W type="SLOPE" lat="41.686836" lon="24.121931" dist="8690" val="23.9"/>
          <dmd:W type="SLOPE" lat="41.690521" lon="24.121931" dist="9111" val="29.2"/>
          <dmd:W type="SLOPE" lat="41.692944" lon="24.120978" dist="9485" val="33.5"/>
          <dmd:W type="SLOPE" lat="41.692316" lon="24.122232" dist="9612" val="15.2"/>
          <dmd:W type="SLOPE" lat="41.689360" lon="24.123949" dist="9985" val="27.1"/>
          <dmd:W type="SLOPE" lat="41.689434" lon="24.125365" dist="10103" val="20.6"/>
          <dmd:W type="SLOPE" lat="41.690336" lon="24.127716" dist="10337" val="24.5"/>
          <dmd:W type="SLOPE" lat="41.691306" lon="24.128570" dist="10466" val="29.9"/>
        </dmd:Warnings>
        <dmd:Regulations>
          <dmd:R type="MAXSPEED" lat="41.727781" lon="24.047844" dist="0" val="80"/>
        </dmd:Regulations>
        <dmd:Stats dist="10595" gain="546" loss="255" eleMin="1202.5" eleMax="1517.0" time="765" paved="100" maxSlope="81.9" minSlope="-55.8"/>
      </dmd:PreRendered>
    </extensions>
    <trkseg>
      <trkpt lat="41.727781" lon="24.047844"><ele>1210</ele></trkpt>
      <trkpt lat="41.727679" lon="24.048145"><ele>1210.75</ele></trkpt>
      <trkpt lat="41.727558" lon="24.04859"><ele>1212.75</ele></trkpt>
      <trkpt lat="41.727219" lon="24.049988"><ele>1213</ele></trkpt>
      <trkpt lat="41.727145" lon="24.050346"><ele>1213</ele></trkpt>
      <trkpt lat="41.727043" lon="24.050766"><ele>1211.25</ele></trkpt>
      <trkpt lat="41.726943" lon="24.051178"><ele>1210.75</ele></trkpt>
      <trkpt lat="41.726669" lon="24.052041"><ele>1206</ele></trkpt>
      <trkpt lat="41.726019" lon="24.053303"><ele>1209.25</ele></trkpt>
      <trkpt lat="41.725308" lon="24.054477"><ele>1211</ele></trkpt>
      <trkpt lat="41.72494" lon="24.05522"><ele>1207</ele></trkpt>
      <trkpt lat="41.724845" lon="24.05551"><ele>1207</ele></trkpt>
      <trkpt lat="41.724771" lon="24.055854"><ele>1214</ele></trkpt>
      <trkpt lat="41.724749" lon="24.056113"><ele>1214</ele></trkpt>
      <trkpt lat="41.724754" lon="24.056515"><ele>1214.75</ele></trkpt>
      <trkpt lat="41.724785" lon="24.056991"><ele>1216</ele></trkpt>
      <trkpt lat="41.724863" lon="24.057556"><ele>1209</ele></trkpt>
      <trkpt lat="41.724895" lon="24.057902"><ele>1209</ele></trkpt>
      <trkpt lat="41.724909" lon="24.05816"><ele>1208</ele></trkpt>
      <trkpt lat="41.724879" lon="24.058629"><ele>1207</ele></trkpt>
      <trkpt lat="41.724835" lon="24.058863"><ele>1207</ele></trkpt>
      <trkpt lat="41.724749" lon="24.059219"><ele>1207</ele></trkpt>
      <trkpt lat="41.724628" lon="24.059506"><ele>1207</ele></trkpt>
      <trkpt lat="41.723832" lon="24.060931"><ele>1209</ele></trkpt>
      <trkpt lat="41.72346" lon="24.061552"><ele>1208</ele></trkpt>
      <trkpt lat="41.723114" lon="24.062164"><ele>1207</ele></trkpt>
      <trkpt lat="41.722871" lon="24.062649"><ele>1210</ele></trkpt>
      <trkpt lat="41.722649" lon="24.063162"><ele>1206.25</ele></trkpt>
      <trkpt lat="41.722491" lon="24.063581"><ele>1205</ele></trkpt>
      <trkpt lat="41.722309" lon="24.06411"><ele>1206.5</ele></trkpt>
      <trkpt lat="41.721683" lon="24.066169"><ele>1202.5</ele></trkpt>
      <trkpt lat="41.721443" lon="24.066958"><ele>1206</ele></trkpt>
      <trkpt lat="41.721338" lon="24.067445"><ele>1211.5</ele></trkpt>
      <trkpt lat="41.721265" lon="24.067938"><ele>1213</ele></trkpt>
      <trkpt lat="41.721131" lon="24.069067"><ele>1214.25</ele></trkpt>
      <trkpt lat="41.721087" lon="24.069319"><ele>1211.75</ele></trkpt>
      <trkpt lat="41.72106" lon="24.069513"><ele>1210.75</ele></trkpt>
      <trkpt lat="41.720976" lon="24.069752"><ele>1207.25</ele></trkpt>
      <trkpt lat="41.720894" lon="24.069936"><ele>1205.25</ele></trkpt>
      <trkpt lat="41.720765" lon="24.070146"><ele>1203</ele></trkpt>
      <trkpt lat="41.720505" lon="24.070493"><ele>1203</ele></trkpt>
      <trkpt lat="41.719939" lon="24.070985"><ele>1205</ele></trkpt>
      <trkpt lat="41.719764" lon="24.07116"><ele>1205</ele></trkpt>
      <trkpt lat="41.719588" lon="24.071392"><ele>1205</ele></trkpt>
      <trkpt lat="41.71945" lon="24.071634"><ele>1217.25</ele></trkpt>
      <trkpt lat="41.71936" lon="24.071919"><ele>1214.25</ele></trkpt>
      <trkpt lat="41.719277" lon="24.072405"><ele>1211.5</ele></trkpt>
      <trkpt lat="41.719155" lon="24.07396"><ele>1209.25</ele></trkpt>
      <trkpt lat="41.719114" lon="24.074329"><ele>1208</ele></trkpt>
      <trkpt lat="41.719081" lon="24.074502"><ele>1208</ele></trkpt>
      <trkpt lat="41.718939" lon="24.074925"><ele>1208</ele></trkpt>
      <trkpt lat="41.718852" lon="24.075096"><ele>1208</ele></trkpt>
      <trkpt lat="41.718682" lon="24.075427"><ele>1208</ele></trkpt>
      <trkpt lat="41.718126" lon="24.076111"><ele>1205</ele></trkpt>
      <trkpt lat="41.717811" lon="24.076541"><ele>1211.5</ele></trkpt>
      <trkpt lat="41.717633" lon="24.076944"><ele>1210.5</ele></trkpt>
      <trkpt lat="41.717573" lon="24.077218"><ele>1208</ele></trkpt>
      <trkpt lat="41.717541" lon="24.077505"><ele>1208</ele></trkpt>
      <trkpt lat="41.717528" lon="24.078006"><ele>1207.25</ele></trkpt>
      <trkpt lat="41.717497" lon="24.078433"><ele>1205</ele></trkpt>
      <trkpt lat="41.717419" lon="24.078715"><ele>1205</ele></trkpt>
      <trkpt lat="41.71729" lon="24.079003"><ele>1205.25</ele></trkpt>
      <trkpt lat="41.717186" lon="24.079134"><ele>1205.75</ele></trkpt>
      <trkpt lat="41.716755" lon="24.079676"><ele>1205.25</ele></trkpt>
      <trkpt lat="41.715839" lon="24.080425"><ele>1203</ele></trkpt>
      <trkpt lat="41.715483" lon="24.080777"><ele>1206.75</ele></trkpt>
      <trkpt lat="41.715364" lon="24.081023"><ele>1208</ele></trkpt>
      <trkpt lat="41.715292" lon="24.081275"><ele>1208</ele></trkpt>
      <trkpt lat="41.71528" lon="24.08164"><ele>1215</ele></trkpt>
      <trkpt lat="41.715352" lon="24.082015"><ele>1215.75</ele></trkpt>
      <trkpt lat="41.715604" lon="24.082589"><ele>1215</ele></trkpt>
      <trkpt lat="41.715684" lon="24.082911"><ele>1215</ele></trkpt>
      <trkpt lat="41.715682" lon="24.083225"><ele>1213</ele></trkpt>
      <trkpt lat="41.715635" lon="24.08361"><ele>1212</ele></trkpt>
      <trkpt lat="41.715538" lon="24.083879"><ele>1212</ele></trkpt>
      <trkpt lat="41.715428" lon="24.084123"><ele>1219.5</ele></trkpt>
      <trkpt lat="41.715217" lon="24.084378"><ele>1219</ele></trkpt>
      <trkpt lat="41.715038" lon="24.084533"><ele>1213</ele></trkpt>
      <trkpt lat="41.714837" lon="24.084621"><ele>1212</ele></trkpt>
      <trkpt lat="41.713922" lon="24.084706"><ele>1207</ele></trkpt>
      <trkpt lat="41.713681" lon="24.084827"><ele>1211.75</ele></trkpt>
      <trkpt lat="41.713531" lon="24.084951"><ele>1216.75</ele></trkpt>
      <trkpt lat="41.713413" lon="24.085113"><ele>1216.25</ele></trkpt>
      <trkpt lat="41.713311" lon="24.085314"><ele>1215</ele></trkpt>
      <trkpt lat="41.713216" lon="24.085608"><ele>1215.75</ele></trkpt>
      <trkpt lat="41.713181" lon="24.085841"><ele>1219</ele></trkpt>
      <trkpt lat="41.713182" lon="24.086128"><ele>1219</ele></trkpt>
      <trkpt lat="41.713226" lon="24.086423"><ele>1219</ele></trkpt>
      <trkpt lat="41.71335" lon="24.086912"><ele>1221</ele></trkpt>
      <trkpt lat="41.71339" lon="24.087137"><ele>1224</ele></trkpt>
      <trkpt lat="41.713403" lon="24.087338"><ele>1223.5</ele></trkpt>
      <trkpt lat="41.713393" lon="24.087483"><ele>1221.25</ele></trkpt>
      <trkpt lat="41.713353" lon="24.087632"><ele>1219</ele></trkpt>
      <trkpt lat="41.713297" lon="24.08775"><ele>1218</ele></trkpt>
      <trkpt lat="41.713218" lon="24.087862"><ele>1218</ele></trkpt>
      <trkpt lat="41.713102" lon="24.087929"><ele>1218</ele></trkpt>
      <trkpt lat="41.712972" lon="24.087979"><ele>1218</ele></trkpt>
      <trkpt lat="41.712793" lon="24.087997"><ele>1218</ele></trkpt>
      <trkpt lat="41.712361" lon="24.087916"><ele>1219</ele></trkpt>
      <trkpt lat="41.711991" lon="24.087863"><ele>1219</ele></trkpt>
      <trkpt lat="41.711838" lon="24.087857"><ele>1220.5</ele></trkpt>
      <trkpt lat="41.711713" lon="24.087884"><ele>1222.25</ele></trkpt>
      <trkpt lat="41.711559" lon="24.087971"><ele>1223</ele></trkpt>
      <trkpt lat="41.711409" lon="24.088092"><ele>1224.25</ele></trkpt>
      <trkpt lat="41.711215" lon="24.088282"><ele>1231.75</ele></trkpt>
      <trkpt lat="41.71112" lon="24.088404"><ele>1233.75</ele></trkpt>
      <trkpt lat="41.711019" lon="24.088587"><ele>1230.25</ele></trkpt>
      <trkpt lat="41.710914" lon="24.088855"><ele>1226</ele></trkpt>
      <trkpt lat="41.710796" lon="24.08936"><ele>1223</ele></trkpt>
      <trkpt lat="41.710702" lon="24.090062"><ele>1223</ele></trkpt>
      <trkpt lat="41.710508" lon="24.091699"><ele>1233</ele></trkpt>
      <trkpt lat="41.710474" lon="24.091873"><ele>1233</ele></trkpt>
      <trkpt lat="41.710439" lon="24.091983"><ele>1233</ele></trkpt>
      <trkpt lat="41.710388" lon="24.092096"><ele>1233</ele></trkpt>
      <trkpt lat="41.710251" lon="24.092279"><ele>1232.25</ele></trkpt>
      <trkpt lat="41.710176" lon="24.092337"><ele>1230.25</ele></trkpt>
      <trkpt lat="41.71004" lon="24.092421"><ele>1228</ele></trkpt>
      <trkpt lat="41.70983" lon="24.092503"><ele>1230</ele></trkpt>
      <trkpt lat="41.709522" lon="24.092543"><ele>1230</ele></trkpt>
      <trkpt lat="41.708786" lon="24.092481"><ele>1231.25</ele></trkpt>
      <trkpt lat="41.708578" lon="24.092497"><ele>1232.25</ele></trkpt>
      <trkpt lat="41.708465" lon="24.092537"><ele>1233.5</ele></trkpt>
      <trkpt lat="41.708344" lon="24.0926"><ele>1234.75</ele></trkpt>
      <trkpt lat="41.708255" lon="24.092676"><ele>1235</ele></trkpt>
      <trkpt lat="41.708144" lon="24.092807"><ele>1235</ele></trkpt>
      <trkpt lat="41.708033" lon="24.092985"><ele>1235</ele></trkpt>
      <trkpt lat="41.707943" lon="24.093166"><ele>1239.25</ele></trkpt>
      <trkpt lat="41.707878" lon="24.093468"><ele>1246</ele></trkpt>
      <trkpt lat="41.707815" lon="24.093931"><ele>1247.75</ele></trkpt>
      <trkpt lat="41.707776" lon="24.094107"><ele>1256</ele></trkpt>
      <trkpt lat="41.707635" lon="24.094482"><ele>1248.5</ele></trkpt>
      <trkpt lat="41.707563" lon="24.094629"><ele>1243.5</ele></trkpt>
      <trkpt lat="41.707478" lon="24.09472"><ele>1239</ele></trkpt>
      <trkpt lat="41.707363" lon="24.0948"><ele>1243</ele></trkpt>
      <trkpt lat="41.707254" lon="24.094854"><ele>1246</ele></trkpt>
      <trkpt lat="41.707101" lon="24.094882"><ele>1247.5</ele></trkpt>
      <trkpt lat="41.706889" lon="24.09486"><ele>1245.25</ele></trkpt>
      <trkpt lat="41.706424" lon="24.094747"><ele>1235</ele></trkpt>
      <trkpt lat="41.706293" lon="24.09474"><ele>1234.75</ele></trkpt>
      <trkpt lat="41.706197" lon="24.094744"><ele>1235</ele></trkpt>
      <trkpt lat="41.706088" lon="24.094767"><ele>1236.25</ele></trkpt>
      <trkpt lat="41.705994" lon="24.094808"><ele>1238.25</ele></trkpt>
      <trkpt lat="41.70588" lon="24.094893"><ele>1239.75</ele></trkpt>
      <trkpt lat="41.705748" lon="24.095049"><ele>1241</ele></trkpt>
      <trkpt lat="41.705684" lon="24.095208"><ele>1241</ele></trkpt>
      <trkpt lat="41.705634" lon="24.095415"><ele>1241</ele></trkpt>
      <trkpt lat="41.705622" lon="24.095849"><ele>1249</ele></trkpt>
      <trkpt lat="41.705628" lon="24.096669"><ele>1259</ele></trkpt>
      <trkpt lat="41.705613" lon="24.096934"><ele>1259</ele></trkpt>
      <trkpt lat="41.705584" lon="24.097162"><ele>1259</ele></trkpt>
      <trkpt lat="41.705557" lon="24.09729"><ele>1260.75</ele></trkpt>
      <trkpt lat="41.705483" lon="24.097488"><ele>1266.5</ele></trkpt>
      <trkpt lat="41.705437" lon="24.097552"><ele>1267</ele></trkpt>
      <trkpt lat="41.705389" lon="24.097603"><ele>1267</ele></trkpt>
      <trkpt lat="41.705315" lon="24.097643"><ele>1267</ele></trkpt>
      <trkpt lat="41.705037" lon="24.097684"><ele>1253</ele></trkpt>
      <trkpt lat="41.704806" lon="24.097675"><ele>1251</ele></trkpt>
      <trkpt lat="41.704716" lon="24.097642"><ele>1251</ele></trkpt>
      <trkpt lat="41.704622" lon="24.097593"><ele>1251</ele></trkpt>
      <trkpt lat="41.70439" lon="24.097365"><ele>1247</ele></trkpt>
      <trkpt lat="41.704304" lon="24.097305"><ele>1246.5</ele></trkpt>
      <trkpt lat="41.704199" lon="24.097245"><ele>1246.75</ele></trkpt>
      <trkpt lat="41.704093" lon="24.097203"><ele>1247</ele></trkpt>
      <trkpt lat="41.703992" lon="24.097186"><ele>1247</ele></trkpt>
      <trkpt lat="41.703894" lon="24.097189"><ele>1247</ele></trkpt>
      <trkpt lat="41.703798" lon="24.097213"><ele>1247</ele></trkpt>
      <trkpt lat="41.70356" lon="24.097352"><ele>1249.5</ele></trkpt>
      <trkpt lat="41.703304" lon="24.097584"><ele>1253</ele></trkpt>
      <trkpt lat="41.702293" lon="24.098742"><ele>1252</ele></trkpt>
      <trkpt lat="41.702096" lon="24.099004"><ele>1257.75</ele></trkpt>
      <trkpt lat="41.702008" lon="24.09917"><ele>1266</ele></trkpt>
      <trkpt lat="41.701899" lon="24.099434"><ele>1266</ele></trkpt>
      <trkpt lat="41.701632" lon="24.100258"><ele>1274</ele></trkpt>
      <trkpt lat="41.701411" lon="24.101218"><ele>1277</ele></trkpt>
      <trkpt lat="41.701336" lon="24.101403"><ele>1277.5</ele></trkpt>
      <trkpt lat="41.701253" lon="24.10155"><ele>1282.75</ele></trkpt>
      <trkpt lat="41.700789" lon="24.102129"><ele>1284</ele></trkpt>
      <trkpt lat="41.700559" lon="24.102348"><ele>1289.75</ele></trkpt>
      <trkpt lat="41.700398" lon="24.102438"><ele>1294</ele></trkpt>
      <trkpt lat="41.700007" lon="24.102629"><ele>1292</ele></trkpt>
      <trkpt lat="41.699777" lon="24.102808"><ele>1292</ele></trkpt>
      <trkpt lat="41.699443" lon="24.103135"><ele>1297.25</ele></trkpt>
      <trkpt lat="41.699306" lon="24.103328"><ele>1305.25</ele></trkpt>
      <trkpt lat="41.699188" lon="24.103567"><ele>1300.75</ele></trkpt>
      <trkpt lat="41.6991" lon="24.103856"><ele>1300</ele></trkpt>
      <trkpt lat="41.698936" lon="24.104613"><ele>1305</ele></trkpt>
      <trkpt lat="41.698657" lon="24.105525"><ele>1309</ele></trkpt>
      <trkpt lat="41.698559" lon="24.105753"><ele>1312.5</ele></trkpt>
      <trkpt lat="41.698463" lon="24.10589"><ele>1310</ele></trkpt>
      <trkpt lat="41.698367" lon="24.105982"><ele>1305.5</ele></trkpt>
      <trkpt lat="41.697885" lon="24.106319"><ele>1304</ele></trkpt>
      <trkpt lat="41.697129" lon="24.106937"><ele>1306</ele></trkpt>
      <trkpt lat="41.69654" lon="24.10758"><ele>1304</ele></trkpt>
      <trkpt lat="41.695969" lon="24.108284"><ele>1309.75</ele></trkpt>
      <trkpt lat="41.695194" lon="24.109597"><ele>1306.25</ele></trkpt>
      <trkpt lat="41.694649" lon="24.110224"><ele>1305</ele></trkpt>
      <trkpt lat="41.693938" lon="24.110833"><ele>1306.75</ele></trkpt>
      <trkpt lat="41.693604" lon="24.110988"><ele>1307</ele></trkpt>
      <trkpt lat="41.693284" lon="24.111091"><ele>1310</ele></trkpt>
      <trkpt lat="41.692951" lon="24.111425"><ele>1311</ele></trkpt>
      <trkpt lat="41.692688" lon="24.111889"><ele>1315.25</ele></trkpt>
      <trkpt lat="41.692534" lon="24.11243"><ele>1313.25</ele></trkpt>
      <trkpt lat="41.69247" lon="24.112945"><ele>1313</ele></trkpt>
      <trkpt lat="41.692355" lon="24.113442"><ele>1324</ele></trkpt>
      <trkpt lat="41.692214" lon="24.113794"><ele>1324</ele></trkpt>
      <trkpt lat="41.692085" lon="24.11394"><ele>1325</ele></trkpt>
      <trkpt lat="41.691284" lon="24.114404"><ele>1317</ele></trkpt>
      <trkpt lat="41.690868" lon="24.11485"><ele>1323</ele></trkpt>
      <trkpt lat="41.690624" lon="24.115279"><ele>1328</ele></trkpt>
      <trkpt lat="41.69056" lon="24.115683"><ele>1329.25</ele></trkpt>
      <trkpt lat="41.690579" lon="24.116086"><ele>1331</ele></trkpt>
      <trkpt lat="41.69072" lon="24.117065"><ele>1334</ele></trkpt>
      <trkpt lat="41.690727" lon="24.117382"><ele>1333.25</ele></trkpt>
      <trkpt lat="41.690675" lon="24.117665"><ele>1333</ele></trkpt>
      <trkpt lat="41.69056" lon="24.117863"><ele>1333</ele></trkpt>
      <trkpt lat="41.690355" lon="24.118"><ele>1333</ele></trkpt>
      <trkpt lat="41.688817" lon="24.118721"><ele>1343</ele></trkpt>
      <trkpt lat="41.686874" lon="24.119674"><ele>1355.75</ele></trkpt>
      <trkpt lat="41.686625" lon="24.119854"><ele>1364.75</ele></trkpt>
      <trkpt lat="41.686445" lon="24.120249"><ele>1369</ele></trkpt>
      <trkpt lat="41.686372" lon="24.120544"><ele>1369</ele></trkpt>
      <trkpt lat="41.686323" lon="24.120738"><ele>1375.5</ele></trkpt>
      <trkpt lat="41.686323" lon="24.121107"><ele>1379</ele></trkpt>
      <trkpt lat="41.686419" lon="24.121468"><ele>1379.25</ele></trkpt>
      <trkpt lat="41.686592" lon="24.121768"><ele>1380</ele></trkpt>
      <trkpt lat="41.686836" lon="24.121931"><ele>1387.25</ele></trkpt>
      <trkpt lat="41.687092" lon="24.121983"><ele>1392</ele></trkpt>
      <trkpt lat="41.687483" lon="24.121871"><ele>1392</ele></trkpt>
      <trkpt lat="41.688067" lon="24.121768"><ele>1394</ele></trkpt>
      <trkpt lat="41.688445" lon="24.121751"><ele>1394</ele></trkpt>
      <trkpt lat="41.688926" lon="24.121974"><ele>1394</ele></trkpt>
      <trkpt lat="41.689426" lon="24.122163"><ele>1401.25</ele></trkpt>
      <trkpt lat="41.68997" lon="24.122197"><ele>1402</ele></trkpt>
      <trkpt lat="41.690521" lon="24.121931"><ele>1421</ele></trkpt>
      <trkpt lat="41.690996" lon="24.121365"><ele>1418.5</ele></trkpt>
      <trkpt lat="41.691649" lon="24.120429"><ele>1414</ele></trkpt>
      <trkpt lat="41.69188" lon="24.120197"><ele>1415.5</ele></trkpt>
      <trkpt lat="41.692188" lon="24.120086"><ele>1416</ele></trkpt>
      <trkpt lat="41.692515" lon="24.120129"><ele>1415.75</ele></trkpt>
      <trkpt lat="41.692765" lon="24.120283"><ele>1414</ele></trkpt>
      <trkpt lat="41.692919" lon="24.120584"><ele>1415</ele></trkpt>
      <trkpt lat="41.692944" lon="24.120978"><ele>1426</ele></trkpt>
      <trkpt lat="41.692829" lon="24.121373"><ele>1426</ele></trkpt>
      <trkpt lat="41.692617" lon="24.121768"><ele>1444.25</ele></trkpt>
      <trkpt lat="41.692316" lon="24.122232"><ele>1436.5</ele></trkpt>
      <trkpt lat="41.69206" lon="24.122566"><ele>1455</ele></trkpt>
      <trkpt lat="41.691746" lon="24.122815"><ele>1442.75</ele></trkpt>
      <trkpt lat="41.69138" lon="24.122961"><ele>1438</ele></trkpt>
      <trkpt lat="41.690957" lon="24.123021"><ele>1434.5</ele></trkpt>
      <trkpt lat="41.689791" lon="24.123416"><ele>1449.75</ele></trkpt>
      <trkpt lat="41.689577" lon="24.123525"><ele>1450</ele></trkpt>
      <trkpt lat="41.689475" lon="24.123646"><ele>1450</ele></trkpt>
      <trkpt lat="41.689408" lon="24.123783"><ele>1449.75</ele></trkpt>
      <trkpt lat="41.68936" lon="24.123949"><ele>1453.75</ele></trkpt>
      <trkpt lat="41.689348" lon="24.124158"><ele>1468</ele></trkpt>
      <trkpt lat="41.689434" lon="24.125365"><ele>1488.75</ele></trkpt>
      <trkpt lat="41.689511" lon="24.126428"><ele>1493</ele></trkpt>
      <trkpt lat="41.689548" lon="24.126662"><ele>1493</ele></trkpt>
      <trkpt lat="41.689643" lon="24.126894"><ele>1493</ele></trkpt>
      <trkpt lat="41.689823" lon="24.127158"><ele>1493</ele></trkpt>
      <trkpt lat="41.690336" lon="24.127716"><ele>1511</ele></trkpt>
      <trkpt lat="41.690861" lon="24.128214"><ele>1499.75</ele></trkpt>
      <trkpt lat="41.691306" lon="24.12857"><ele>1517</ele></trkpt>
      <trkpt lat="41.691404" lon="24.128693"><ele>1517</ele></trkpt>
      <trkpt lat="41.691457" lon="24.128828"><ele>1517</ele></trkpt>
      <trkpt lat="41.691509" lon="24.129055"><ele>1506</ele></trkpt>
      <trkpt lat="41.691598" lon="24.12969"><ele>1499</ele></trkpt>
      <trkpt lat="41.691613" lon="24.130024"><ele>1501</ele></trkpt>
    </trkseg>
  </trk>
  <trk>
    <name>TET BG 03</name>
    <number>5</number>
    <extensions>
      <gpxx:TrackExtension>
        <gpxx:DisplayColor>Blue</gpxx:DisplayColor>
      </gpxx:TrackExtension>
      <dmd:PreRendered version="1" hash="sha256:69477cf390bc3693" profile="">
        <dmd:Warnings>
          <dmd:W type="SLOPE" lat="41.692026" lon="24.130093" dist="48" val="3105.5"/>
        </dmd:Warnings>
        <dmd:Stats dist="53390" gain="0" loss="1501" eleMin="0.0" eleMax="1501.0" time="3844" paved="100" maxSlope="0.0" minSlope="-3105.5"/>
      </dmd:PreRendered>
    </extensions>
    <trkseg>
      <trkpt lat="41.691591991112" lon="24.130060980096"><ele>1501</ele></trkpt>
      <trkpt lat="41.692026006058" lon="24.130092998967"></trkpt>
      <trkpt lat="41.692374022678" lon="24.130348982289"></trkpt>
      <trkpt lat="41.692704018205" lon="24.130643019453"></trkpt>
      <trkpt lat="41.692876014858" lon="24.130663974211"></trkpt>
      <trkpt lat="41.693061003461" lon="24.130643019453"></trkpt>
      <trkpt lat="41.693297037855" lon="24.130549980327"></trkpt>
      <trkpt lat="41.693774973974" lon="24.130272036418"></trkpt>
      <trkpt lat="41.69419599697" lon="24.129836009815"></trkpt>
      <trkpt lat="41.694346033037" lon="24.129822012037"></trkpt>
      <trkpt lat="41.694446029142" lon="24.1298650112"></trkpt>
      <trkpt lat="41.694546025246" lon="24.129950003698"></trkpt>
      <trkpt lat="41.694690026343" lon="24.130404973403"></trkpt>
      <trkpt lat="41.694832015783" lon="24.13112799637"></trkpt>
      <trkpt lat="41.694931006059" lon="24.131407029927"></trkpt>
      <trkpt lat="41.695167040452" lon="24.131655972451"></trkpt>
      <trkpt lat="41.695776991546" lon="24.132002983242"></trkpt>
      <trkpt lat="41.696024006233" lon="24.132362985983"></trkpt>
      <trkpt lat="41.696165995672" lon="24.13251997903"></trkpt>
      <trkpt lat="41.697017010301" lon="24.133152980357"></trkpt>
      <trkpt lat="41.697267964482" lon="24.133316008374"></trkpt>
      <trkpt lat="41.69750098139" lon="24.133403012529"></trkpt>
      <trkpt lat="41.697869030759" lon="24.1334539745"></trkpt>
      <trkpt lat="41.69811998494" lon="24.133428996429"></trkpt>
      <trkpt lat="41.698915008456" lon="24.133197991177"></trkpt>
      <trkpt lat="41.699064960703" lon="24.133205031976"></trkpt>
      <trkpt lat="41.699236035347" lon="24.133248031139"></trkpt>
      <trkpt lat="41.699642976746" lon="24.133405024186"></trkpt>
      <trkpt lat="41.699876999483" lon="24.133449029177"></trkpt>
      <trkpt lat="41.700114961714" lon="24.133389014751"></trkpt>
      <trkpt lat="41.70040698722" lon="24.133191034198"></trkpt>
      <trkpt lat="41.700491979718" lon="24.133091038093"></trkpt>
      <trkpt lat="41.700577978045" lon="24.132890962064"></trkpt>
      <trkpt lat="41.70081300661" lon="24.132084958255"></trkpt>
      <trkpt lat="41.700905961916" lon="24.131921008229"></trkpt>
      <trkpt lat="41.701034959406" lon="24.131849007681"></trkpt>
      <trkpt lat="41.702255029231" lon="24.131878009066"></trkpt>
      <trkpt lat="41.702741011977" lon="24.131792010739"></trkpt>
      <trkpt lat="41.703076036647" lon="24.131778012961"></trkpt>
      <trkpt lat="41.703511979431" lon="24.131863005459"></trkpt>
      <trkpt lat="41.703725969419" lon="24.131941962987"></trkpt>
      <trkpt lat="41.703973989934" lon="24.132206998765"></trkpt>
      <trkpt lat="41.704164007679" lon="24.132359968498"></trkpt>
      <trkpt lat="41.704557035118" lon="24.132805969566"></trkpt>
      <trkpt lat="41.704746969044" lon="24.132962962613"></trkpt>
      <trkpt lat="41.704888958484" lon="24.133027000353"></trkpt>
      <trkpt lat="41.705104038119" lon="24.133056001738"></trkpt>
      <trkpt lat="41.705595972016" lon="24.133013002574"></trkpt>
      <trkpt lat="41.705732010305" lon="24.133034041151"></trkpt>
      <trkpt lat="41.705809962004" lon="24.133083997294"></trkpt>
      <trkpt lat="41.706473976374" lon="24.13380802609"></trkpt>
      <trkpt lat="41.70663096942" lon="24.133940963075"></trkpt>
      <trkpt lat="41.706730965525" lon="24.13410499692"></trkpt>
      <trkpt lat="41.706781005487" lon="24.134283028543"></trkpt>
      <trkpt lat="41.706781005487" lon="24.134489977732"></trkpt>
      <trkpt lat="41.706687966362" lon="24.135133037344"></trkpt>
      <trkpt lat="41.706687966362" lon="24.135304028168"></trkpt>
      <trkpt lat="41.706748986617" lon="24.13543201983"></trkpt>
      <trkpt lat="41.706852000207" lon="24.135568980128"></trkpt>
      <trkpt lat="41.707345023751" lon="24.13595396094"></trkpt>
      <trkpt lat="41.707459017634" lon="24.136082036421"></trkpt>
      <trkpt lat="41.707494975999" lon="24.136196030304"></trkpt>
      <trkpt lat="41.707502016798" lon="24.136525020003"></trkpt>
      <trkpt lat="41.707523977384" lon="24.136653011665"></trkpt>
      <trkpt lat="41.707574017346" lon="24.13675300777"></trkpt>
      <trkpt lat="41.708025969565" lon="24.137118961662"></trkpt>
      <trkpt lat="41.70808003284" lon="24.137146035209"></trkpt>
      <trkpt lat="41.708195032552" lon="24.137146035209"></trkpt>
      <trkpt lat="41.708301985636" lon="24.137117033824"></trkpt>
      <trkpt lat="41.709122993052" lon="24.136445978656"></trkpt>
      <trkpt lat="41.709358021617" lon="24.136345982552"></trkpt>
      <trkpt lat="41.709786001593" lon="24.136354029179"></trkpt>
      <trkpt lat="41.710042990744" lon="24.13628202863"></trkpt>
      <trkpt lat="41.710286987945" lon="24.136170968413"></trkpt>
      <trkpt lat="41.710442975163" lon="24.136031996459"></trkpt>
      <trkpt lat="41.71066400595" lon="24.13595396094"></trkpt>
      <trkpt lat="41.71086399816" lon="24.135988997295"></trkpt>
      <trkpt lat="41.711135990918" lon="24.136111037806"></trkpt>
      <trkpt lat="41.711320979521" lon="24.136311030015"></trkpt>
      <trkpt lat="41.71144997701" lon="24.136574976146"></trkpt>
      <trkpt lat="41.711674025282" lon="24.136720988899"></trkpt>
      <trkpt lat="41.712105022743" lon="24.136831965297"></trkpt>
      <trkpt lat="41.712297974154" lon="24.136787038296"></trkpt>
      <trkpt lat="41.712610032409" lon="24.136594003066"></trkpt>
      <trkpt lat="41.712899040431" lon="24.136357968673"></trkpt>
      <trkpt lat="41.714088013396" lon="24.13458796218"></trkpt>
      <trkpt lat="41.71431097202" lon="24.134431974962"></trkpt>
      <trkpt lat="41.714719003066" lon="24.134328039363"></trkpt>
      <trkpt lat="41.715281009674" lon="24.134531971067"></trkpt>
      <trkpt lat="41.71562500298" lon="24.134617969394"></trkpt>
      <trkpt lat="41.715936977416" lon="24.134751996025"></trkpt>
      <trkpt lat="41.716159014031" lon="24.13504502736"></trkpt>
      <trkpt lat="41.716502001509" lon="24.135747011751"></trkpt>
      <trkpt lat="41.716651031747" lon="24.136111037806"></trkpt>
      <trkpt lat="41.717124022543" lon="24.136571036652"></trkpt>
      <trkpt lat="41.717823995277" lon="24.136829031631"></trkpt>
      <trkpt lat="41.718254992738" lon="24.137173024938"></trkpt>
      <trkpt lat="41.718610972166" lon="24.137508971617"></trkpt>
      <trkpt lat="41.719022020698" lon="24.139018971473"></trkpt>
      <trkpt lat="41.719059990719" lon="24.139219969511"></trkpt>
      <trkpt lat="41.719457041472" lon="24.139951039106"></trkpt>
      <trkpt lat="41.720163971186" lon="24.140775986016"></trkpt>
      <trkpt lat="41.720468988642" lon="24.14128895849"></trkpt>
      <trkpt lat="41.720591029152" lon="24.14161702618"></trkpt>
      <trkpt lat="41.720606032759" lon="24.141859011725"></trkpt>
      <trkpt lat="41.720678033307" lon="24.142108960077"></trkpt>
      <trkpt lat="41.720838965848" lon="24.142180038616"></trkpt>
      <trkpt lat="41.72108899802" lon="24.142145002261"></trkpt>
      <trkpt lat="41.721275998279" lon="24.142081970349"></trkpt>
      <trkpt lat="41.722624981776" lon="24.140688981861"></trkpt>
      <trkpt lat="41.722785998136" lon="24.14043802768"></trkpt>
      <trkpt lat="41.722965035588" lon="24.140108032152"></trkpt>
      <trkpt lat="41.72305396758" lon="24.140009963885"></trkpt>
      <trkpt lat="41.72325999476" lon="24.139866968617"></trkpt>
      <trkpt lat="41.723516983911" lon="24.139764960855"></trkpt>
      <trkpt lat="41.723678000271" lon="24.139740988612"></trkpt>
      <trkpt lat="41.723857959732" lon="24.139669993892"></trkpt>
      <trkpt lat="41.724223997444" lon="24.139133971184"></trkpt>
      <trkpt lat="41.724510993809" lon="24.138787966222"></trkpt>
      <trkpt lat="41.72481299378" lon="24.138602977619"></trkpt>
      <trkpt lat="41.725234016776" lon="24.138499964029"></trkpt>
      <trkpt lat="41.726100035012" lon="24.138401979581"></trkpt>
      <trkpt lat="41.726376973093" lon="24.138348000124"></trkpt>
      <trkpt lat="41.727498974651" lon="24.137704018503"></trkpt>
      <trkpt lat="41.728112027049" lon="24.137515006587"></trkpt>
      <trkpt lat="41.728654000908" lon="24.137655990198"></trkpt>
      <trkpt lat="41.728856004775" lon="24.137778030708"></trkpt>
      <trkpt lat="41.729216007516" lon="24.138115989044"></trkpt>
      <trkpt lat="41.72939999029" lon="24.138231994584"></trkpt>
      <trkpt lat="41.730214962736" lon="24.138403991237"></trkpt>
      <trkpt lat="41.730335997418" lon="24.138449002057"></trkpt>
      <trkpt lat="41.730430964381" lon="24.138585040346"></trkpt>
      <trkpt lat="41.730518974364" lon="24.138806993142"></trkpt>
      <trkpt lat="41.730696000159" lon="24.139575026929"></trkpt>
      <trkpt lat="41.730904961005" lon="24.140189001337"></trkpt>
      <trkpt lat="41.731091039255" lon="24.140470968559"></trkpt>
      <trkpt lat="41.731492029503" lon="24.140956029296"></trkpt>
      <trkpt lat="41.731652040035" lon="24.141260040924"></trkpt>
      <trkpt lat="41.731625972316" lon="24.141601016745"></trkpt>
      <trkpt lat="41.731672994792" lon="24.142073001713"></trkpt>
      <trkpt lat="41.731885978952" lon="24.142482960597"></trkpt>
      <trkpt lat="41.732163000852" lon="24.142593014985"></trkpt>
      <trkpt lat="41.732753003016" lon="24.14264800027"></trkpt>
      <trkpt lat="41.733546014875" lon="24.142694016919"></trkpt>
      <trkpt lat="41.733823958784" lon="24.142857966945"></trkpt>
      <trkpt lat="41.734143979847" lon="24.143060976639"></trkpt>
      <trkpt lat="41.73458696343" lon="24.143503038213"></trkpt>
      <trkpt lat="41.73470296897" lon="24.143653996289"></trkpt>
      <trkpt lat="41.734845964238" lon="24.144146014005"></trkpt>
      <trkpt lat="41.734927017242" lon="24.144315999001"></trkpt>
      <trkpt lat="41.734988959506" lon="24.144378025085"></trkpt>
      <trkpt lat="41.73509599641" lon="24.144405014813"></trkpt>
      <trkpt lat="41.735363965854" lon="24.144386993721"></trkpt>
      <trkpt lat="41.735613998026" lon="24.144315999001"></trkpt>
      <trkpt lat="41.736065028235" lon="24.144048029557"></trkpt>
      <trkpt lat="41.736371973529" lon="24.143933029845"></trkpt>
      <trkpt lat="41.736527038738" lon="24.144027996808"></trkpt>
      <trkpt lat="41.736886035651" lon="24.144378025085"></trkpt>
      <trkpt lat="41.737014027312" lon="24.144615987316"></trkpt>
      <trkpt lat="41.737154005095" lon="24.145342027768"></trkpt>
      <trkpt lat="41.737359026447" lon="24.145658025518"></trkpt>
      <trkpt lat="41.737532028928" lon="24.145853994414"></trkpt>
      <trkpt lat="41.738032009453" lon="24.145885007456"></trkpt>
      <trkpt lat="41.738629974425" lon="24.145844019949"></trkpt>
      <trkpt lat="41.739032976329" lon="24.145690966398"></trkpt>
      <trkpt lat="41.739673018456" lon="24.145618965849"></trkpt>
      <trkpt lat="41.739946017042" lon="24.145677974448"></trkpt>
      <trkpt lat="41.740459995344" lon="24.145505977795"></trkpt>
      <trkpt lat="41.741623990238" lon="24.144966015592"></trkpt>
      <trkpt lat="41.741960020736" lon="24.14500599727"></trkpt>
      <trkpt lat="41.742399986833" lon="24.14513499476"></trkpt>
      <trkpt lat="41.74266602844" lon="24.145339010283"></trkpt>
      <trkpt lat="41.74337496981" lon="24.146239981055"></trkpt>
      <trkpt lat="41.743732960895" lon="24.146485989913"></trkpt>
      <trkpt lat="41.744500994682" lon="24.146974990144"></trkpt>
      <trkpt lat="41.744552040473" lon="24.147190991789"></trkpt>
      <trkpt lat="41.744693024084" lon="24.148331014439"></trkpt>
      <trkpt lat="41.744671985507" lon="24.148551961407"></trkpt>
      <trkpt lat="41.744576012716" lon="24.148795958608"></trkpt>
      <trkpt lat="41.744470987469" lon="24.148944988847"></trkpt>
      <trkpt lat="41.744139986113" lon="24.149231985211"></trkpt>
      <trkpt lat="41.743950974196" lon="24.14932301268"></trkpt>
      <trkpt lat="41.743622990325" lon="24.149372968823"></trkpt>
      <trkpt lat="41.743473038077" lon="24.149458967149"></trkpt>
      <trkpt lat="41.743372958153" lon="24.149836990982"></trkpt>
      <trkpt lat="41.743272962049" lon="24.150587003678"></trkpt>
      <trkpt lat="41.743158968166" lon="24.150728993118"></trkpt>
      <trkpt lat="41.742874989286" lon="24.150964021683"></trkpt>
      <trkpt lat="41.742794020101" lon="24.151083966717"></trkpt>
      <trkpt lat="41.74262101762" lon="24.151374986395"></trkpt>
      <trkpt lat="41.74220200628" lon="24.152377964929"></trkpt>
      <trkpt lat="41.742116007954" lon="24.152428004891"></trkpt>
      <trkpt lat="41.741766985506" lon="24.15255700238"></trkpt>
      <trkpt lat="41.741173965856" lon="24.152813991532"></trkpt>
      <trkpt lat="41.740724025294" lon="24.153049020097"></trkpt>
      <trkpt lat="41.740439040586" lon="24.15329201147"></trkpt>
      <trkpt lat="41.740232007578" lon="24.153648996726"></trkpt>
      <trkpt lat="41.740110972896" lon="24.1544130072"></trkpt>
      <trkpt lat="41.73978600651" lon="24.155492009595"></trkpt>
      <trkpt lat="41.739576961845" lon="24.156152000651"></trkpt>
      <trkpt lat="41.739194998518" lon="24.156850967556"></trkpt>
      <trkpt lat="41.739168008789" lon="24.157013995573"></trkpt>
      <trkpt lat="41.73918703571" lon="24.157105023041"></trkpt>
      <trkpt lat="41.739263981581" lon="24.15723502636"></trkpt>
      <trkpt lat="41.739403037354" lon="24.157350026071"></trkpt>
      <trkpt lat="41.739514013752" lon="24.157469971105"></trkpt>
      <trkpt lat="41.739533040673" lon="24.157576002181"></trkpt>
      <trkpt lat="41.739528011531" lon="24.157782029361"></trkpt>
      <trkpt lat="41.739443019032" lon="24.158412013203"></trkpt>
      <trkpt lat="41.739452993497" lon="24.15851703845"></trkpt>
      <trkpt lat="41.739861024544" lon="24.158818032593"></trkpt>
      <trkpt lat="41.740022040904" lon="24.158989023417"></trkpt>
      <trkpt lat="41.740128993988" lon="24.15929001756"></trkpt>
      <trkpt lat="41.740214992315" lon="24.159665023908"></trkpt>
      <trkpt lat="41.740300990641" lon="24.159857975319"></trkpt>
      <trkpt lat="41.740611959249" lon="24.159955037758"></trkpt>
      <trkpt lat="41.740933991969" lon="24.160104990005"></trkpt>
      <trkpt lat="41.74106198363" lon="24.160201968625"></trkpt>
      <trkpt lat="41.74115896225" lon="24.16037295945"></trkpt>
      <trkpt lat="41.741265999153" lon="24.16056599468"></trkpt>
      <trkpt lat="41.741427015513" lon="24.160770010203"></trkpt>
      <trkpt lat="41.741533968598" lon="24.160717036575"></trkpt>
      <trkpt lat="41.741705965251" lon="24.160576974973"></trkpt>
      <trkpt lat="41.741899000481" lon="24.160576974973"></trkpt>
      <trkpt lat="41.742199994624" lon="24.160631038249"></trkpt>
      <trkpt lat="41.742875995114" lon="24.160717036575"></trkpt>
      <trkpt lat="41.743670012802" lon="24.160737991333"></trkpt>
      <trkpt lat="41.74398098141" lon="24.160674037412"></trkpt>
      <trkpt lat="41.744269989431" lon="24.160780990496"></trkpt>
      <trkpt lat="41.746019041166" lon="24.16169302538"></trkpt>
      <trkpt lat="41.746211992577" lon="24.161897040904"></trkpt>
      <trkpt lat="41.746265972033" lon="24.161971975118"></trkpt>
      <trkpt lat="41.74654500559" lon="24.162507997826"></trkpt>
      <trkpt lat="41.74670602195" lon="24.162679994479"></trkpt>
      <trkpt lat="41.747145988047" lon="24.16303396225"></trkpt>
      <trkpt lat="41.747273979709" lon="24.163205958903"></trkpt>
      <trkpt lat="41.747434996068" lon="24.163526985794"></trkpt>
      <trkpt lat="41.747510014102" lon="24.163731001318"></trkpt>
      <trkpt lat="41.747520994395" lon="24.163859998807"></trkpt>
      <trkpt lat="41.747586037964" lon="24.164514960721"></trkpt>
      <trkpt lat="41.747725009918" lon="24.165190039203"></trkpt>
      <trkpt lat="41.747854007408" lon="24.16569496505"></trkpt>
      <trkpt lat="41.747854007408" lon="24.165995037183"></trkpt>
      <trkpt lat="41.747811008245" lon="24.166178014129"></trkpt>
      <trkpt lat="41.747725009918" lon="24.166402984411"></trkpt>
      <trkpt lat="41.747725009918" lon="24.166467022151"></trkpt>
      <trkpt lat="41.747757028788" lon="24.166682017967"></trkpt>
      <trkpt lat="41.748293973505" lon="24.167347038165"></trkpt>
      <trkpt lat="41.748444009572" lon="24.167464971542"></trkpt>
      <trkpt lat="41.748734023422" lon="24.167401017621"></trkpt>
      <trkpt lat="41.74888397567" lon="24.167444016784"></trkpt>
      <trkpt lat="41.748969973996" lon="24.167562033981"></trkpt>
      <trkpt lat="41.749129984528" lon="24.167873002589"></trkpt>
      <trkpt lat="41.749226963148" lon="24.167991019785"></trkpt>
      <trkpt lat="41.749762985855" lon="24.168011974543"></trkpt>
      <trkpt lat="41.750192977488" lon="24.16822697036"></trkpt>
      <trkpt lat="41.750332033262" lon="24.16838798672"></trkpt>
      <trkpt lat="41.750492965803" lon="24.168506003916"></trkpt>
      <trkpt lat="41.750633027405" lon="24.168633995578"></trkpt>
      <trkpt lat="41.750643001869" lon="24.16890297085"></trkpt>
      <trkpt lat="41.750621963292" lon="24.169105980545"></trkpt>
      <trkpt lat="41.750610982999" lon="24.169191978872"></trkpt>
      <trkpt lat="41.750643001869" lon="24.169792961329"></trkpt>
      <trkpt lat="41.750868977979" lon="24.170566024259"></trkpt>
      <trkpt lat="41.750900996849" lon="24.170876992866"></trkpt>
      <trkpt lat="41.750675020739" lon="24.171434976161"></trkpt>
      <trkpt lat="41.750461030751" lon="24.172336030751"></trkpt>
      <trkpt lat="41.750429011881" lon="24.173086965457"></trkpt>
      <trkpt lat="41.750761019066" lon="24.174020038918"></trkpt>
      <trkpt lat="41.750890016556" lon="24.174331007525"></trkpt>
      <trkpt lat="41.750910971314" lon="24.175007008016"></trkpt>
      <trkpt lat="41.750857997686" lon="24.175383020192"></trkpt>
      <trkpt lat="41.750847017393" lon="24.17582298629"></trkpt>
      <trkpt lat="41.75099696964" lon="24.176916992292"></trkpt>
      <trkpt lat="41.751233004034" lon="24.177345978096"></trkpt>
      <trkpt lat="41.751276003197" lon="24.177603973076"></trkpt>
      <trkpt lat="41.751243984327" lon="24.177817963064"></trkpt>
      <trkpt lat="41.750814998522" lon="24.178440989926"></trkpt>
      <trkpt lat="41.750438986346" lon="24.178858995438"></trkpt>
      <trkpt lat="41.750375032425" lon="24.179020011798"></trkpt>
      <trkpt lat="41.750375032425" lon="24.179106010124"></trkpt>
      <trkpt lat="41.750515010208" lon="24.179362999275"></trkpt>
      <trkpt lat="41.750547029078" lon="24.179513035342"></trkpt>
      <trkpt lat="41.750504029915" lon="24.179782010615"></trkpt>
      <trkpt lat="41.749934982508" lon="24.181326963007"></trkpt>
      <trkpt lat="41.749988961965" lon="24.181552017108"></trkpt>
      <trkpt lat="41.750063979998" lon="24.181681014597"></trkpt>
      <trkpt lat="41.750375032425" lon="24.182260036469"></trkpt>
      <trkpt lat="41.750429011881" lon="24.18245298788"></trkpt>
      <trkpt lat="41.750524984673" lon="24.183268966153"></trkpt>
      <trkpt lat="41.750515010208" lon="24.183408021927"></trkpt>
      <trkpt lat="41.750395987183" lon="24.18374103494"></trkpt>
      <trkpt lat="41.750257015228" lon="24.183976985514"></trkpt>
      <trkpt lat="41.750224996358" lon="24.184116041288"></trkpt>
      <trkpt lat="41.750235976651" lon="24.184470009059"></trkpt>
      <trkpt lat="41.750375032425" lon="24.184705959633"></trkpt>
      <trkpt lat="41.750515010208" lon="24.184812996536"></trkpt>
      <trkpt lat="41.750718019903" lon="24.184941994026"></trkpt>
      <trkpt lat="41.750986995175" lon="24.185007037595"></trkpt>
      <trkpt lat="41.751157986" lon="24.185146009549"></trkpt>
      <trkpt lat="41.751233004034" lon="24.185327980667"></trkpt>
      <trkpt lat="41.75128698349" lon="24.185554040596"></trkpt>
      <trkpt lat="41.751340962946" lon="24.185960981995"></trkpt>
      <trkpt lat="41.75135102123" lon="24.186369013041"></trkpt>
      <trkpt lat="41.75141598098" lon="24.186873016879"></trkpt>
      <trkpt lat="41.75148001872" lon="24.187303008512"></trkpt>
      <trkpt lat="41.751790987328" lon="24.187656976283"></trkpt>
      <trkpt lat="41.751973964274" lon="24.187796032056"></trkpt>
      <trkpt lat="41.752048982307" lon="24.188085962087"></trkpt>
      <trkpt lat="41.752048982307" lon="24.188397014514"></trkpt>
      <trkpt lat="41.751984022558" lon="24.188836980611"></trkpt>
      <trkpt lat="41.751887965947" lon="24.189125988632"></trkpt>
      <trkpt lat="41.751405000687" lon="24.18975898996"></trkpt>
      <trkpt lat="41.751071987674" lon="24.190006004646"></trkpt>
      <trkpt lat="41.751019014046" lon="24.190135002136"></trkpt>
      <trkpt lat="41.750900996849" lon="24.190586032346"></trkpt>
      <trkpt lat="41.750761019066" lon="24.190906975418"></trkpt>
      <trkpt lat="41.750729000196" lon="24.191239988431"></trkpt>
      <trkpt lat="41.750782979652" lon="24.191551040858"></trkpt>
      <trkpt lat="41.750761019066" lon="24.191668974236"></trkpt>
      <trkpt lat="41.750643001869" lon="24.191872989759"></trkpt>
      <trkpt lat="41.750438986346" lon="24.19238797389"></trkpt>
      <trkpt lat="41.750429011881" lon="24.192645968869"></trkpt>
      <trkpt lat="41.750481985509" lon="24.192891977727"></trkpt>
      <trkpt lat="41.750535964966" lon="24.193052994087"></trkpt>
      <trkpt lat="41.750664962456" lon="24.193161036819"></trkpt>
      <trkpt lat="41.750793037936" lon="24.193128012121"></trkpt>
      <trkpt lat="41.751340962946" lon="24.19271000661"></trkpt>
      <trkpt lat="41.751813031733" lon="24.192591989413"></trkpt>
      <trkpt lat="41.752489032224" lon="24.19245201163"></trkpt>
      <trkpt lat="41.752649964765" lon="24.192602969706"></trkpt>
      <trkpt lat="41.752875018865" lon="24.192816959694"></trkpt>
      <trkpt lat="41.753372987732" lon="24.193509975448"></trkpt>
      <trkpt lat="41.753616984934" lon="24.193813987076"></trkpt>
      <trkpt lat="41.753884032369" lon="24.194016996771"></trkpt>
      <trkpt lat="41.754297008738" lon="24.194098971784"></trkpt>
      <trkpt lat="41.754416031763" lon="24.194188993424"></trkpt>
      <trkpt lat="41.754460958764" lon="24.194318996742"></trkpt>
      <trkpt lat="41.754427012056" lon="24.194451011717"></trkpt>
      <trkpt lat="41.754314024001" lon="24.194593001157"></trkpt>
      <trkpt lat="41.754195000976" lon="24.194696014747"></trkpt>
      <trkpt lat="41.753585971892" lon="24.194941017777"></trkpt>
      <trkpt lat="41.753299981356" lon="24.195181997493"></trkpt>
      <trkpt lat="41.753137037158" lon="24.195199012756"></trkpt>
      <trkpt lat="41.753132008016" lon="24.195219967514"></trkpt>
      <trkpt lat="41.753099989146" lon="24.195414008573"></trkpt>
      <trkpt lat="41.753132008016" lon="24.195638978854"></trkpt>
      <trkpt lat="41.753454040736" lon="24.196122027934"></trkpt>
      <trkpt lat="41.753603992984" lon="24.196325959638"></trkpt>
      <trkpt lat="41.753700971603" lon="24.196422016248"></trkpt>
      <trkpt lat="41.75378696993" lon="24.196422016248"></trkpt>
      <trkpt lat="41.754204975441" lon="24.196099983528"></trkpt>
      <trkpt lat="41.754355011508" lon="24.196090009063"></trkpt>
      <trkpt lat="41.754451990128" lon="24.196185981855"></trkpt>
      <trkpt lat="41.754473028705" lon="24.196293018758"></trkpt>
      <trkpt lat="41.754451990128" lon="24.196540033445"></trkpt>
      <trkpt lat="41.754408990964" lon="24.196798028424"></trkpt>
      <trkpt lat="41.754398010671" lon="24.197130035609"></trkpt>
      <trkpt lat="41.754376972094" lon="24.19732298702"></trkpt>
      <trkpt lat="41.75427001901" lon="24.197494983673"></trkpt>
      <trkpt lat="41.753755034879" lon="24.197817016393"></trkpt>
      <trkpt lat="41.753637017682" lon="24.197998987511"></trkpt>
      <trkpt lat="41.753422021866" lon="24.19845001772"></trkpt>
      <trkpt lat="41.753336023539" lon="24.198782024905"></trkpt>
      <trkpt lat="41.753110969439" lon="24.199060974643"></trkpt>
      <trkpt lat="41.753110969439" lon="24.199212016538"></trkpt>
      <trkpt lat="41.752821039408" lon="24.19982297346"></trkpt>
      <trkpt lat="41.752714002505" lon="24.200155986473"></trkpt>
      <trkpt lat="41.752606965601" lon="24.200584972277"></trkpt>
      <trkpt lat="41.752574024722" lon="24.200778007507"></trkpt>
      <trkpt lat="41.752585005015" lon="24.201057041064"></trkpt>
      <trkpt lat="41.7526919581" lon="24.201282011345"></trkpt>
      <trkpt lat="41.752735041082" lon="24.201431963593"></trkpt>
      <trkpt lat="41.752800000831" lon="24.201549980789"></trkpt>
      <trkpt lat="41.753904987127" lon="24.202815983444"></trkpt>
      <trkpt lat="41.754055023193" lon="24.202858982608"></trkpt>
      <trkpt lat="41.755021037534" lon="24.20277399011"></trkpt>
      <trkpt lat="41.755074011162" lon="24.202783964574"></trkpt>
      <trkpt lat="41.75522396341" lon="24.20280600898"></trkpt>
      <trkpt lat="41.755299987271" lon="24.202869962901"></trkpt>
      <trkpt lat="41.755364025012" lon="24.203030979261"></trkpt>
      <trkpt lat="41.755395960063" lon="24.203695999458"></trkpt>
      <trkpt lat="41.754505969584" lon="24.205627022311"></trkpt>
      <trkpt lat="41.75427001901" lon="24.206292964518"></trkpt>
      <trkpt lat="41.754193995148" lon="24.206775007769"></trkpt>
      <trkpt lat="41.75417304039" lon="24.207590986043"></trkpt>
      <trkpt lat="41.754333972931" lon="24.209317993373"></trkpt>
      <trkpt lat="41.754313018173" lon="24.209542963654"></trkpt>
      <trkpt lat="41.753990985453" lon="24.210036993027"></trkpt>
      <trkpt lat="41.75368999131" lon="24.210594976321"></trkpt>
      <trkpt lat="41.75352897495" lon="24.211046006531"></trkpt>
      <trkpt lat="41.753110969439" lon="24.211699962616"></trkpt>
      <trkpt lat="41.752950036898" lon="24.212064994499"></trkpt>
      <trkpt lat="41.752927992493" lon="24.212226010859"></trkpt>
      <trkpt lat="41.752961017191" lon="24.212430026382"></trkpt>
      <trkpt lat="41.753067970276" lon="24.212654996663"></trkpt>
      <trkpt lat="41.753743970767" lon="24.213094962761"></trkpt>
      <trkpt lat="41.753872968256" lon="24.213266037405"></trkpt>
      <trkpt lat="41.75388302654" lon="24.213426969945"></trkpt>
      <trkpt lat="41.753798034042" lon="24.213910019025"></trkpt>
      <trkpt lat="41.753840027377" lon="24.214157033712"></trkpt>
      <trkpt lat="41.753957960755" lon="24.214446963742"></trkpt>
      <trkpt lat="41.75414102152" lon="24.214682998136"></trkpt>
      <trkpt lat="41.754473028705" lon="24.21482197009"></trkpt>
      <trkpt lat="41.75538497977" lon="24.215121958405"></trkpt>
      <trkpt lat="41.755642974749" lon="24.215058004484"></trkpt>
      <trkpt lat="41.755846990272" lon="24.215036965907"></trkpt>
      <trkpt lat="41.756008006632" lon="24.215090023354"></trkpt>
      <trkpt lat="41.75615795888" lon="24.21520804055"></trkpt>
      <trkpt lat="41.75622199662" lon="24.215562008321"></trkpt>
      <trkpt lat="41.756146978587" lon="24.215669967234"></trkpt>
      <trkpt lat="41.755965007469" lon="24.215820003301"></trkpt>
      <trkpt lat="41.755697038025" lon="24.215981019661"></trkpt>
      <trkpt lat="41.755654038861" lon="24.216152010486"></trkpt>
      <trkpt lat="41.755707012489" lon="24.216399025172"></trkpt>
      <trkpt lat="41.755856964737" lon="24.216775037348"></trkpt>
      <trkpt lat="41.756232976913" lon="24.217310976237"></trkpt>
      <trkpt lat="41.756598008797" lon="24.217739962041"></trkpt>
      <trkpt lat="41.756940996274" lon="24.217932997271"></trkpt>
      <trkpt lat="41.757724033669" lon="24.218190992251"></trkpt>
      <trkpt lat="41.757853031158" lon="24.218180011958"></trkpt>
      <trkpt lat="41.757993008941" lon="24.21812703833"></trkpt>
      <trkpt lat="41.758378995582" lon="24.218072975054"></trkpt>
      <trkpt lat="41.75859298557" lon="24.218104993924"></trkpt>
      <trkpt lat="41.7587860208" lon="24.218201972544"></trkpt>
      <trkpt lat="41.758872019127" lon="24.218309009448"></trkpt>
      <trkpt lat="41.75891501829" lon="24.218942010775"></trkpt>
      <trkpt lat="41.759064970538" lon="24.219950018451"></trkpt>
      <trkpt lat="41.75907603465" lon="24.220380010083"></trkpt>
      <trkpt lat="41.75904401578" lon="24.220594000071"></trkpt>
      <trkpt lat="41.758872019127" lon="24.220830034465"></trkpt>
      <trkpt lat="41.758540011942" lon="24.221174027771"></trkpt>
      <trkpt lat="41.758325016126" lon="24.22161298804"></trkpt>
      <trkpt lat="41.757950009778" lon="24.222460985184"></trkpt>
      <trkpt lat="41.75791698508" lon="24.222675981"></trkpt>
      <trkpt lat="41.757982028648" lon="24.222944034263"></trkpt>
      <trkpt lat="41.758292997256" lon="24.223426999524"></trkpt>
      <trkpt lat="41.758325016126" lon="24.223597990349"></trkpt>
      <trkpt lat="41.758292997256" lon="24.223769987002"></trkpt>
      <trkpt lat="41.758121000603" lon="24.224263010547"></trkpt>
      <trkpt lat="41.758035002276" lon="24.224714040756"></trkpt>
      <trkpt lat="41.758035002276" lon="24.225315023214"></trkpt>
      <trkpt lat="41.758163999766" lon="24.225722970441"></trkpt>
      <trkpt lat="41.758185960352" lon="24.228028999642"></trkpt>
      <trkpt lat="41.758357034996" lon="24.228394031525"></trkpt>
      <trkpt lat="41.75859298557" lon="24.228705000132"></trkpt>
      <trkpt lat="41.75897997804" lon="24.229005994275"></trkpt>
      <trkpt lat="41.759182987735" lon="24.229199029505"></trkpt>
      <trkpt lat="41.759279966354" lon="24.229402961209"></trkpt>
      <trkpt lat="41.759505020455" lon="24.230604004115"></trkpt>
      <trkpt lat="41.759666036814" lon="24.231719970703"></trkpt>
      <trkpt lat="41.759815989062" lon="24.232042003423"></trkpt>
      <trkpt lat="41.759987985715" lon="24.232180975378"></trkpt>
      <trkpt lat="41.760110026225" lon="24.232254987583"></trkpt>
      <trkpt lat="41.760380007327" lon="24.232243001461"></trkpt>
      <trkpt lat="41.760697010905" lon="24.232254987583"></trkpt>
      <trkpt lat="41.760846041143" lon="24.232362024486"></trkpt>
      <trkpt lat="41.760881999508" lon="24.232571991161"></trkpt>
      <trkpt lat="41.760797007009" lon="24.232979016379"></trkpt>
      <trkpt lat="41.760504981503" lon="24.233469022438"></trkpt>
      <trkpt lat="41.760380007327" lon="24.233799017966"></trkpt>
      <trkpt lat="41.760380007327" lon="24.234025999904"></trkpt>
      <trkpt lat="41.760469023138" lon="24.234391031787"></trkpt>
      <trkpt lat="41.760583017021" lon="24.234559005126"></trkpt>
      <trkpt lat="41.760648982599" lon="24.234797973186"></trkpt>
      <trkpt lat="41.760588968173" lon="24.234924037009"></trkpt>
      <trkpt lat="41.760194012895" lon="24.235198963434"></trkpt>
      <trkpt lat="41.760157970712" lon="24.235354028642"></trkpt>
      <trkpt lat="41.76022997126" lon="24.23541395925"></trkpt>
      <trkpt lat="41.760314041749" lon="24.235443966463"></trkpt>
      <trkpt lat="41.760492995381" lon="24.23541395925"></trkpt>
      <trkpt lat="41.760972021148" lon="24.235253026709"></trkpt>
      <trkpt lat="41.761289024726" lon="24.234899980947"></trkpt>
      <trkpt lat="41.761391032487" lon="24.234869973734"></trkpt>
      <trkpt lat="41.761611979455" lon="24.234965024516"></trkpt>
      <trkpt lat="41.762450002134" lon="24.235401973128"></trkpt>
      <trkpt lat="41.763610979542" lon="24.235917041078"></trkpt>
      <trkpt lat="41.763904010877" lon="24.236018965021"></trkpt>
      <trkpt lat="41.764120012522" lon="24.236073028296"></trkpt>
      <trkpt lat="41.76434699446" lon="24.236048972234"></trkpt>
      <trkpt lat="41.764652011916" lon="24.235820984468"></trkpt>
      <trkpt lat="41.764856027439" lon="24.235832970589"></trkpt>
      <trkpt lat="41.765256011859" lon="24.236160032451"></trkpt>
      <trkpt lat="41.766151031479" lon="24.236677028239"></trkpt>
      <trkpt lat="41.766527965665" lon="24.236848019063"></trkpt>
      <trkpt lat="41.766742039472" lon="24.236848019063"></trkpt>
      <trkpt lat="41.766927028075" lon="24.236797979102"></trkpt>
      <trkpt lat="41.767261968926" lon="24.236534032971"></trkpt>
      <trkpt lat="41.767739988863" lon="24.236205965281"></trkpt>
      <trkpt lat="41.768109966069" lon="24.236042015254"></trkpt>
      <trkpt lat="41.768630985171" lon="24.235749989748"></trkpt>
      <trkpt lat="41.769258035347" lon="24.235166022554"></trkpt>
      <trkpt lat="41.76984895952" lon="24.234774000943"></trkpt>
      <trkpt lat="41.770155988634" lon="24.234595969319"></trkpt>
      <trkpt lat="41.77029998973" lon="24.234592029825"></trkpt>
      <trkpt lat="41.77050601691" lon="24.234852036461"></trkpt>
      <trkpt lat="41.771037010476" lon="24.235615041107"></trkpt>
      <trkpt lat="41.77129198797" lon="24.236017037183"></trkpt>
      <trkpt lat="41.772143002599" lon="24.237266024575"></trkpt>
      <trkpt lat="41.772163035348" lon="24.237467022613"></trkpt>
      <trkpt lat="41.772163035348" lon="24.237654022872"></trkpt>
      <trkpt lat="41.772101009265" lon="24.237792994827"></trkpt>
      <trkpt lat="41.771976035088" lon="24.237987035885"></trkpt>
      <trkpt lat="41.770951012149" lon="24.238880965859"></trkpt>
      <trkpt lat="41.77049998194" lon="24.239338031039"></trkpt>
      <trkpt lat="41.770430998877" lon="24.239491000772"></trkpt>
      <trkpt lat="41.770507022738" lon="24.240640997887"></trkpt>
      <trkpt lat="41.770769963041" lon="24.241299983114"></trkpt>
      <trkpt lat="41.770714977756" lon="24.241951005533"></trkpt>
      <trkpt lat="41.770714977756" lon="24.242318971083"></trkpt>
      <trkpt lat="41.770859984681" lon="24.242664976045"></trkpt>
      <trkpt lat="41.77104103379" lon="24.242921965197"></trkpt>
      <trkpt lat="41.771325012669" lon="24.243136039004"></trkpt>
      <trkpt lat="41.77187201567" lon="24.243399985135"></trkpt>
      <trkpt lat="41.772018028423" lon="24.243524959311"></trkpt>
      <trkpt lat="41.772129004821" lon="24.243669966236"></trkpt>
      <trkpt lat="41.772649018094" lon="24.244744023308"></trkpt>
      <trkpt lat="41.772739039734" lon="24.244862040505"></trkpt>
      <trkpt lat="41.772869965062" lon="24.24490403384"></trkpt>
      <trkpt lat="41.773314038292" lon="24.244965976104"></trkpt>
      <trkpt lat="41.773521993309" lon="24.245028002188"></trkpt>
      <trkpt lat="41.773730032146" lon="24.245160017163"></trkpt>
      <trkpt lat="41.774408966303" lon="24.245801987126"></trkpt>
      <trkpt lat="41.774810962379" lon="24.246124019846"></trkpt>
      <trkpt lat="41.774997962639" lon="24.246220998466"></trkpt>
      <trkpt lat="41.775192003697" lon="24.246228039265"></trkpt>
      <trkpt lat="41.775379003957" lon="24.246193002909"></trkpt>
      <trkpt lat="41.775553012267" lon="24.245964009315"></trkpt>
      <trkpt lat="41.775746969506" lon="24.245624961331"></trkpt>
      <trkpt lat="41.775850988925" lon="24.245540974662"></trkpt>
      <trkpt lat="41.776165980846" lon="24.245373001322"></trkpt>
      <trkpt lat="41.776453983039" lon="24.245264036581"></trkpt>
      <trkpt lat="41.776556996629" lon="24.245292032138"></trkpt>
      <trkpt lat="41.776564037427" lon="24.245443996042"></trkpt>
      <trkpt lat="41.776494970545" lon="24.245604006574"></trkpt>
      <trkpt lat="41.776114013046" lon="24.246102981269"></trkpt>
      <trkpt lat="41.776017034426" lon="24.246407998726"></trkpt>
      <trkpt lat="41.776023991406" lon="24.246774958447"></trkpt>
      <trkpt lat="41.776128010824" lon="24.247024990618"></trkpt>
      <trkpt lat="41.776453983039" lon="24.247274016961"></trkpt>
      <trkpt lat="41.776460018009" lon="24.247406031936"></trkpt>
      <trkpt lat="41.776425987482" lon="24.247593032196"></trkpt>
      <trkpt lat="41.775844031945" lon="24.248132994398"></trkpt>
      <trkpt lat="41.775475982577" lon="24.248542031273"></trkpt>
      <trkpt lat="41.775282025337" lon="24.248639009893"></trkpt>
      <trkpt lat="41.774824960157" lon="24.248826010153"></trkpt>
      <trkpt lat="41.774735022336" lon="24.249006975442"></trkpt>
      <trkpt lat="41.774713983759" lon="24.249793030322"></trkpt>
      <trkpt lat="41.774950018153" lon="24.250025041401"></trkpt>
      <trkpt lat="41.775379003957" lon="24.250296028331"></trkpt>
      <trkpt lat="41.77553197369" lon="24.250455033034"></trkpt>
      <trkpt lat="41.775601040572" lon="24.250662988052"></trkpt>
      <trkpt lat="41.775601040572" lon="24.250885024667"></trkpt>
      <trkpt lat="41.775503978133" lon="24.251058027148"></trkpt>
      <trkpt lat="41.774894027039" lon="24.251633025706"></trkpt>
      <trkpt lat="41.774436961859" lon="24.252124959603"></trkpt>
      <trkpt lat="41.774297989905" lon="24.252374991775"></trkpt>
      <trkpt lat="41.774207968265" lon="24.252652013674"></trkpt>
      <trkpt lat="41.774062039331" lon="24.252845970914"></trkpt>
      <trkpt lat="41.773439012468" lon="24.253401020542"></trkpt>
      <trkpt lat="41.77259998396" lon="24.254655037075"></trkpt>
      <trkpt lat="41.772169992328" lon="24.25561199896"></trkpt>
      <trkpt lat="41.771942004561" lon="24.255922967568"></trkpt>
      <trkpt lat="41.771837985143" lon="24.256096975878"></trkpt>
      <trkpt lat="41.771733965725" lon="24.256484974176"></trkpt>
      <trkpt lat="41.771719967946" lon="24.257143037394"></trkpt>
      <trkpt lat="41.771733965725" lon="24.257551990449"></trkpt>
      <trkpt lat="41.771671017632" lon="24.257802022621"></trkpt>
      <trkpt lat="41.77149198018" lon="24.258068986237"></trkpt>
      <trkpt lat="41.771124014631" lon="24.25846000202"></trkpt>
      <trkpt lat="41.770736016333" lon="24.258938021958"></trkpt>
      <trkpt lat="41.770617999136" lon="24.25918797031"></trkpt>
      <trkpt lat="41.770604001358" lon="24.259943012148"></trkpt>
      <trkpt lat="41.77049998194" lon="24.260206958279"></trkpt>
      <trkpt lat="41.770230000839" lon="24.260560004041"></trkpt>
      <trkpt lat="41.770036965609" lon="24.260889999568"></trkpt>
      <trkpt lat="41.769965970889" lon="24.261259976774"></trkpt>
      <trkpt lat="41.768899038434" lon="24.263235004619"></trkpt>
      <trkpt lat="41.768629979342" lon="24.263557959348"></trkpt>
      <trkpt lat="41.768385982141" lon="24.263747977093"></trkpt>
      <trkpt lat="41.768151037395" lon="24.263775972649"></trkpt>
      <trkpt lat="41.767942998558" lon="24.263664996251"></trkpt>
      <trkpt lat="41.767772007734" lon="24.263467015699"></trkpt>
      <trkpt lat="41.767441006377" lon="24.263245984912"></trkpt>
      <trkpt lat="41.767225004733" lon="24.263169039041"></trkpt>
      <trkpt lat="41.766847986728" lon="24.263208014891"></trkpt>
      <trkpt lat="41.766355969012" lon="24.263284038752"></trkpt>
      <trkpt lat="41.765877027065" lon="24.263194017112"></trkpt>
      <trkpt lat="41.764870025218" lon="24.262701999396"></trkpt>
      <trkpt lat="41.764596020803" lon="24.262605020776"></trkpt>
      <trkpt lat="41.764505999163" lon="24.26259001717"></trkpt>
      <trkpt lat="41.764213973656" lon="24.262624969706"></trkpt>
      <trkpt lat="41.763756992295" lon="24.262806018814"></trkpt>
      <trkpt lat="41.763618020341" lon="24.262806018814"></trkpt>
      <trkpt lat="41.763464966789" lon="24.262770982459"></trkpt>
      <trkpt lat="41.763375028968" lon="24.262680960819"></trkpt>
      <trkpt lat="41.763362037018" lon="24.262320036069"></trkpt>
      <trkpt lat="41.763451974839" lon="24.261946035549"></trkpt>
      <trkpt lat="41.763459015638" lon="24.261510008946"></trkpt>
      <trkpt lat="41.763409981504" lon="24.261454017833"></trkpt>
      <trkpt lat="41.763340998441" lon="24.261432979256"></trkpt>
      <trkpt lat="41.763277966529" lon="24.261474972591"></trkpt>
      <trkpt lat="41.763194985688" lon="24.261592989787"></trkpt>
      <trkpt lat="41.763035980985" lon="24.261960033327"></trkpt>
      <trkpt lat="41.762875970453" lon="24.262437969446"></trkpt>
      <trkpt lat="41.762842023745" lon="24.26331798546"></trkpt>
      <trkpt lat="41.762668015435" lon="24.263851996511"></trkpt>
      <trkpt lat="41.76216904074" lon="24.264732012525"></trkpt>
      <trkpt lat="41.761739971116" lon="24.265224030241"></trkpt>
      <trkpt lat="41.761468984187" lon="24.265715964139"></trkpt>
      <trkpt lat="41.760769011453" lon="24.266783986241"></trkpt>
      <trkpt lat="41.760692987591" lon="24.267123034224"></trkpt>
      <trkpt lat="41.760401967913" lon="24.267933983356"></trkpt>
      <trkpt lat="41.76023600623" lon="24.268606966361"></trkpt>
      <trkpt lat="41.760075995699" lon="24.268855992705"></trkpt>
      <trkpt lat="41.759765027091" lon="24.269042992964"></trkpt>
      <trkpt lat="41.759522035718" lon="24.269139971584"></trkpt>
      <trkpt lat="41.75932799466" lon="24.269111976027"></trkpt>
      <trkpt lat="41.758988024667" lon="24.269106024876"></trkpt>
      <trkpt lat="41.758620981127" lon="24.269195962697"></trkpt>
      <trkpt lat="41.758198030293" lon="24.2693549674"></trkpt>
      <trkpt lat="41.757595036179" lon="24.269659984857"></trkpt>
      <trkpt lat="41.756908977404" lon="24.269778002053"></trkpt>
      <trkpt lat="41.756597002968" lon="24.269882021472"></trkpt>
      <trkpt lat="41.756313024089" lon="24.270061980933"></trkpt>
      <trkpt lat="41.756112026051" lon="24.270103974268"></trkpt>
      <trkpt lat="41.755994008854" lon="24.270097017288"></trkpt>
      <trkpt lat="41.755855958909" lon="24.26998604089"></trkpt>
      <trkpt lat="41.755606010556" lon="24.269687980413"></trkpt>
      <trkpt lat="41.755453962833" lon="24.269382962957"></trkpt>
      <trkpt lat="41.755425967276" lon="24.26853697747"></trkpt>
      <trkpt lat="41.75529403612" lon="24.268418960273"></trkpt>
      <trkpt lat="41.755149029195" lon="24.26834997721"></trkpt>
      <trkpt lat="41.754995975643" lon="24.268246041611"></trkpt>
      <trkpt lat="41.75483697094" lon="24.267810015008"></trkpt>
      <trkpt lat="41.754489960149" lon="24.266568990424"></trkpt>
      <trkpt lat="41.754524996504" lon="24.26568897441"></trkpt>
      <trkpt lat="41.75464997068" lon="24.265327965841"></trkpt>
      <trkpt lat="41.754906037822" lon="24.265037029982"></trkpt>
      <trkpt lat="41.755079040304" lon="24.264884982258"></trkpt>
      <trkpt lat="41.755238967016" lon="24.264523973688"></trkpt>
      <trkpt lat="41.755360001698" lon="24.263803968206"></trkpt>
      <trkpt lat="41.755382968113" lon="24.263359978795"></trkpt>
      <trkpt lat="41.75531398505" lon="24.263168033212"></trkpt>
      <trkpt lat="41.755180964246" lon="24.263080023229"></trkpt>
      <trkpt lat="41.755077028647" lon="24.263136014342"></trkpt>
      <trkpt lat="41.755032017827" lon="24.263192005455"></trkpt>
      <trkpt lat="41.754949036986" lon="24.26323399879"></trkpt>
      <trkpt lat="41.754879970104" lon="24.263252019882"></trkpt>
      <trkpt lat="41.754131969064" lon="24.263172978535"></trkpt>
      <trkpt lat="41.75372201018" lon="24.263777984306"></trkpt>
      <trkpt lat="41.753324959427" lon="24.264292968437"></trkpt>
      <trkpt lat="41.753165032715" lon="24.264420960099"></trkpt>
      <trkpt lat="41.752789020538" lon="24.264271007851"></trkpt>
      <trkpt lat="41.752499006689" lon="24.264228008687"></trkpt>
      <trkpt lat="41.752371015027" lon="24.264486003667"></trkpt>
      <trkpt lat="41.752466987818" lon="24.264936028048"></trkpt>
      <trkpt lat="41.75241401419" lon="24.265451012179"></trkpt>
      <trkpt lat="41.752520967275" lon="24.265858959407"></trkpt>
      <trkpt lat="41.752735041082" lon="24.266448961571"></trkpt>
      <trkpt lat="41.752724982798" lon="24.266942990944"></trkpt>
      <trkpt lat="41.752305971459" lon="24.268059041351"></trkpt>
      <trkpt lat="41.752113020048" lon="24.268208993599"></trkpt>
      <trkpt lat="41.751823006198" lon="24.268273031339"></trkpt>
      <trkpt lat="41.751405000687" lon="24.268261967227"></trkpt>
      <trkpt lat="41.75112596713" lon="24.268165994436"></trkpt>
      <trkpt lat="41.750771999359" lon="24.268004978076"></trkpt>
      <trkpt lat="41.750524984673" lon="24.268004978076"></trkpt>
      <trkpt lat="41.750332033262" lon="24.268069015816"></trkpt>
      <trkpt lat="41.750085018575" lon="24.268445027992"></trkpt>
      <trkpt lat="41.749699031934" lon="24.269484970719"></trkpt>
      <trkpt lat="41.749334000051" lon="24.269797028974"></trkpt>
      <trkpt lat="41.749034011737" lon="24.269903982058"></trkpt>
      <trkpt lat="41.74875497818" lon="24.270043037832"></trkpt>
      <trkpt lat="41.748519027606" lon="24.270129036158"></trkpt>
      <trkpt lat="41.748250974342" lon="24.270129036158"></trkpt>
      <trkpt lat="41.747606992722" lon="24.269828964025"></trkpt>
      <trkpt lat="41.747307004407" lon="24.269613968208"></trkpt>
      <trkpt lat="41.747059989721" lon="24.269367037341"></trkpt>
      <trkpt lat="41.746855974197" lon="24.269131002948"></trkpt>
      <trkpt lat="41.746640978381" lon="24.268370009959"></trkpt>
      <trkpt lat="41.746597979218" lon="24.268284011632"></trkpt>
      <trkpt lat="41.746469987556" lon="24.268261967227"></trkpt>
      <trkpt lat="41.74635197036" lon="24.268347965553"></trkpt>
      <trkpt lat="41.74628701061" lon="24.268605960533"></trkpt>
      <trkpt lat="41.746277036145" lon="24.268863033503"></trkpt>
      <trkpt lat="41.745793987066" lon="24.269893001765"></trkpt>
      <trkpt lat="41.744698975235" lon="24.270193995908"></trkpt>
      <trkpt lat="41.744484985247" lon="24.270278988406"></trkpt>
      <trkpt lat="41.744345007464" lon="24.270418966189"></trkpt>
      <trkpt lat="41.744249034673" lon="24.270687019452"></trkpt>
      <trkpt lat="41.744194971398" lon="24.271008968353"></trkpt>
      <trkpt lat="41.744237970561" lon="24.272243035957"></trkpt>
      <trkpt lat="41.744194971398" lon="24.272617958486"></trkpt>
      <trkpt lat="41.744120037183" lon="24.272790038958"></trkpt>
      <trkpt lat="41.743745030835" lon="24.273176025599"></trkpt>
      <trkpt lat="41.743679987267" lon="24.273305023089"></trkpt>
      <trkpt lat="41.743679987267" lon="24.273520018905"></trkpt>
      <trkpt lat="41.743808984756" lon="24.27382000722"></trkpt>
      <trkpt lat="41.743873022497" lon="24.274153020233"></trkpt>
      <trkpt lat="41.743830023333" lon="24.274356029928"></trkpt>
      <trkpt lat="41.743647968397" lon="24.274720977992"></trkpt>
      <trkpt lat="41.743508996442" lon="24.274924993515"></trkpt>
      <trkpt lat="41.743326019496" lon="24.275428997353"></trkpt>
      <trkpt lat="41.743143964559" lon="24.276052024215"></trkpt>
      <trkpt lat="41.743026031181" lon="24.27631999366"></trkpt>
      <trkpt lat="41.742842970416" lon="24.27651302889"></trkpt>
      <trkpt lat="41.742327986285" lon="24.276748979464"></trkpt>
      <trkpt lat="41.741877961904" lon="24.277166984975"></trkpt>
      <trkpt lat="41.741834962741" lon="24.277275027707"></trkpt>
      <trkpt lat="41.741846026853" lon="24.277381980792"></trkpt>
      <trkpt lat="41.741941999644" lon="24.277424979955"></trkpt>
      <trkpt lat="41.742006959394" lon="24.277424979955"></trkpt>
      <trkpt lat="41.742081977427" lon="24.277349961922"></trkpt>
      <trkpt lat="41.742264032364" lon="24.277017032728"></trkpt>
      <trkpt lat="41.742575000972" lon="24.276866996661"></trkpt>
      <trkpt lat="41.743057966232" lon="24.276716960594"></trkpt>
      <trkpt lat="41.743283020332" lon="24.276630962268"></trkpt>
      <trkpt lat="41.743412017822" lon="24.276609001681"></trkpt>
      <trkpt lat="41.743584014475" lon="24.276630962268"></trkpt>
      <trkpt lat="41.743745030835" lon="24.276813017204"></trkpt>
      <trkpt lat="41.743808984756" lon="24.277200009674"></trkpt>
      <trkpt lat="41.743894983083" lon="24.277521036565"></trkpt>
      <trkpt lat="41.74394804053" lon="24.277875004336"></trkpt>
      <trkpt lat="41.74381996505" lon="24.27875502035"></trkpt>
      <trkpt lat="41.74381996505" lon="24.27901301533"></trkpt>
      <trkpt lat="41.74398098141" lon="24.279903005809"></trkpt>
      <trkpt lat="41.74394804053" lon="24.28012797609"></trkpt>
      <trkpt lat="41.743862964213" lon="24.280322017148"></trkpt>
      <trkpt lat="41.743745030835" lon="24.280440034345"></trkpt>
      <trkpt lat="41.743530035019" lon="24.280493007973"></trkpt>
      <trkpt lat="41.743240021169" lon="24.280611025169"></trkpt>
      <trkpt lat="41.743079004809" lon="24.280772041529"></trkpt>
      <trkpt lat="41.742994012311" lon="24.280794002116"></trkpt>
      <trkpt lat="41.742928968742" lon="24.280772041529"></trkpt>
      <trkpt lat="41.742897033691" lon="24.280654024333"></trkpt>
      <trkpt lat="41.742908013985" lon="24.280440034345"></trkpt>
      <trkpt lat="41.742951013148" lon="24.280096041039"></trkpt>
      <trkpt lat="41.742822015658" lon="24.279689015821"></trkpt>
      <trkpt lat="41.742671979591" lon="24.279549038038"></trkpt>
      <trkpt lat="41.742446003482" lon="24.279420040548"></trkpt>
      <trkpt lat="41.742146015167" lon="24.279399001971"></trkpt>
      <trkpt lat="41.741877961904" lon="24.279409982264"></trkpt>
      <trkpt lat="41.741705965251" lon="24.279494974762"></trkpt>
      <trkpt lat="41.741533968598" lon="24.279838968068"></trkpt>
      <trkpt lat="41.741437995806" lon="24.280901039019"></trkpt>
      <trkpt lat="41.741298018023" lon="24.281233968213"></trkpt>
      <trkpt lat="41.741084028035" lon="24.281565975398"></trkpt>
      <trkpt lat="41.740632997826" lon="24.282167041674"></trkpt>
      <trkpt lat="41.740118013695" lon="24.2826599814"></trkpt>
      <trkpt lat="41.739892959595" lon="24.28278897889"></trkpt>
      <trkpt lat="41.739271022379" lon="24.282929040492"></trkpt>
      <trkpt lat="41.73852997832" lon="24.28294999525"></trkpt>
      <trkpt lat="41.738100992516" lon="24.282811023295"></trkpt>
      <trkpt lat="41.737908041105" lon="24.282639026642"></trkpt>
      <trkpt lat="41.737735960633" lon="24.282584963366"></trkpt>
      <trkpt lat="41.737500010058" lon="24.282467029989"></trkpt>
      <trkpt lat="41.73693196848" lon="24.281491041183"></trkpt>
      <trkpt lat="41.736556040123" lon="24.281341005117"></trkpt>
      <trkpt lat="41.736310031265" lon="24.28115802817"></trkpt>
      <trkpt lat="41.736138034612" lon="24.280987037346"></trkpt>
      <trkpt lat="41.736072991043" lon="24.281007992104"></trkpt>
      <trkpt lat="41.736578000709" lon="24.281888008118"></trkpt>
      <trkpt lat="41.736974967644" lon="24.282382037491"></trkpt>
      <trkpt lat="41.737500010058" lon="24.283292982727"></trkpt>
      <trkpt lat="41.737896976992" lon="24.283648040146"></trkpt>
      <trkpt lat="41.738486979157" lon="24.283991027623"></trkpt>
      <trkpt lat="41.738799037412" lon="24.284409033135"></trkpt>
      <trkpt lat="41.738980002701" lon="24.284610031173"></trkpt>
      <trkpt lat="41.73914202489" lon="24.284710027277"></trkpt>
      <trkpt lat="41.739743007347" lon="24.285149993375"></trkpt>
      <trkpt lat="41.7398890201" lon="24.28526298143"></trkpt>
      <trkpt lat="41.74003100954" lon="24.285449981689"></trkpt>
      <trkpt lat="41.739935958758" lon="24.285592976958"></trkpt>
      <trkpt lat="41.739593977109" lon="24.285664977506"></trkpt>
      <trkpt lat="41.739338999614" lon="24.285681992769"></trkpt>
      <trkpt lat="41.739147976041" lon="24.285694984719"></trkpt>
      <trkpt lat="41.73840098083" lon="24.286053981632"></trkpt>
      <trkpt lat="41.738069979474" lon="24.286262020469"></trkpt>
      <trkpt lat="41.737618027255" lon="24.286785973236"></trkpt>
      <trkpt lat="41.737635964528" lon="24.286929974332"></trkpt>
      <trkpt lat="41.737746018916" lon="24.286887980998"></trkpt>
      <trkpt lat="41.738104010001" lon="24.286550022662"></trkpt>
      <trkpt lat="41.73836200498" lon="24.286436028779"></trkpt>
      <trkpt lat="41.738428976387" lon="24.286491014063"></trkpt>
      <trkpt lat="41.738331997767" lon="24.286630991846"></trkpt>
      <trkpt lat="41.738023962826" lon="24.286931985989"></trkpt>
      <trkpt lat="41.737384004518" lon="24.287966983393"></trkpt>
      <trkpt lat="41.737270010635" lon="24.288298990577"></trkpt>
      <trkpt lat="41.737322984263" lon="24.288406027481"></trkpt>
      <trkpt lat="41.73741501756" lon="24.288364034146"></trkpt>
      <trkpt lat="41.738017005846" lon="24.287597006187"></trkpt>
      <trkpt lat="41.738230995834" lon="24.28749198094"></trkpt>
      <trkpt lat="41.738526960835" lon="24.287396008149"></trkpt>
      <trkpt lat="41.73872301355" lon="24.287287965417"></trkpt>
      <trkpt lat="41.738905990496" lon="24.287223005667"></trkpt>
      <trkpt lat="41.738952007145" lon="24.287251001224"></trkpt>
      <trkpt lat="41.738982014358" lon="24.287269022316"></trkpt>
      <trkpt lat="41.738962987438" lon="24.2873759754"></trkpt>
      <trkpt lat="41.738672973588" lon="24.287673030049"></trkpt>
      <trkpt lat="41.738509023562" lon="24.287882996723"></trkpt>
      <trkpt lat="41.738385977224" lon="24.288093969226"></trkpt>
      <trkpt lat="41.737822964787" lon="24.289415962994"></trkpt>
      <trkpt lat="41.737662032247" lon="24.289595000446"></trkpt>
      <trkpt lat="41.737543009222" lon="24.289629030973"></trkpt>
      <trkpt lat="41.737212007865" lon="24.289599023759"></trkpt>
      <trkpt lat="41.736796014011" lon="24.289835980162"></trkpt>
      <trkpt lat="41.736297039315" lon="24.29032003507"></trkpt>
      <trkpt lat="41.736041978002" lon="24.290594039485"></trkpt>
      <trkpt lat="41.735282996669" lon="24.291089996696"></trkpt>
      <trkpt lat="41.735008992255" lon="24.291225029156"></trkpt>
      <trkpt lat="41.734100980684" lon="24.291070969775"></trkpt>
      <trkpt lat="41.732884012163" lon="24.291037023067"></trkpt>
      <trkpt lat="41.732011036947" lon="24.291158979759"></trkpt>
      <trkpt lat="41.731607029215" lon="24.291089996696"></trkpt>
      <trkpt lat="41.731392033398" lon="24.290993018076"></trkpt>
      <trkpt lat="41.731240991503" lon="24.290868965909"></trkpt>
      <trkpt lat="41.731030019" lon="24.290487002581"></trkpt>
      <trkpt lat="41.730979979038" lon="24.290123982355"></trkpt>
      <trkpt lat="41.73090102151" lon="24.289909992367"></trkpt>
      <trkpt lat="41.730715027079" lon="24.289631964639"></trkpt>
      <trkpt lat="41.730593992397" lon="24.289596006274"></trkpt>
      <trkpt lat="41.730493996292" lon="24.289616961032"></trkpt>
      <trkpt lat="41.730224015191" lon="24.289847966284"></trkpt>
      <trkpt lat="41.730009019375" lon="24.290145020932"></trkpt>
      <trkpt lat="41.729929978028" lon="24.290995029733"></trkpt>
      <trkpt lat="41.729880021885" lon="24.291130984202"></trkpt>
      <trkpt lat="41.729738032445" lon="24.291329970583"></trkpt>
      <trkpt lat="41.72951599583" lon="24.291537003592"></trkpt>
      <trkpt lat="41.729431003332" lon="24.291765997186"></trkpt>
      <trkpt lat="41.729373000562" lon="24.292063973844"></trkpt>
      <trkpt lat="41.729307034984" lon="24.292228007689"></trkpt>
      <trkpt lat="41.728702029213" lon="24.293393008411"></trkpt>
      <trkpt lat="41.728273965418" lon="24.294078983366"></trkpt>
      <trkpt lat="41.728144967929" lon="24.294119970873"></trkpt>
      <trkpt lat="41.728000966832" lon="24.294099016115"></trkpt>
      <trkpt lat="41.727955034003" lon="24.29402500391"></trkpt>
      <trkpt lat="41.727888984606" lon="24.293815037236"></trkpt>
      <trkpt lat="41.727831987664" lon="24.293735995889"></trkpt>
      <trkpt lat="41.727773984894" lon="24.293708000332"></trkpt>
      <trkpt lat="41.727674994618" lon="24.29372199811"></trkpt>
      <trkpt lat="41.727525964379" lon="24.293964989483"></trkpt>
      <trkpt lat="41.727134026587" lon="24.294336978346"></trkpt>
      <trkpt lat="41.726934034377" lon="24.294622968882"></trkpt>
      <trkpt lat="41.726767988876" lon="24.294784991071"></trkpt>
      <trkpt lat="41.726561961696" lon="24.294784991071"></trkpt>
      <trkpt lat="41.726102968678" lon="24.294604025781"></trkpt>
      <trkpt lat="41.725968020037" lon="24.294520961121"></trkpt>
      <trkpt lat="41.725818989798" lon="24.294535964727"></trkpt>
      <trkpt lat="41.725740032271" lon="24.294571001083"></trkpt>
      <trkpt lat="41.725591002032" lon="24.294831007719"></trkpt>
      <trkpt lat="41.725320015103" lon="24.295213976875"></trkpt>
      <trkpt lat="41.725128991529" lon="24.295564005151"></trkpt>
      <trkpt lat="41.725041987374" lon="24.295673975721"></trkpt>
      <trkpt lat="41.724844006822" lon="24.295808002353"></trkpt>
      <trkpt lat="41.7245809827" lon="24.295813031495"></trkpt>
      <trkpt lat="41.724437987432" lon="24.295765003189"></trkpt>
      <trkpt lat="41.724233971909" lon="24.295555958524"></trkpt>
      <trkpt lat="41.724070021883" lon="24.295535003766"></trkpt>
      <trkpt lat="41.723802974448" lon="24.295594012365"></trkpt>
      <trkpt lat="41.723023960367" lon="24.295556964353"></trkpt>
      <trkpt lat="41.722853975371" lon="24.295437019318"></trkpt>
      <trkpt lat="41.722551975399" lon="24.294867971912"></trkpt>
      <trkpt lat="41.72226799652" lon="24.294596984982"></trkpt>
      <trkpt lat="41.722145034" lon="24.294588016346"></trkpt>
      <trkpt lat="41.72207496129" lon="24.294676026329"></trkpt>
      <trkpt lat="41.72202299349" lon="24.294867971912"></trkpt>
      <trkpt lat="41.721940012649" lon="24.295061007142"></trkpt>
      <trkpt lat="41.721796011552" lon="24.295209031552"></trkpt>
      <trkpt lat="41.721375994384" lon="24.295458979905"></trkpt>
      <trkpt lat="41.720964023843" lon="24.295773971826"></trkpt>
      <trkpt lat="41.72059899196" lon="24.296191977337"></trkpt>
      <trkpt lat="41.720429006964" lon="24.2962349765"></trkpt>
      <trkpt lat="41.720201019198" lon="24.29650596343"></trkpt>
      <trkpt lat="41.719878986478" lon="24.296954981983"></trkpt>
      <trkpt lat="41.719672037289" lon="24.297277014703"></trkpt>
      <trkpt lat="41.71960095875" lon="24.297449011356"></trkpt>
      <trkpt lat="41.719366014004" lon="24.298018980771"></trkpt>
      <trkpt lat="41.719266017899" lon="24.298210004345"></trkpt>
      <trkpt lat="41.719108019024" lon="24.298616023734"></trkpt>
      <trkpt lat="41.719135008752" lon="24.298894973472"></trkpt>
      <trkpt lat="41.719223018736" lon="24.298968985677"></trkpt>
      <trkpt lat="41.71932997182" lon="24.298925986513"></trkpt>
      <trkpt lat="41.719448994845" lon="24.298602025956"></trkpt>
      <trkpt lat="41.719586960971" lon="24.298448972404"></trkpt>
      <trkpt lat="41.71971000731" lon="24.298522984609"></trkpt>
      <trkpt lat="41.71969701536" lon="24.298700010404"></trkpt>
      <trkpt lat="41.7195619829" lon="24.299109969288"></trkpt>
      <trkpt lat="41.71952300705" lon="24.299381040037"></trkpt>
      <trkpt lat="41.719601964578" lon="24.299825029448"></trkpt>
      <trkpt lat="41.719784019515" lon="24.300329033285"></trkpt>
      <trkpt lat="41.719928020611" lon="24.300832031295"></trkpt>
      <trkpt lat="41.719931960106" lon="24.301552958786"></trkpt>
      <trkpt lat="41.719836993143" lon="24.301852025092"></trkpt>
      <trkpt lat="41.719730040058" lon="24.301992002875"></trkpt>
      <trkpt lat="41.719380011782" lon="24.302159976214"></trkpt>
      <trkpt lat="41.719014979899" lon="24.302218984812"></trkpt>
      <trkpt lat="41.718365969136" lon="24.302031984553"></trkpt>
      <trkpt lat="41.717772027478" lon="24.301759991795"></trkpt>
      <trkpt lat="41.717602964491" lon="24.301656978205"></trkpt>
      <trkpt lat="41.717409007251" lon="24.301381967962"></trkpt>
      <trkpt lat="41.717186970636" lon="24.300968991593"></trkpt>
      <trkpt lat="41.716864015907" lon="24.300744021311"></trkpt>
      <trkpt lat="41.716593028978" lon="24.300669003278"></trkpt>
      <trkpt lat="41.716322964057" lon="24.300648970529"></trkpt>
      <trkpt lat="41.716043008491" lon="24.300768999383"></trkpt>
      <trkpt lat="41.715769004077" lon="24.301009979099"></trkpt>
      <trkpt lat="41.715603964403" lon="24.301291024312"></trkpt>
      <trkpt lat="41.715537998825" lon="24.301546001807"></trkpt>
      <trkpt lat="41.715551996604" lon="24.301907010376"></trkpt>
      <trkpt lat="41.715378994122" lon="24.302278999239"></trkpt>
      <trkpt lat="41.715027038008" lon="24.302603965625"></trkpt>
      <trkpt lat="41.714898962528" lon="24.302812004462"></trkpt>
      <trkpt lat="41.714815981686" lon="24.303094977513"></trkpt>
      <trkpt lat="41.714696036652" lon="24.303805008531"></trkpt>
      <trkpt lat="41.714563015848" lon="24.3053190317"></trkpt>
      <trkpt lat="41.71460702084" lon="24.30547401309"></trkpt>
      <trkpt lat="41.714801983908" lon="24.305763021111"></trkpt>
      <trkpt lat="41.714996024966" lon="24.306114977226"></trkpt>
      <trkpt lat="41.715148994699" lon="24.306482020766"></trkpt>
      <trkpt lat="41.715273968875" lon="24.306647982448"></trkpt>
      <trkpt lat="41.715563982725" lon="24.306899020448"></trkpt>
      <trkpt lat="41.715636989102" lon="24.306984012946"></trkpt>
      <trkpt lat="41.715752994642" lon="24.307318031788"></trkpt>
      <trkpt lat="41.715861959383" lon="24.307911973447"></trkpt>
      <trkpt lat="41.716204024851" lon="24.30849602446"></trkpt>
      <trkpt lat="41.71664298512" lon="24.309033975005"></trkpt>
      <trkpt lat="41.716867033392" lon="24.30942398496"></trkpt>
      <trkpt lat="41.716955965385" lon="24.309600004926"></trkpt>
      <trkpt lat="41.716940961778" lon="24.309678040445"></trkpt>
      <trkpt lat="41.716857980937" lon="24.309788011014"></trkpt>
      <trkpt lat="41.716736024246" lon="24.309847019613"></trkpt>
      <trkpt lat="41.716658994555" lon="24.309811983258"></trkpt>
      <trkpt lat="41.716525973752" lon="24.309621965513"></trkpt>
      <trkpt lat="41.716417009011" lon="24.309400012717"></trkpt>
      <trkpt lat="41.716020964086" lon="24.308945965022"></trkpt>
      <trkpt lat="41.715860031545" lon="24.308796012774"></trkpt>
      <trkpt lat="41.715709995478" lon="24.308753013611"></trkpt>
      <trkpt lat="41.715602958575" lon="24.308796012774"></trkpt>
      <trkpt lat="41.715828012675" lon="24.308977983892"></trkpt>
      <trkpt lat="41.715967990458" lon="24.309224998578"></trkpt>
      <trkpt lat="41.716043008491" lon="24.309406969696"></trkpt>
      <trkpt lat="41.716063963249" lon="24.309535967186"></trkpt>
      <trkpt lat="41.716063963249" lon="24.309890018776"></trkpt>
      <trkpt lat="41.716063963249" lon="24.310458982363"></trkpt>
      <trkpt lat="41.716256998479" lon="24.310813033953"></trkpt>
      <trkpt lat="41.716504013166" lon="24.311124002561"></trkpt>
      <trkpt lat="41.716653965414" lon="24.311253000051"></trkpt>
      <trkpt lat="41.717083035037" lon="24.311360036954"></trkpt>
      <trkpt lat="41.717276992276" lon="24.311446035281"></trkpt>
      <trkpt lat="41.717404983938" lon="24.311618031934"></trkpt>
      <trkpt lat="41.718242000788" lon="24.313451992348"></trkpt>
      <trkpt lat="41.718713985756" lon="24.314267970622"></trkpt>
      <trkpt lat="41.719111036509" lon="24.314879011363"></trkpt>
      <trkpt lat="41.71949702315" lon="24.315212024376"></trkpt>
      <trkpt lat="41.7195619829" lon="24.31535099633"></trkpt>
      <trkpt lat="41.719572963193" lon="24.315501032397"></trkpt>
      <trkpt lat="41.719551002607" lon="24.315618965775"></trkpt>
      <trkpt lat="41.71949702315" lon="24.315747963265"></trkpt>
      <trkpt lat="41.719110030681" lon="24.316552961245"></trkpt>
      <trkpt lat="41.71932301484" lon="24.316723030061"></trkpt>
      <trkpt lat="41.71943298541" lon="24.316779021174"></trkpt>
      <trkpt lat="41.719571035355" lon="24.316797964275"></trkpt>
      <trkpt lat="41.719661979005" lon="24.316814979538"></trkpt>
      <trkpt lat="41.720020975918" lon="24.316862002015"></trkpt>
      <trkpt lat="41.720416015014" lon="24.316982030869"></trkpt>
      <trkpt lat="41.720680966973" lon="24.317075992003"></trkpt>
      <trkpt lat="41.721087992191" lon="24.317225022241"></trkpt>
      <trkpt lat="41.721249008551" lon="24.317255029455"></trkpt>
      <trkpt lat="41.721429973841" lon="24.317242959514"></trkpt>
      <trkpt lat="41.721875974908" lon="24.317258968949"></trkpt>
      <trkpt lat="41.721888966858" lon="24.317258968949"></trkpt>
      <trkpt lat="41.721954010427" lon="24.317255029455"></trkpt>
      <trkpt lat="41.722072027624" lon="24.317245976999"></trkpt>
      <trkpt lat="41.722322981805" lon="24.317133994773"></trkpt>
      <trkpt lat="41.722494978458" lon="24.317089989781"></trkpt>
      <trkpt lat="41.722637973726" lon="24.317085966468"></trkpt>
      <trkpt lat="41.722838971764" lon="24.316996028647"></trkpt>
      <trkpt lat="41.72292497009" lon="24.316932996735"></trkpt>
      <trkpt lat="41.723063020036" lon="24.316829983145"></trkpt>
      <trkpt lat="41.723345993087" lon="24.316418012604"></trkpt>
      <trkpt lat="41.7233760003" lon="24.316374007612"></trkpt>
      <trkpt lat="41.723467027768" lon="24.316222965717"></trkpt>
      <trkpt lat="41.72360197641" lon="24.316106960177"></trkpt>
      <trkpt lat="41.723681017756" lon="24.316088017076"></trkpt>
      <trkpt lat="41.723813032731" lon="24.316044012085"></trkpt>
      <trkpt lat="41.724087037146" lon="24.315905962139"></trkpt>
      <trkpt lat="41.724365986884" lon="24.315676968545"></trkpt>
      <trkpt lat="41.724784998223" lon="24.315229961649"></trkpt>
      <trkpt lat="41.725436020643" lon="24.314709026366"></trkpt>
      <trkpt lat="41.725713964552" lon="24.314485983923"></trkpt>
      <trkpt lat="41.725982017815" lon="24.31439101696"></trkpt>
      <trkpt lat="41.726131970063" lon="24.31435204111"></trkpt>
      <trkpt lat="41.726489039138" lon="24.313992960379"></trkpt>
      <trkpt lat="41.726920958608" lon="24.313461966813"></trkpt>
      <trkpt lat="41.727090021595" lon="24.313249988481"></trkpt>
      <trkpt lat="41.727335024625" lon="24.313029041514"></trkpt>
      <trkpt lat="41.72739696689" lon="24.312948994339"></trkpt>
      <trkpt lat="41.727425968274" lon="24.312783032656"></trkpt>
      <trkpt lat="41.727411970496" lon="24.312725029886"></trkpt>
      <trkpt lat="41.727363020182" lon="24.312665015459"></trkpt>
      <trkpt lat="41.727305017412" lon="24.312642971054"></trkpt>
      <trkpt lat="41.727204015478" lon="24.312637019902"></trkpt>
      <trkpt lat="41.727116005495" lon="24.312596032396"></trkpt>
      <trkpt lat="41.727065965533" lon="24.312514979392"></trkpt>
      <trkpt lat="41.727033024654" lon="24.312400985509"></trkpt>
      <trkpt lat="41.727015003562" lon="24.312249021605"></trkpt>
      <trkpt lat="41.727021960542" lon="24.311932018027"></trkpt>
      <trkpt lat="41.727058002725" lon="24.311715010554"></trkpt>
      <trkpt lat="41.72715196386" lon="24.311606967822"></trkpt>
      <trkpt lat="41.727289007977" lon="24.311577966437"></trkpt>
      <trkpt lat="41.72739000991" lon="24.311577966437"></trkpt>
      <trkpt lat="41.727433009073" lon="24.311606967822"></trkpt>
      <trkpt lat="41.727454969659" lon="24.311722973362"></trkpt>
      <trkpt lat="41.727540967986" lon="24.311953978613"></trkpt>
      <trkpt lat="41.727765016258" lon="24.312019022182"></trkpt>
      <trkpt lat="41.728377984837" lon="24.312466029078"></trkpt>
      <trkpt lat="41.728507988155" lon="24.312466029078"></trkpt>
      <trkpt lat="41.728602033108" lon="24.312423029914"></trkpt>
      <trkpt lat="41.728695994243" lon="24.312414983287"></trkpt>
      <trkpt lat="41.728738993406" lon="24.312480026856"></trkpt>
      <trkpt lat="41.728746034205" lon="24.312645988539"></trkpt>
      <trkpt lat="41.728847036138" lon="24.312755037099"></trkpt>
      <trkpt lat="41.728926999494" lon="24.312948994339"></trkpt>
      <trkpt lat="41.729012997821" lon="24.313490968198"></trkpt>
      <trkpt lat="41.729006040841" lon="24.313735971227"></trkpt>
      <trkpt lat="41.728956000879" lon="24.314032020047"></trkpt>
      <trkpt lat="41.728977039456" lon="24.31408197619"></trkpt>
      <trkpt lat="41.729041999206" lon="24.314067978412"></trkpt>
      <trkpt lat="41.729100001976" lon="24.313966976479"></trkpt>
      <trkpt lat="41.729279961437" lon="24.313339004293"></trkpt>
      <trkpt lat="41.729374006391" lon="24.313137000427"></trkpt>
      <trkpt lat="41.72979301773" lon="24.312616987154"></trkpt>
      <trkpt lat="41.730312025174" lon="24.312169980258"></trkpt>
      <trkpt lat="41.730477986857" lon="24.311967976391"></trkpt>
      <trkpt lat="41.730737993494" lon="24.311918020248"></trkpt>
      <trkpt lat="41.731798974797" lon="24.31203997694"></trkpt>
      <trkpt lat="41.732210023329" lon="24.312192024663"></trkpt>
      <trkpt lat="41.73261503689" lon="24.312391011044"></trkpt>
      <trkpt lat="41.733339987695" lon="24.312821002677"></trkpt>
      <trkpt lat="41.734293010086" lon="24.313228027895"></trkpt>
      <trkpt lat="41.734563997015" lon="24.313618959859"></trkpt>
      <trkpt lat="41.734785027802" lon="24.31433997117"></trkpt>
      <trkpt lat="41.734842024744" lon="24.314774991944"></trkpt>
      <trkpt lat="41.734771030024" lon="24.315382009372"></trkpt>
      <trkpt lat="41.7349219881" lon="24.315717034042"></trkpt>
      <trkpt lat="41.735097002238" lon="24.316034959629"></trkpt>
      <trkpt lat="41.735140001401" lon="24.316271999851"></trkpt>
      <trkpt lat="41.735137989745" lon="24.316480960697"></trkpt>
      <trkpt lat="41.735100019723" lon="24.316687993705"></trkpt>
      <trkpt lat="41.735059032217" lon="24.316694028676"></trkpt>
      <trkpt lat="41.734762983397" lon="24.316757982597"></trkpt>
      <trkpt lat="41.734630968422" lon="24.316866025329"></trkpt>
      <trkpt lat="41.734440028667" lon="24.31700097397"></trkpt>
      <trkpt lat="41.734095029533" lon="24.317320995033"></trkpt>
      <trkpt lat="41.733978018165" lon="24.317449992523"></trkpt>
      <trkpt lat="41.733957985416" lon="24.317545965314"></trkpt>
      <trkpt lat="41.733950022608" lon="24.317635986954"></trkpt>
      <trkpt lat="41.733947005123" lon="24.317709999159"></trkpt>
      <trkpt lat="41.733982041478" lon="24.317854000255"></trkpt>
      <trkpt lat="41.734081031755" lon="24.318059021607"></trkpt>
      <trkpt lat="41.734158983454" lon="24.318201011047"></trkpt>
      <trkpt lat="41.734163006768" lon="24.318230012432"></trkpt>
      <trkpt lat="41.734169963747" lon="24.31828902103"></trkpt>
      <trkpt lat="41.734145991504" lon="24.318417012691"></trkpt>
      <trkpt lat="41.734097963199" lon="24.318508962169"></trkpt>
      <trkpt lat="41.734030991793" lon="24.318620022386"></trkpt>
      <trkpt lat="41.733943987638" lon="24.31866302155"></trkpt>
      <trkpt lat="41.733843991533" lon="24.31866302155"></trkpt>
      <trkpt lat="41.733725974336" lon="24.318679030985"></trkpt>
      <trkpt lat="41.733635030687" lon="24.318753965199"></trkpt>
      <trkpt lat="41.733420034871" lon="24.319091001526"></trkpt>
      <trkpt lat="41.733334958553" lon="24.319231985137"></trkpt>
      <trkpt lat="41.733305035159" lon="24.319357965142"></trkpt>
      <trkpt lat="41.733461022377" lon="24.3206790369"></trkpt>
      <trkpt lat="41.733464961872" lon="24.320780038834"></trkpt>
      <trkpt lat="41.733539979905" lon="24.321370040998"></trkpt>
      <trkpt lat="41.733520030975" lon="24.321389989927"></trkpt>
      <trkpt lat="41.733520030975" lon="24.321480011567"></trkpt>
      <trkpt lat="41.733520030975" lon="24.321519993246"></trkpt>
      <trkpt lat="41.733520030975" lon="24.321580007672"></trkpt>
      <trkpt lat="41.733539979905" lon="24.321670029312"></trkpt>
      <trkpt lat="41.733520030975" lon="24.321759967133"></trkpt>
      <trkpt lat="41.733499998227" lon="24.321889970452"></trkpt>
      <trkpt lat="41.733409976587" lon="24.322189958766"></trkpt>
      <trkpt lat="41.73333001323" lon="24.32240000926"></trkpt>
      <trkpt lat="41.733179977164" lon="24.322569994256"></trkpt>
      <trkpt lat="41.733030024916" lon="24.322720030323"></trkpt>
      <trkpt lat="41.732960036024" lon="24.32296000421"></trkpt>
      <trkpt lat="41.732789967209" lon="24.323489991948"></trkpt>
      <trkpt lat="41.73277001828" lon="24.323770031333"></trkpt>
      <trkpt lat="41.732724001631" lon="24.323917971924"></trkpt>
      <trkpt lat="41.732592992485" lon="24.323999024928"></trkpt>
      <trkpt lat="41.73249299638" lon="24.324088962749"></trkpt>
      <trkpt lat="41.732429964468" lon="24.324179990217"></trkpt>
      <trkpt lat="41.732549993321" lon="24.325039973482"></trkpt>
      <trkpt lat="41.732700029388" lon="24.325620001182"></trkpt>
      <trkpt lat="41.732919970527" lon="24.326070025563"></trkpt>
      <trkpt lat="41.733049973845" lon="24.326159963384"></trkpt>
      <trkpt lat="41.733480971307" lon="24.3260530103"></trkpt>
      <trkpt lat="41.733970977366" lon="24.325953014195"></trkpt>
      <trkpt lat="41.734210029244" lon="24.326049992815"></trkpt>
      <trkpt lat="41.734368028119" lon="24.326336989179"></trkpt>
      <trkpt lat="41.734610013664" lon="24.326930008829"></trkpt>
      <trkpt lat="41.73483800143" lon="24.327682033181"></trkpt>
      <trkpt lat="41.735020978376" lon="24.328502034768"></trkpt>
      <trkpt lat="41.735239997506" lon="24.32886203751"></trkpt>
      <trkpt lat="41.735370000824" lon="24.329090025276"></trkpt>
      <trkpt lat="41.735409982502" lon="24.329250035807"></trkpt>
      <trkpt lat="41.735332030803" lon="24.329289011657"></trkpt>
      <trkpt lat="41.735261958092" lon="24.329307032749"></trkpt>
      <trkpt lat="41.73507001251" lon="24.329192033038"></trkpt>
      <trkpt lat="41.734947972" lon="24.329184992239"></trkpt>
      <trkpt lat="41.734814029187" lon="24.329204019159"></trkpt>
      <trkpt lat="41.734695006162" lon="24.329323964193"></trkpt>
      <trkpt lat="41.734660975635" lon="24.329359000549"></trkpt>
      <trkpt lat="41.734585035592" lon="24.329393031076"></trkpt>
      <trkpt lat="41.734043983743" lon="24.32951297611"></trkpt>
      <trkpt lat="41.733898976818" lon="24.329624036327"></trkpt>
      <trkpt lat="41.733734020963" lon="24.329780023545"></trkpt>
      <trkpt lat="41.73340796493" lon="24.329886976629"></trkpt>
      <trkpt lat="41.733130021021" lon="24.329820005223"></trkpt>
      <trkpt lat="41.733015021309" lon="24.329785974696"></trkpt>
      <trkpt lat="41.732782004401" lon="24.329758984968"></trkpt>
      <trkpt lat="41.732589974999" lon="24.329742975533"></trkpt>
      <trkpt lat="41.73241596669" lon="24.329818999395"></trkpt>
      <trkpt lat="41.732230978087" lon="24.329898962751"></trkpt>
      <trkpt lat="41.732140034437" lon="24.329917989671"></trkpt>
      <trkpt lat="41.731956973672" lon="24.329869039357"></trkpt>
      <trkpt lat="41.731590013951" lon="24.329439969733"></trkpt>
      <trkpt lat="41.731369988993" lon="24.329329999164"></trkpt>
      <trkpt lat="41.73097897321" lon="24.329362018034"></trkpt>
      <trkpt lat="41.730569014326" lon="24.329422032461"></trkpt>
      <trkpt lat="41.730240024626" lon="24.329550024122"></trkpt>
      <trkpt lat="41.729999966919" lon="24.329799972475"></trkpt>
      <trkpt lat="41.729869963601" lon="24.330099960789"></trkpt>
      <trkpt lat="41.729810032994" lon="24.330430040136"></trkpt>
      <trkpt lat="41.729639964178" lon="24.33054998517"></trkpt>
      <trkpt lat="41.729439971969" lon="24.33054998517"></trkpt>
      <trkpt lat="41.729210978374" lon="24.330592984334"></trkpt>
      <trkpt lat="41.729101007804" lon="24.330683005974"></trkpt>
      <trkpt lat="41.729060020298" lon="24.330809991807"></trkpt>
      <trkpt lat="41.729160016403" lon="24.330979976803"></trkpt>
      <trkpt lat="41.729427985847" lon="24.331290023401"></trkpt>
      <trkpt lat="41.729452041909" lon="24.331436036155"></trkpt>
      <trkpt lat="41.729569975287" lon="24.331710040569"></trkpt>
      <trkpt lat="41.72981900163" lon="24.332007011399"></trkpt>
      <trkpt lat="41.72981900163" lon="24.332176996395"></trkpt>
      <trkpt lat="41.729680029675" lon="24.332229970023"></trkpt>
      <trkpt lat="41.729460004717" lon="24.332419987768"></trkpt>
      <trkpt lat="41.729209972546" lon="24.332960033789"></trkpt>
      <trkpt lat="41.729190023616" lon="24.333090037107"></trkpt>
      <trkpt lat="41.729339975864" lon="24.33332003653"></trkpt>
      <trkpt lat="41.729550026357" lon="24.333562022075"></trkpt>
      <trkpt lat="41.729724034667" lon="24.333744999021"></trkpt>
      <trkpt lat="41.729768961668" lon="24.333884976804"></trkpt>
      <trkpt lat="41.729839034379" lon="24.334126040339"></trkpt>
      <trkpt lat="41.729884967208" lon="24.334169039503"></trkpt>
      <trkpt lat="41.729965014383" lon="24.334186976776"></trkpt>
      <trkpt lat="41.730147991329" lon="24.334140960127"></trkpt>
      <trkpt lat="41.730294004083" lon="24.334211032838"></trkpt>
      <trkpt lat="41.730372961611" lon="24.334302982315"></trkpt>
      <trkpt lat="41.730526015162" lon="24.334674971178"></trkpt>
      <trkpt lat="41.730581000447" lon="24.334730040282"></trkpt>
      <trkpt lat="41.730672027916" lon="24.334762981161"></trkpt>
      <trkpt lat="41.730918958783" lon="24.334646975622"></trkpt>
      <trkpt lat="41.73106295988" lon="24.334646975622"></trkpt>
      <trkpt lat="41.731177959591" lon="24.334689974785"></trkpt>
      <trkpt lat="41.73123001121" lon="24.334790976718"></trkpt>
      <trkpt lat="41.731422040612" lon="24.335119966418"></trkpt>
      <trkpt lat="41.731605017558" lon="24.335315013304"></trkpt>
      <trkpt lat="41.731638964266" lon="24.335431018844"></trkpt>
      <trkpt lat="41.731602000073" lon="24.335547024384"></trkpt>
      <trkpt lat="41.731465039775" lon="24.33572396636"></trkpt>
      <trkpt lat="41.731321960688" lon="24.336090004072"></trkpt>
      <trkpt lat="41.731266975403" lon="24.33623903431"></trkpt>
      <trkpt lat="41.731168990955" lon="24.336322015151"></trkpt>
      <trkpt lat="41.73099196516" lon="24.336342969909"></trkpt>
      <trkpt lat="41.730803037062" lon="24.336224030703"></trkpt>
      <trkpt lat="41.730634979904" lon="24.336156975478"></trkpt>
      <trkpt lat="41.730506988242" lon="24.336211960763"></trkpt>
      <trkpt lat="41.730345971882" lon="24.336433997378"></trkpt>
      <trkpt lat="41.730275982991" lon="24.336559977382"></trkpt>
      <trkpt lat="41.730073979124" lon="24.336651004851"></trkpt>
      <trkpt lat="41.729887984693" lon="24.336657039821"></trkpt>
      <trkpt lat="41.729558994994" lon="24.336569029838"></trkpt>
      <trkpt lat="41.729452041909" lon="24.336586967111"></trkpt>
      <trkpt lat="41.729314997792" lon="24.336717976257"></trkpt>
      <trkpt lat="41.729213995859" lon="24.336827024817"></trkpt>
      <trkpt lat="41.729061026126" lon="24.336981000379"></trkpt>
      <trkpt lat="41.728924987838" lon="24.337040008977"></trkpt>
      <trkpt lat="41.72880101949" lon="24.33705098927"></trkpt>
      <trkpt lat="41.728686019778" lon="24.337016958743"></trkpt>
      <trkpt lat="41.72858803533" lon="24.336987035349"></trkpt>
      <trkpt lat="41.728512011468" lon="24.33700597845"></trkpt>
      <trkpt lat="41.728467000648" lon="24.337045960128"></trkpt>
      <trkpt lat="41.728425007313" lon="24.33708300814"></trkpt>
      <trkpt lat="41.728402040899" lon="24.337189039215"></trkpt>
      <trkpt lat="41.72845995985" lon="24.337330022827"></trkpt>
      <trkpt lat="41.728729018942" lon="24.337593968958"></trkpt>
      <trkpt lat="41.728899003938" lon="24.337964029983"></trkpt>
      <trkpt lat="41.729024983943" lon="24.338572975248"></trkpt>
      <trkpt lat="41.729164961725" lon="24.339003972709"></trkpt>
      <trkpt lat="41.729249032214" lon="24.339198013768"></trkpt>
      <trkpt lat="41.729284990579" lon="24.339304966852"></trkpt>
      <trkpt lat="41.72930996865" lon="24.33947998099"></trkpt>
      <trkpt lat="41.729529993609" lon="24.340039975941"></trkpt>
      <trkpt lat="41.729584978893" lon="24.340700972825"></trkpt>
      <trkpt lat="41.729661002755" lon="24.341166000813"></trkpt>
      <trkpt lat="41.729624038562" lon="24.341207994148"></trkpt>
      <trkpt lat="41.729601994157" lon="24.341208999977"></trkpt>
      <trkpt lat="41.729377023876" lon="24.341002972797"></trkpt>
      <trkpt lat="41.729322038591" lon="24.340995009989"></trkpt>
      <trkpt lat="41.729267975315" lon="24.341020993888"></trkpt>
      <trkpt lat="41.729143001139" lon="24.341136999428"></trkpt>
      <trkpt lat="41.728965975344" lon="24.341287035495"></trkpt>
      <trkpt lat="41.728862039745" lon="24.341709986329"></trkpt>
      <trkpt lat="41.728373961523" lon="24.343134993687"></trkpt>
      <trkpt lat="41.728378990665" lon="24.344149036333"></trkpt>
      <trkpt lat="41.728475969285" lon="24.344944981858"></trkpt>
      <trkpt lat="41.727768033743" lon="24.345676973462"></trkpt>
      <trkpt lat="41.727514984086" lon="24.346126997843"></trkpt>
      <trkpt lat="41.726814005524" lon="24.345563985407"></trkpt>
      <trkpt lat="41.726462971419" lon="24.34569097124"></trkpt>
      <trkpt lat="41.72597296536" lon="24.345439011231"></trkpt>
      <trkpt lat="41.725252037868" lon="24.344573998824"></trkpt>
      <trkpt lat="41.724752979353" lon="24.344753958285"></trkpt>
      <trkpt lat="41.724186027423" lon="24.345320994034"></trkpt>
      <trkpt lat="41.723985029384" lon="24.34620000422"></trkpt>
      <trkpt lat="41.723641036078" lon="24.346878016368"></trkpt>
      <trkpt lat="41.723551014438" lon="24.347376991063"></trkpt>
      <trkpt lat="41.724075973034" lon="24.348593959585"></trkpt>
      <trkpt lat="41.724027022719" lon="24.349346989766"></trkpt>
      <trkpt lat="41.724850041792" lon="24.35099998489"></trkpt>
      <trkpt lat="41.724811987951" lon="24.351456966251"></trkpt>
      <trkpt lat="41.724556004629" lon="24.351739017293"></trkpt>
      <trkpt lat="41.724028028548" lon="24.352247966453"></trkpt>
      <trkpt lat="41.72364698723" lon="24.352319967002"></trkpt>
      <trkpt lat="41.723083974794" lon="24.3523270078"></trkpt>
      <trkpt lat="41.722880965099" lon="24.352846015245"></trkpt>
      <trkpt lat="41.722364975139" lon="24.353307019919"></trkpt>
      <trkpt lat="41.722230026498" lon="24.353703986853"></trkpt>
      <trkpt lat="41.722795972601" lon="24.35384103097"></trkpt>
      <trkpt lat="41.723058996722" lon="24.354325002059"></trkpt>
      <trkpt lat="41.723565012217" lon="24.354464979842"></trkpt>
      <trkpt lat="41.724358024076" lon="24.355103010312"></trkpt>
      <trkpt lat="41.724688019603" lon="24.355409033597"></trkpt>
      <trkpt lat="41.724853981286" lon="24.355841958895"></trkpt>
      <trkpt lat="41.725192023441" lon="24.356516031548"></trkpt>
      <trkpt lat="41.725865006447" lon="24.357142997906"></trkpt>
      <trkpt lat="41.726123001426" lon="24.357924023643"></trkpt>
      <trkpt lat="41.726135993376" lon="24.358227029443"></trkpt>
      <trkpt lat="41.726026022807" lon="24.358646962792"></trkpt>
      <trkpt lat="41.726129958406" lon="24.359018029645"></trkpt>
      <trkpt lat="41.726073967293" lon="24.359427988529"></trkpt>
      <trkpt lat="41.72586902976" lon="24.360164003447"></trkpt>
      <trkpt lat="41.726028034464" lon="24.360581003129"></trkpt>
      <trkpt lat="41.726350989193" lon="24.360831035301"></trkpt>
      <trkpt lat="41.726602027193" lon="24.361061034724"></trkpt>
      <trkpt lat="41.727051967755" lon="24.36161801219"></trkpt>
      <trkpt lat="41.726892041042" lon="24.361695963889"></trkpt>
      <trkpt lat="41.726461965591" lon="24.361738041043"></trkpt>
      <trkpt lat="41.726214028895" lon="24.36190802604"></trkpt>
      <trkpt lat="41.726040020585" lon="24.362146994099"></trkpt>
      <trkpt lat="41.72565001063" lon="24.362354027107"></trkpt>
      <trkpt lat="41.725583961233" lon="24.36262903735"></trkpt>
      <trkpt lat="41.725486982614" lon="24.363072020933"></trkpt>
      <trkpt lat="41.725115999579" lon="24.363359017298"></trkpt>
      <trkpt lat="41.724852975458" lon="24.363865032792"></trkpt>
      <trkpt lat="41.724818022922" lon="24.364450005814"></trkpt>
      <trkpt lat="41.724950037897" lon="24.365244023502"></trkpt>
      <trkpt lat="41.725509027019" lon="24.365851962939"></trkpt>
      <trkpt lat="41.725891996175" lon="24.366371976212"></trkpt>
      <trkpt lat="41.725827958435" lon="24.366726027802"></trkpt>
      <trkpt lat="41.725871963426" lon="24.367075972259"></trkpt>
      <trkpt lat="41.726297009736" lon="24.367593973875"></trkpt>
      <trkpt lat="41.72617203556" lon="24.368158997968"></trkpt>
      <trkpt lat="41.725812032819" lon="24.368388997391"></trkpt>
      <trkpt lat="41.725284978747" lon="24.36889803037"></trkpt>
      <trkpt lat="41.724839983508" lon="24.369075978175"></trkpt>
      <trkpt lat="41.724352994934" lon="24.369495995343"></trkpt>
      <trkpt lat="41.724375039339" lon="24.369671009481"></trkpt>
      <trkpt lat="41.72604999505" lon="24.371431963518"></trkpt>
      <trkpt lat="41.726336991414" lon="24.371956000105"></trkpt>
      <trkpt lat="41.726613007486" lon="24.372504008934"></trkpt>
      <trkpt lat="41.726952977479" lon="24.372697966173"></trkpt>
      <trkpt lat="41.727346004918" lon="24.372857976705"></trkpt>
      <trkpt lat="41.727755041793" lon="24.372960990295"></trkpt>
      <trkpt lat="41.728047989309" lon="24.373213034123"></trkpt>
      <trkpt lat="41.728628017008" lon="24.373429035768"></trkpt>
      <trkpt lat="41.729174014181" lon="24.373511010781"></trkpt>
      <trkpt lat="41.729190023616" lon="24.373670015484"></trkpt>
      <trkpt lat="41.729044010863" lon="24.37409103848"></trkpt>
      <trkpt lat="41.728960024193" lon="24.374606022611"></trkpt>
      <trkpt lat="41.729117017239" lon="24.375446978956"></trkpt>
      <trkpt lat="41.729137971997" lon="24.376118034124"></trkpt>
      <trkpt lat="41.728952983394" lon="24.376652967185"></trkpt>
      <trkpt lat="41.728657018393" lon="24.377080025151"></trkpt>
      <trkpt lat="41.728172041476" lon="24.377308012918"></trkpt>
      <trkpt lat="41.728063998744" lon="24.377856021747"></trkpt>
      <trkpt lat="41.727896025404" lon="24.378093983978"></trkpt>
      <trkpt lat="41.727510038763" lon="24.378237985075"></trkpt>
      <trkpt lat="41.727504003793" lon="24.378749029711"></trkpt>
      <trkpt lat="41.727576004341" lon="24.379025967792"></trkpt>
      <trkpt lat="41.727492017671" lon="24.379532989115"></trkpt>
      <trkpt lat="41.727260006592" lon="24.380126008764"></trkpt>
      <trkpt lat="41.726817023009" lon="24.380638981238"></trkpt>
      <trkpt lat="41.725639030337" lon="24.382014032453"></trkpt>
      <trkpt lat="41.725431997329" lon="24.382389960811"></trkpt>
      <trkpt lat="41.725422022864" lon="24.382544020191"></trkpt>
      <trkpt lat="41.725525958464" lon="24.382593976334"></trkpt>
      <trkpt lat="41.725948993117" lon="24.382464978844"></trkpt>
      <trkpt lat="41.726729013026" lon="24.382026018575"></trkpt>
      <trkpt lat="41.727616991848" lon="24.382108999416"></trkpt>
      <trkpt lat="41.727818995714" lon="24.382044961676"></trkpt>
      <trkpt lat="41.728239012882" lon="24.381812028587"></trkpt>
      <trkpt lat="41.728426013142" lon="24.381909007207"></trkpt>
      <trkpt lat="41.728354012594" lon="24.382143029943"></trkpt>
      <trkpt lat="41.728079002351" lon="24.382409993559"></trkpt>
      <trkpt lat="41.727764010429" lon="24.382806960493"></trkpt>
      <trkpt lat="41.727257994935" lon="24.382907040417"></trkpt>
      <trkpt lat="41.726987008005" lon="24.383109966293"></trkpt>
      <trkpt lat="41.726868990809" lon="24.383722012863"></trkpt>
      <trkpt lat="41.726749967784" lon="24.384023007005"></trkpt>
      <trkpt lat="41.726492978632" lon="24.384313020855"></trkpt>
      <trkpt lat="41.726335985586" lon="24.384750975296"></trkpt>
      <trkpt lat="41.726264990866" lon="24.385321028531"></trkpt>
      <trkpt lat="41.726355012506" lon="24.385853027925"></trkpt>
      <trkpt lat="41.726526003331" lon="24.386269021779"></trkpt>
      <trkpt lat="41.726747034118" lon="24.386788029224"></trkpt>
      <trkpt lat="41.726776035503" lon="24.387265965343"></trkpt>
      <trkpt lat="41.726838983595" lon="24.387678019702"></trkpt>
      <trkpt lat="41.726806964725" lon="24.387880023569"></trkpt>
      <trkpt lat="41.726660029963" lon="24.388213958591"></trkpt>
      <trkpt lat="41.726547041908" lon="24.388343961909"></trkpt>
      <trkpt lat="41.726426007226" lon="24.388367012143"></trkpt>
      <trkpt lat="41.725827958435" lon="24.388215970248"></trkpt>
      <trkpt lat="41.725634001195" lon="24.388047996908"></trkpt>
      <trkpt lat="41.725382041186" lon="24.387949006632"></trkpt>
      <trkpt lat="41.725207027048" lon="24.387965016067"></trkpt>
      <trkpt lat="41.725133014843" lon="24.387970967218"></trkpt>
      <trkpt lat="41.725036958233" lon="24.387986976653"></trkpt>
      <trkpt lat="41.724998988211" lon="24.387993011624"></trkpt>
      <trkpt lat="41.724966969341" lon="24.388022013009"></trkpt>
      <trkpt lat="41.724921958521" lon="24.388115974143"></trkpt>
      <trkpt lat="41.724893040955" lon="24.388413028792"></trkpt>
      <trkpt lat="41.724873008206" lon="24.388919966295"></trkpt>
      <trkpt lat="41.724895974621" lon="24.389032032341"></trkpt>
      <trkpt lat="41.725150030106" lon="24.38928399235"></trkpt>
      <trkpt lat="41.725223958492" lon="24.389394968748"></trkpt>
      <trkpt lat="41.725270980969" lon="24.389539975673"></trkpt>
      <trkpt lat="41.725280033424" lon="24.389658998698"></trkpt>
      <trkpt lat="41.725226975977" lon="24.389873994514"></trkpt>
      <trkpt lat="41.725054979324" lon="24.390774965286"></trkpt>
      <trkpt lat="41.725065959617" lon="24.390925001353"></trkpt>
      <trkpt lat="41.725291013718" lon="24.391247034073"></trkpt>
      <trkpt lat="41.725741960108" lon="24.391353987157"></trkpt>
      <trkpt lat="41.72619198449" lon="24.391407966614"></trkpt>
      <trkpt lat="41.726438999176" lon="24.391601001844"></trkpt>
      <trkpt lat="41.726643014699" lon="24.391997968778"></trkpt>
      <trkpt lat="41.726824985817" lon="24.392448998988"></trkpt>
      <trkpt lat="41.727308034897" lon="24.392491998151"></trkpt>
      <trkpt lat="41.727566029876" lon="24.392384039238"></trkpt>
      <trkpt lat="41.727705001831" lon="24.392234003171"></trkpt>
      <trkpt lat="41.727866018191" lon="24.392255963758"></trkpt>
      <trkpt lat="41.728047989309" lon="24.392309021205"></trkpt>
      <trkpt lat="41.728209005669" lon="24.392266022041"></trkpt>
      <trkpt lat="41.728338003159" lon="24.392266022041"></trkpt>
      <trkpt lat="41.728605972603" lon="24.392405999824"></trkpt>
      <trkpt lat="41.728671016172" lon="24.392405999824"></trkpt>
      <trkpt lat="41.7287239898" lon="24.392373980954"></trkpt>
      <trkpt lat="41.728766988963" lon="24.392255963758"></trkpt>
      <trkpt lat="41.728746034205" lon="24.391558002681"></trkpt>
      <trkpt lat="41.728874025866" lon="24.391472004354"></trkpt>
      <trkpt lat="41.729014003649" lon="24.391601001844"></trkpt>
      <trkpt lat="41.729207038879" lon="24.391868971288"></trkpt>
      <trkpt lat="41.729432009161" lon="24.391858996823"></trkpt>
      <trkpt lat="41.729679023847" lon="24.391934014857"></trkpt>
      <trkpt lat="41.730075990781" lon="24.392212964594"></trkpt>
      <trkpt lat="41.730247987434" lon="24.392395019531"></trkpt>
      <trkpt lat="41.730441022664" lon="24.392673969269"></trkpt>
      <trkpt lat="41.730547975749" lon="24.393048975617"></trkpt>
      <trkpt lat="41.730688037351" lon="24.39325299114"></trkpt>
      <trkpt lat="41.730966987088" lon="24.394122026861"></trkpt>
      <trkpt lat="41.731117023155" lon="24.394305003807"></trkpt>
      <trkpt lat="41.731246020645" lon="24.394369041547"></trkpt>
      <trkpt lat="41.731341993436" lon="24.39434800297"></trkpt>
      <trkpt lat="41.731503009796" lon="24.394251024351"></trkpt>
      <trkpt lat="41.731641981751" lon="24.394047008827"></trkpt>
      <trkpt lat="41.731845997274" lon="24.393896972761"></trkpt>
      <trkpt lat="41.731954040006" lon="24.393928991631"></trkpt>
      <trkpt lat="41.73225402832" lon="24.394337022677"></trkpt>
      <trkpt lat="41.732435999438" lon="24.394369041547"></trkpt>
      <trkpt lat="41.732543958351" lon="24.394337022677"></trkpt>
      <trkpt lat="41.732812011614" lon="24.394423021004"></trkpt>
      <trkpt lat="41.733036981896" lon="24.394594011828"></trkpt>
      <trkpt lat="41.733197998255" lon="24.394895005971"></trkpt>
      <trkpt lat="41.733326995745" lon="24.394958959892"></trkpt>
      <trkpt lat="41.733938036487" lon="24.394829962403"></trkpt>
      <trkpt lat="41.734045995399" lon="24.39467003569"></trkpt>
      <trkpt lat="41.73411003314" lon="24.39438002184"></trkpt>
      <trkpt lat="41.734539018944" lon="24.394068969414"></trkpt>
      <trkpt lat="41.734646977857" lon="24.39405798912"></trkpt>
      <trkpt lat="41.734688971192" lon="24.394090007991"></trkpt>
      <trkpt lat="41.734678996727" lon="24.39418698661"></trkpt>
      <trkpt lat="41.734345983714" lon="24.394423021004"></trkpt>
      <trkpt lat="41.73427096568" lon="24.394529974088"></trkpt>
      <trkpt lat="41.734250010923" lon="24.394755028188"></trkpt>
      <trkpt lat="41.734293010086" lon="24.395056022331"></trkpt>
      <trkpt lat="41.73427096568" lon="24.395217038691"></trkpt>
      <trkpt lat="41.733669983223" lon="24.395893039182"></trkpt>
      <trkpt lat="41.733583984897" lon="24.395956993103"></trkpt>
      <trkpt lat="41.733488012105" lon="24.39594601281"></trkpt>
      <trkpt lat="41.733369994909" lon="24.395903013647"></trkpt>
      <trkpt lat="41.733069000766" lon="24.396064030007"></trkpt>
      <trkpt lat="41.732918964699" lon="24.396085990593"></trkpt>
      <trkpt lat="41.732801031321" lon="24.396128989756"></trkpt>
      <trkpt lat="41.732779992744" lon="24.396193027496"></trkpt>
      <trkpt lat="41.732779992744" lon="24.396267961711"></trkpt>
      <trkpt lat="41.732822991908" lon="24.396322024986"></trkpt>
      <trkpt lat="41.733059026301" lon="24.396279025823"></trkpt>
      <trkpt lat="41.733412994072" lon="24.396322024986"></trkpt>
      <trkpt lat="41.733583984897" lon="24.396493015811"></trkpt>
      <trkpt lat="41.73372396268" lon="24.396579014137"></trkpt>
      <trkpt lat="41.733873998746" lon="24.396589994431"></trkpt>
      <trkpt lat="41.734088994563" lon="24.396526040509"></trkpt>
      <trkpt lat="41.734367022291" lon="24.396289000288"></trkpt>
      <trkpt lat="41.734517980367" lon="24.396161008626"></trkpt>
      <trkpt lat="41.734614036977" lon="24.39610702917"></trkpt>
      <trkpt lat="41.734711015597" lon="24.396118009463"></trkpt>
      <trkpt lat="41.734731970355" lon="24.396213982254"></trkpt>
      <trkpt lat="41.734688971192" lon="24.396310960874"></trkpt>
      <trkpt lat="41.734496019781" lon="24.396579014137"></trkpt>
      <trkpt lat="41.734302984551" lon="24.396966006607"></trkpt>
      <trkpt lat="41.734164012596" lon="24.397147977725"></trkpt>
      <trkpt lat="41.733852960169" lon="24.397233976051"></trkpt>
      <trkpt lat="41.733508966863" lon="24.397361967713"></trkpt>
      <trkpt lat="41.733069000766" lon="24.397877035663"></trkpt>
      <trkpt lat="41.733059026301" lon="24.397974014282"></trkpt>
      <trkpt lat="41.733069000766" lon="24.398070992902"></trkpt>
      <trkpt lat="41.733176959679" lon="24.398166965693"></trkpt>
      <trkpt lat="41.733540985733" lon="24.398135030642"></trkpt>
      <trkpt lat="41.733680963516" lon="24.398092031479"></trkpt>
      <trkpt lat="41.734024034813" lon="24.398070992902"></trkpt>
      <trkpt lat="41.734239030629" lon="24.398146010935"></trkpt>
      <trkpt lat="41.734539018944" lon="24.398178029805"></trkpt>
      <trkpt lat="41.734968004748" lon="24.398060012609"></trkpt>
      <trkpt lat="41.735204039142" lon="24.397952975705"></trkpt>
      <trkpt lat="41.735601006076" lon="24.397545028478"></trkpt>
      <trkpt lat="41.735848020762" lon="24.397459030151"></trkpt>
      <trkpt lat="41.736212968826" lon="24.397522984073"></trkpt>
      <trkpt lat="41.736384965479" lon="24.397726999596"></trkpt>
      <trkpt lat="41.736470041797" lon="24.397877035663"></trkpt>
      <trkpt lat="41.736630974337" lon="24.398017013445"></trkpt>
      <trkpt lat="41.736728036776" lon="24.398103011772"></trkpt>
      <trkpt lat="41.736857034266" lon="24.398189010099"></trkpt>
      <trkpt lat="41.73709298484" lon="24.39854297787"></trkpt>
      <trkpt lat="41.737329019234" lon="24.398822011426"></trkpt>
      <trkpt lat="41.737490035594" lon="24.398822011426"></trkpt>
      <trkpt lat="41.73757603392" lon="24.398703994229"></trkpt>
      <trkpt lat="41.737655997276" lon="24.398386990651"></trkpt>
      <trkpt lat="41.73775699921" lon="24.398148022592"></trkpt>
      <trkpt lat="41.737824976444" lon="24.398107035086"></trkpt>
      <trkpt lat="41.737887002528" lon="24.3981040176"></trkpt>
      <trkpt lat="41.737964032218" lon="24.398189010099"></trkpt>
      <trkpt lat="41.738196965307" lon="24.398672981188"></trkpt>
      <trkpt lat="41.738327974454" lon="24.398913960904"></trkpt>
      <trkpt lat="41.738419001922" lon="24.399281004444"></trkpt>
      <trkpt lat="41.738419001922" lon="24.399518966675"></trkpt>
      <trkpt lat="41.738348007202" lon="24.399690963328"></trkpt>
      <trkpt lat="41.738111972809" lon="24.399926997721"></trkpt>
      <trkpt lat="41.737564969808" lon="24.400506019592"></trkpt>
      <trkpt lat="41.737521970645" lon="24.400592017919"></trkpt>
      <trkpt lat="41.737521970645" lon="24.400678016245"></trkpt>
      <trkpt lat="41.737618027255" lon="24.400806007907"></trkpt>
      <trkpt lat="41.737693967298" lon="24.400839032605"></trkpt>
      <trkpt lat="41.737758005038" lon="24.400859987363"></trkpt>
      <trkpt lat="41.737939976156" lon="24.400870967656"></trkpt>
    </trkseg>
  </trk>
</gpx>